{
    "epoch": 3.0,
    "eval_accuracy": 0.6346153616905212,
    "eval_loss": 0.6699377298355103,
    "eval_runtime": 0.259,
    "eval_samples": 104,
    "eval_samples_per_second": 401.58,
    "eval_steps_per_second": 15.445
}