{
    "epoch": 3.0,
    "eval_combined_score": 0.880304547413095,
    "eval_loss": 0.5985807180404663,
    "eval_pearson": 0.8790325478287064,
    "eval_runtime": 3.978,
    "eval_samples": 1500,
    "eval_samples_per_second": 377.073,
    "eval_spearmanr": 0.8815765469974837,
    "eval_steps_per_second": 11.815
}