{
    "epoch": 3.0,
    "eval_accuracy": 0.911080002784729,
    "eval_loss": 0.39153558015823364,
    "eval_runtime": 142.631,
    "eval_samples": 25000,
    "eval_samples_per_second": 175.277,
    "eval_steps_per_second": 5.483
}