{
    "epoch": 3.0,
    "eval_accuracy": 0.7767994063814,
    "eval_combined_score": 0.7518792795900949,
    "eval_f1": 0.7269591527987899,
    "eval_loss": 0.7897861003875732,
    "eval_runtime": 106.9228,
    "eval_samples": 40430,
    "eval_samples_per_second": 378.123,
    "eval_steps_per_second": 11.822
}