{
    "epoch": 3.0,
    "eval_accuracy": 0.515625,
    "eval_loss": 0.6931471824645996,
    "eval_runtime": 1.3637,
    "eval_samples": 384,
    "eval_samples_per_second": 281.581,
    "eval_steps_per_second": 8.799
}