{
    "epoch": 3.0,
    "eval_accuracy": 0.7678571343421936,
    "eval_loss": 0.6975131630897522,
    "eval_runtime": 0.1365,
    "eval_samples": 56,
    "eval_samples_per_second": 410.306,
    "eval_steps_per_second": 14.654
}