{
    "epoch": 3.0,
    "eval_accuracy": 0.6191222667694092,
    "eval_loss": 1.5018045902252197,
    "eval_runtime": 0.7004,
    "eval_samples": 638,
    "eval_samples_per_second": 910.935,
    "eval_steps_per_second": 28.556
}