{
    "epoch": 3.0,
    "eval_accuracy": 0.7696078431372549,
    "eval_combined_score": 0.8029223884675822,
    "eval_f1": 0.8362369337979094,
    "eval_loss": 0.5898176431655884,
    "eval_runtime": 1.0937,
    "eval_samples": 408,
    "eval_samples_per_second": 373.035,
    "eval_steps_per_second": 46.629
}