{
    "epoch": 3.0,
    "eval_accuracy": 0.8139500371011625,
    "eval_combined_score": 0.786715377954559,
    "eval_f1": 0.7594807188079555,
    "eval_loss": 0.6974579691886902,
    "eval_runtime": 100.5699,
    "eval_samples": 40430,
    "eval_samples_per_second": 402.009,
    "eval_steps_per_second": 12.568
}