{
    "epoch": 3.0,
    "eval_accuracy": 0.61957186460495,
    "eval_loss": 0.6555686593055725,
    "eval_runtime": 36.9267,
    "eval_samples": 3270,
    "eval_samples_per_second": 88.554,
    "eval_steps_per_second": 2.789
}