{
    "epoch": 3.0,
    "eval_accuracy": 0.2755427062511444,
    "eval_loss": 1.3842538595199585,
    "eval_runtime": 92.1167,
    "eval_samples": 10042,
    "eval_samples_per_second": 109.014,
    "eval_steps_per_second": 3.409
}