{
    "epoch": 3.0,
    "eval_accuracy": 0.5701850056648254,
    "eval_loss": 0.6887055039405823,
    "eval_runtime": 8.7393,
    "eval_samples": 1838,
    "eval_samples_per_second": 210.314,
    "eval_steps_per_second": 6.637
}