{
    "epoch": 10.0,
    "eval_gen_len": 2.994666666666667,
    "eval_loss": 1.2252498865127563,
    "eval_pearson": 82.7958,
    "eval_runtime": 5.9358,
    "eval_samples": 1500,
    "eval_samples_per_second": 252.703,
    "eval_spearmanr": 82.8807,
    "eval_steps_per_second": 4.043
}