{
    "epoch": 3.0,
    "eval_accuracy": 0.6785714030265808,
    "eval_loss": 0.7825109362602234,
    "eval_runtime": 0.137,
    "eval_samples": 56,
    "eval_samples_per_second": 408.666,
    "eval_steps_per_second": 14.595
}