{
    "epoch": 3.0,
    "eval_accuracy": 0.757556270096463,
    "eval_combined_score": 0.7285605171974376,
    "eval_f1": 0.6995647642984123,
    "eval_loss": 0.6258484125137329,
    "eval_runtime": 98.2551,
    "eval_samples": 40430,
    "eval_samples_per_second": 411.48,
    "eval_steps_per_second": 12.864
}