{
    "epoch": 3.0,
    "eval_accuracy": 0.4397530257701874,
    "eval_loss": 1.2924261093139648,
    "eval_runtime": 90.5968,
    "eval_samples": 10042,
    "eval_samples_per_second": 110.843,
    "eval_steps_per_second": 3.466
}