{
    "epoch": 3.0,
    "eval_accuracy": 0.4988161027431488,
    "eval_loss": 0.693910539150238,
    "eval_runtime": 3.2215,
    "eval_samples": 1267,
    "eval_samples_per_second": 393.289,
    "eval_steps_per_second": 12.416
}