{
    "epoch": 3.0,
    "eval_accuracy": 0.3102967441082001,
    "eval_loss": 1.3861902952194214,
    "eval_runtime": 92.1473,
    "eval_samples": 10042,
    "eval_samples_per_second": 108.978,
    "eval_steps_per_second": 3.408
}