{
    "epoch": 3.0,
    "eval_accuracy": 0.8826687116564417,
    "eval_loss": 0.5708957314491272,
    "eval_runtime": 2.2859,
    "eval_samples": 1304,
    "eval_samples_per_second": 570.46,
    "eval_steps_per_second": 17.936
}