{
    "epoch": 3.0,
    "eval_accuracy": 0.7992085085332674,
    "eval_combined_score": 0.7698408271566592,
    "eval_f1": 0.7404731457800511,
    "eval_loss": 0.7307161688804626,
    "eval_runtime": 111.8118,
    "eval_samples": 40430,
    "eval_samples_per_second": 361.59,
    "eval_steps_per_second": 45.201
}