{
    "epoch": 3.0,
    "eval_accuracy": 0.5523465703971119,
    "eval_loss": 0.8248250484466553,
    "eval_runtime": 1.8204,
    "eval_samples": 277,
    "eval_samples_per_second": 152.167,
    "eval_steps_per_second": 4.944
}