{
    "epoch": 3.0,
    "eval_accuracy": 0.6785714030265808,
    "eval_loss": 0.7775321006774902,
    "eval_runtime": 0.1838,
    "eval_samples": 56,
    "eval_samples_per_second": 304.636,
    "eval_steps_per_second": 10.88
}