{
    "epoch": 3.0,
    "eval_accuracy": 0.8665644171779141,
    "eval_loss": 0.5478274822235107,
    "eval_runtime": 2.1212,
    "eval_samples": 1304,
    "eval_samples_per_second": 614.738,
    "eval_steps_per_second": 19.328
}