{
    "epoch": 3.0,
    "eval_accuracy": 0.6269592642784119,
    "eval_loss": 0.660216212272644,
    "eval_runtime": 0.6802,
    "eval_samples": 638,
    "eval_samples_per_second": 937.917,
    "eval_steps_per_second": 29.402
}