{
    "epoch": 3.0,
    "eval_accuracy": 0.6936274509803921,
    "eval_combined_score": 0.755036926664939,
    "eval_f1": 0.816446402349486,
    "eval_loss": 0.5373465418815613,
    "eval_runtime": 1.1329,
    "eval_samples": 408,
    "eval_samples_per_second": 360.153,
    "eval_steps_per_second": 45.019
}