{
    "epoch": 3.0,
    "eval_accuracy": 0.8047242146920603,
    "eval_combined_score": 0.7750603562415121,
    "eval_f1": 0.7453964977909638,
    "eval_loss": 0.8234935402870178,
    "eval_runtime": 100.0177,
    "eval_samples": 40430,
    "eval_samples_per_second": 404.228,
    "eval_steps_per_second": 12.638
}