{
    "epoch": 3.0,
    "eval_accuracy": 0.5342960288808665,
    "eval_loss": 0.690894603729248,
    "eval_runtime": 1.6772,
    "eval_samples": 277,
    "eval_samples_per_second": 165.157,
    "eval_steps_per_second": 5.366
}