{
    "epoch": 3.0,
    "eval_accuracy": 0.6346153616905212,
    "eval_loss": 0.6745049357414246,
    "eval_runtime": 0.2645,
    "eval_samples": 104,
    "eval_samples_per_second": 393.257,
    "eval_steps_per_second": 15.125
}