{
    "epoch": 3.0,
    "eval_accuracy": 0.7678571343421936,
    "eval_loss": 0.8553367257118225,
    "eval_runtime": 0.1409,
    "eval_samples": 56,
    "eval_samples_per_second": 397.403,
    "eval_steps_per_second": 14.193
}