{
    "epoch": 3.0,
    "eval_combined_score": 0.8753654213932247,
    "eval_loss": 0.6019395589828491,
    "eval_pearson": 0.8764711548183746,
    "eval_runtime": 4.2102,
    "eval_samples": 1500,
    "eval_samples_per_second": 356.274,
    "eval_spearmanr": 0.8742596879680747,
    "eval_steps_per_second": 11.163
}