{
    "epoch": 10.0,
    "eval_gen_len": 2.989333333333333,
    "eval_loss": 1.4867949485778809,
    "eval_pearson": 83.8214,
    "eval_runtime": 3.8648,
    "eval_samples": 1500,
    "eval_samples_per_second": 388.118,
    "eval_spearmanr": 83.5973,
    "eval_steps_per_second": 6.21
}