{
    "epoch": 3.0,
    "eval_accuracy": 0.8161764705882353,
    "eval_combined_score": 0.8433213959158793,
    "eval_f1": 0.8704663212435233,
    "eval_loss": 0.5337792038917542,
    "eval_runtime": 1.0583,
    "eval_samples": 408,
    "eval_samples_per_second": 385.519,
    "eval_steps_per_second": 12.284
}