{
    "epoch": 3.0,
    "eval_accuracy": 0.5899999737739563,
    "eval_loss": 0.6931098699569702,
    "eval_runtime": 0.1279,
    "eval_samples": 100,
    "eval_samples_per_second": 781.95,
    "eval_steps_per_second": 31.278
}