{
    "epoch": 3.0,
    "eval_accuracy": 0.6346153616905212,
    "eval_loss": 0.6714990139007568,
    "eval_runtime": 0.2593,
    "eval_samples": 104,
    "eval_samples_per_second": 401.043,
    "eval_steps_per_second": 15.425
}