{
    "epoch": 3.0,
    "eval_accuracy": 0.5338541865348816,
    "eval_loss": 0.6930994987487793,
    "eval_runtime": 1.241,
    "eval_samples": 384,
    "eval_samples_per_second": 309.417,
    "eval_steps_per_second": 9.669
}