{
    "epoch": 15.0,
    "eval_gen_len": 2.990666666666667,
    "eval_loss": 1.2973142862319946,
    "eval_pearson": 82.1348,
    "eval_runtime": 3.0219,
    "eval_samples": 1500,
    "eval_samples_per_second": 496.371,
    "eval_spearmanr": 81.4863,
    "eval_steps_per_second": 7.942
}