{
    "epoch": 3.0,
    "eval_accuracy": 0.5516866445541382,
    "eval_loss": 0.6918731331825256,
    "eval_runtime": 7.9024,
    "eval_samples": 1838,
    "eval_samples_per_second": 232.587,
    "eval_steps_per_second": 7.34
}