{
    "epoch": 3.0,
    "eval_accuracy": 0.3382442592968909,
    "eval_loss": 1.0984079837799072,
    "eval_runtime": 24.386,
    "eval_samples": 9842,
    "eval_samples_per_second": 403.593,
    "eval_steps_per_second": 12.63
}