{
    "epoch": 3.0,
    "eval_accuracy": 0.6525993943214417,
    "eval_loss": 0.7197666764259338,
    "eval_runtime": 26.3008,
    "eval_samples": 3270,
    "eval_samples_per_second": 124.331,
    "eval_steps_per_second": 3.916
}