{
    "epoch": 3.0,
    "eval_accuracy": 0.5576713681221008,
    "eval_loss": 0.690326452255249,
    "eval_runtime": 7.7851,
    "eval_samples": 1838,
    "eval_samples_per_second": 236.091,
    "eval_steps_per_second": 7.45
}