{
    "epoch": 3.0,
    "eval_accuracy": 0.5740072202166066,
    "eval_loss": 0.6958908438682556,
    "eval_runtime": 1.783,
    "eval_samples": 277,
    "eval_samples_per_second": 155.359,
    "eval_steps_per_second": 5.048
}