{
    "epoch": 3.0,
    "eval_combined_score": 0.8806373812500596,
    "eval_loss": 0.5482099652290344,
    "eval_pearson": 0.880558529156786,
    "eval_runtime": 3.9058,
    "eval_samples": 1500,
    "eval_samples_per_second": 384.046,
    "eval_spearmanr": 0.8807162333433334,
    "eval_steps_per_second": 12.033
}