{
    "epoch": 3.0,
    "eval_accuracy": 0.5295974612236023,
    "eval_loss": 0.6914706230163574,
    "eval_runtime": 1.7351,
    "eval_samples": 1267,
    "eval_samples_per_second": 730.237,
    "eval_steps_per_second": 23.054
}