{
    "epoch": 3.0,
    "eval_accuracy": 0.5418933629989624,
    "eval_loss": 0.6923601031303406,
    "eval_runtime": 7.7522,
    "eval_samples": 1838,
    "eval_samples_per_second": 237.095,
    "eval_steps_per_second": 7.482
}