{
    "epoch": 3.0,
    "eval_accuracy": 0.4107142984867096,
    "eval_loss": 0.9440314173698425,
    "eval_runtime": 0.1387,
    "eval_samples": 56,
    "eval_samples_per_second": 403.84,
    "eval_steps_per_second": 14.423
}