{
    "epoch": 3.0,
    "eval_accuracy": 0.9086582463847702,
    "eval_loss": 0.5402593016624451,
    "eval_runtime": 14.6237,
    "eval_samples": 5463,
    "eval_samples_per_second": 373.57,
    "eval_steps_per_second": 46.705
}