{
    "epoch": 3.0,
    "eval_accuracy": 0.8348968105065666,
    "eval_loss": 0.8014122843742371,
    "eval_runtime": 1.7529,
    "eval_samples": 1066,
    "eval_samples_per_second": 608.12,
    "eval_steps_per_second": 19.396
}