{
    "epoch": 3.0,
    "eval_accuracy": 0.6379310488700867,
    "eval_loss": 1.3427894115447998,
    "eval_runtime": 0.6945,
    "eval_samples": 638,
    "eval_samples_per_second": 918.598,
    "eval_steps_per_second": 28.796
}