{
    "epoch": 3.0,
    "eval_accuracy": 0.6785714030265808,
    "eval_loss": 0.7922468185424805,
    "eval_runtime": 0.1364,
    "eval_samples": 56,
    "eval_samples_per_second": 410.63,
    "eval_steps_per_second": 14.665
}