{
    "epoch": 3.0,
    "eval_combined_score": 0.8753590547248292,
    "eval_loss": 0.5806936025619507,
    "eval_pearson": 0.8740803397713838,
    "eval_runtime": 3.6587,
    "eval_samples": 1500,
    "eval_samples_per_second": 409.986,
    "eval_spearmanr": 0.8766377696782747,
    "eval_steps_per_second": 12.846
}