{
    "epoch": 3.0,
    "eval_accuracy": 0.6588541865348816,
    "eval_loss": 0.6607136130332947,
    "eval_runtime": 1.2339,
    "eval_samples": 384,
    "eval_samples_per_second": 311.212,
    "eval_steps_per_second": 9.725
}