{
    "epoch": 3.0,
    "eval_accuracy": 0.5286458134651184,
    "eval_loss": 0.6929258704185486,
    "eval_runtime": 1.244,
    "eval_samples": 384,
    "eval_samples_per_second": 308.68,
    "eval_steps_per_second": 9.646
}