{
    "epoch": 3.0,
    "eval_accuracy": 0.5538628697395325,
    "eval_loss": 0.6909779906272888,
    "eval_runtime": 8.569,
    "eval_samples": 1838,
    "eval_samples_per_second": 214.494,
    "eval_steps_per_second": 6.769
}