{
    "epoch": 3.0,
    "eval_accuracy": 0.6318327974276527,
    "eval_combined_score": 0.3159163987138264,
    "eval_f1": 0.0,
    "eval_loss": 0.6593595743179321,
    "eval_runtime": 99.66,
    "eval_samples": 40430,
    "eval_samples_per_second": 405.679,
    "eval_steps_per_second": 12.683
}