{
    "epoch": 3.0,
    "eval_accuracy": 0.4416581392288208,
    "eval_loss": 1.1076700687408447,
    "eval_runtime": 5.436,
    "eval_samples": 1954,
    "eval_samples_per_second": 359.454,
    "eval_steps_per_second": 11.405
}