{
    "epoch": 3.0,
    "eval_accuracy": 0.879601226993865,
    "eval_loss": 0.5908740162849426,
    "eval_runtime": 2.1589,
    "eval_samples": 1304,
    "eval_samples_per_second": 604.011,
    "eval_steps_per_second": 18.991
}