{
    "epoch": 3.0,
    "eval_accuracy": 0.8602941176470589,
    "eval_combined_score": 0.8804088389282414,
    "eval_f1": 0.900523560209424,
    "eval_loss": 0.6997547745704651,
    "eval_runtime": 1.1751,
    "eval_samples": 408,
    "eval_samples_per_second": 347.207,
    "eval_steps_per_second": 43.401
}