{
    "epoch": 3.0,
    "eval_accuracy": 0.7978339350180506,
    "eval_loss": 1.0831199884414673,
    "eval_runtime": 1.6763,
    "eval_samples": 277,
    "eval_samples_per_second": 165.246,
    "eval_steps_per_second": 5.369
}