{
    "epoch": 3.0,
    "eval_accuracy": 0.7291666865348816,
    "eval_loss": 0.5135114789009094,
    "eval_runtime": 1.2667,
    "eval_samples": 384,
    "eval_samples_per_second": 303.142,
    "eval_steps_per_second": 9.473
}