{
    "epoch": 3.0,
    "eval_accuracy": 0.3180641233921051,
    "eval_loss": 1.3689677715301514,
    "eval_runtime": 89.7126,
    "eval_samples": 10042,
    "eval_samples_per_second": 111.935,
    "eval_steps_per_second": 3.5
}