{
    "epoch": 3.0,
    "eval_accuracy": 0.8480392156862745,
    "eval_combined_score": 0.8709374160623153,
    "eval_f1": 0.8938356164383561,
    "eval_loss": 0.6218523383140564,
    "eval_runtime": 1.0779,
    "eval_samples": 408,
    "eval_samples_per_second": 378.516,
    "eval_steps_per_second": 12.061
}