{
    "epoch": 3.0,
    "eval_accuracy": 0.7867647058823529,
    "eval_combined_score": 0.8190233785822021,
    "eval_f1": 0.8512820512820513,
    "eval_loss": 0.5814701318740845,
    "eval_runtime": 1.1117,
    "eval_samples": 408,
    "eval_samples_per_second": 366.994,
    "eval_steps_per_second": 45.874
}