{
    "epoch": 3.0,
    "eval_accuracy": 0.8367729831144465,
    "eval_loss": 0.7223658561706543,
    "eval_runtime": 3.1766,
    "eval_samples": 1066,
    "eval_samples_per_second": 335.58,
    "eval_steps_per_second": 10.703
}