{
    "epoch": 3.0,
    "eval_accuracy": 0.8037101162503092,
    "eval_combined_score": 0.7715516297789048,
    "eval_f1": 0.7393931433075004,
    "eval_loss": 0.5498685240745544,
    "eval_runtime": 99.9621,
    "eval_samples": 40430,
    "eval_samples_per_second": 404.453,
    "eval_steps_per_second": 12.645
}