{
    "epoch": 15.0,
    "eval_gen_len": 2.9966666666666666,
    "eval_loss": 1.3613413572311401,
    "eval_pearson": 84.2775,
    "eval_runtime": 3.3079,
    "eval_samples": 1500,
    "eval_samples_per_second": 453.453,
    "eval_spearmanr": 84.0258,
    "eval_steps_per_second": 7.255
}