{
    "epoch": 3.0,
    "eval_accuracy": 0.6346153616905212,
    "eval_loss": 0.67880779504776,
    "eval_runtime": 0.2646,
    "eval_samples": 104,
    "eval_samples_per_second": 393.073,
    "eval_steps_per_second": 15.118
}