{
    "epoch": 3.0,
    "eval_accuracy": 0.8611632270168855,
    "eval_loss": 0.663183867931366,
    "eval_runtime": 1.7639,
    "eval_samples": 1066,
    "eval_samples_per_second": 604.336,
    "eval_steps_per_second": 19.275
}