{
    "epoch": 3.0,
    "eval_accuracy": 0.8113034875092753,
    "eval_combined_score": 0.7869493942914355,
    "eval_f1": 0.7625953010735957,
    "eval_loss": 0.6962794661521912,
    "eval_runtime": 109.8005,
    "eval_samples": 40430,
    "eval_samples_per_second": 368.213,
    "eval_steps_per_second": 11.512
}