{
    "epoch": 3.0,
    "eval_accuracy": 0.9070107999267801,
    "eval_loss": 0.5294594168663025,
    "eval_runtime": 14.9482,
    "eval_samples": 5463,
    "eval_samples_per_second": 365.462,
    "eval_steps_per_second": 45.691
}