{
    "epoch": 3.0,
    "eval_accuracy": 0.6425992779783394,
    "eval_loss": 0.8009229302406311,
    "eval_runtime": 2.5793,
    "eval_samples": 277,
    "eval_samples_per_second": 107.394,
    "eval_steps_per_second": 3.489
}