{
    "epoch": 3.0,
    "eval_accuracy": 0.8771106941838649,
    "eval_loss": 0.4918455183506012,
    "eval_runtime": 2.0965,
    "eval_samples": 1066,
    "eval_samples_per_second": 508.464,
    "eval_steps_per_second": 16.217
}