{
    "epoch": 3.0,
    "eval_accuracy": 0.4054969251155853,
    "eval_loss": 1.2930402755737305,
    "eval_runtime": 91.5605,
    "eval_samples": 10042,
    "eval_samples_per_second": 109.676,
    "eval_steps_per_second": 3.429
}