{
    "epoch": 3.0,
    "eval_accuracy": 0.6106941838649156,
    "eval_loss": 0.6818822622299194,
    "eval_runtime": 1.7385,
    "eval_samples": 1066,
    "eval_samples_per_second": 613.183,
    "eval_steps_per_second": 19.557
}