{
    "epoch": 10.0,
    "eval_gen_len": 2.9873333333333334,
    "eval_loss": 1.3427879810333252,
    "eval_pearson": 83.9491,
    "eval_runtime": 5.9053,
    "eval_samples": 1500,
    "eval_samples_per_second": 254.011,
    "eval_spearmanr": 83.864,
    "eval_steps_per_second": 4.064
}