{
    "epoch": 3.0,
    "eval_accuracy": 0.5535714030265808,
    "eval_loss": 0.9321804642677307,
    "eval_runtime": 0.1405,
    "eval_samples": 56,
    "eval_samples_per_second": 398.711,
    "eval_steps_per_second": 14.24
}