{
    "epoch": 3.0,
    "eval_accuracy": 0.6153846383094788,
    "eval_loss": 0.6843507289886475,
    "eval_runtime": 0.2627,
    "eval_samples": 104,
    "eval_samples_per_second": 395.916,
    "eval_steps_per_second": 15.228
}