{
    "epoch": 3.0,
    "eval_accuracy": 0.852760736196319,
    "eval_loss": 0.5939635038375854,
    "eval_runtime": 2.1602,
    "eval_samples": 1304,
    "eval_samples_per_second": 603.652,
    "eval_steps_per_second": 18.98
}