{
    "epoch": 3.0,
    "eval_combined_score": 0.886492233919417,
    "eval_loss": 0.5318915247917175,
    "eval_pearson": 0.8854702298101679,
    "eval_runtime": 4.0565,
    "eval_samples": 1500,
    "eval_samples_per_second": 369.776,
    "eval_spearmanr": 0.8875142380286662,
    "eval_steps_per_second": 11.586
}