{
    "epoch": 3.0,
    "eval_combined_score": 0.882217095955045,
    "eval_loss": 0.609106183052063,
    "eval_pearson": 0.8826479774022564,
    "eval_runtime": 3.7192,
    "eval_samples": 1500,
    "eval_samples_per_second": 403.316,
    "eval_spearmanr": 0.8817862145078338,
    "eval_steps_per_second": 12.637
}