{
    "epoch": 3.0,
    "eval_accuracy": 0.7265625,
    "eval_loss": 0.5206828713417053,
    "eval_runtime": 1.2643,
    "eval_samples": 384,
    "eval_samples_per_second": 303.716,
    "eval_steps_per_second": 9.491
}