{
    "epoch": 3.0,
    "eval_accuracy": 0.5260416865348816,
    "eval_loss": 0.6927873492240906,
    "eval_runtime": 1.3527,
    "eval_samples": 384,
    "eval_samples_per_second": 283.87,
    "eval_steps_per_second": 8.871
}