{
    "epoch": 3.0,
    "eval_accuracy": 0.784763789265397,
    "eval_combined_score": 0.7582904252046906,
    "eval_f1": 0.7318170611439841,
    "eval_loss": 0.753354549407959,
    "eval_runtime": 100.4301,
    "eval_samples": 40430,
    "eval_samples_per_second": 402.568,
    "eval_steps_per_second": 12.586
}