{
    "epoch": 3.0,
    "eval_accuracy": 0.5026041865348816,
    "eval_loss": 0.6931474208831787,
    "eval_runtime": 1.3946,
    "eval_samples": 384,
    "eval_samples_per_second": 275.351,
    "eval_steps_per_second": 8.605
}