{
    "epoch": 3.0,
    "eval_accuracy": 0.5600000023841858,
    "eval_loss": 0.6883456707000732,
    "eval_runtime": 0.128,
    "eval_samples": 100,
    "eval_samples_per_second": 781.067,
    "eval_steps_per_second": 31.243
}