{
    "epoch": 3.0,
    "eval_accuracy": 0.38159728050231934,
    "eval_loss": 1.3820536136627197,
    "eval_runtime": 91.7603,
    "eval_samples": 10042,
    "eval_samples_per_second": 109.437,
    "eval_steps_per_second": 3.422
}