{
    "epoch": 15.0,
    "eval_gen_len": 2.994666666666667,
    "eval_loss": 1.2964377403259277,
    "eval_pearson": 80.9401,
    "eval_runtime": 2.6917,
    "eval_samples": 1500,
    "eval_samples_per_second": 557.27,
    "eval_spearmanr": 80.351,
    "eval_steps_per_second": 8.916
}