{
    "epoch": 3.0,
    "eval_accuracy": 0.5208333134651184,
    "eval_loss": 0.6931455135345459,
    "eval_runtime": 1.3571,
    "eval_samples": 384,
    "eval_samples_per_second": 282.966,
    "eval_steps_per_second": 8.843
}