{
    "epoch": 3.0,
    "eval_accuracy": 0.8527204502814258,
    "eval_loss": 0.7133199572563171,
    "eval_runtime": 1.8424,
    "eval_samples": 1066,
    "eval_samples_per_second": 578.602,
    "eval_steps_per_second": 18.454
}