{
    "epoch": 3.0,
    "eval_accuracy": 0.45701125264167786,
    "eval_loss": 1.0813227891921997,
    "eval_runtime": 5.4456,
    "eval_samples": 1954,
    "eval_samples_per_second": 358.825,
    "eval_steps_per_second": 11.385
}