{
    "epoch": 3.0,
    "eval_accuracy": 0.6785714030265808,
    "eval_loss": 0.840153157711029,
    "eval_runtime": 0.1462,
    "eval_samples": 56,
    "eval_samples_per_second": 382.948,
    "eval_steps_per_second": 13.677
}