{
    "epoch": 3.0,
    "eval_accuracy": 0.2953594923019409,
    "eval_loss": 1.3831064701080322,
    "eval_runtime": 91.8277,
    "eval_samples": 10042,
    "eval_samples_per_second": 109.357,
    "eval_steps_per_second": 3.419
}