{
    "epoch": 3.0,
    "eval_accuracy": 0.819146988833974,
    "eval_loss": 0.5912908315658569,
    "eval_runtime": 14.4388,
    "eval_samples": 5463,
    "eval_samples_per_second": 378.354,
    "eval_steps_per_second": 11.843
}