{
    "epoch": 3.0,
    "eval_combined_score": 0.879562726451568,
    "eval_loss": 0.5991992354393005,
    "eval_pearson": 0.8784249046239938,
    "eval_runtime": 3.8339,
    "eval_samples": 1500,
    "eval_samples_per_second": 391.249,
    "eval_spearmanr": 0.880700548279142,
    "eval_steps_per_second": 12.259
}