{
    "epoch": 3.0,
    "eval_accuracy": 0.7795201582982934,
    "eval_combined_score": 0.7521898587651723,
    "eval_f1": 0.7248595592320514,
    "eval_loss": 0.5269765257835388,
    "eval_runtime": 101.9438,
    "eval_samples": 40430,
    "eval_samples_per_second": 396.591,
    "eval_steps_per_second": 12.399
}