{
    "epoch": 3.0,
    "eval_accuracy": 0.42169907689094543,
    "eval_loss": 1.090639591217041,
    "eval_runtime": 5.6992,
    "eval_samples": 1954,
    "eval_samples_per_second": 342.858,
    "eval_steps_per_second": 10.879
}