{
    "epoch": 3.0,
    "eval_accuracy": 0.8826687116564417,
    "eval_loss": 0.5019445419311523,
    "eval_runtime": 2.1631,
    "eval_samples": 1304,
    "eval_samples_per_second": 602.829,
    "eval_steps_per_second": 18.954
}