{
    "epoch": 3.0,
    "eval_accuracy": 0.6347962617874146,
    "eval_loss": 1.1326993703842163,
    "eval_runtime": 0.6939,
    "eval_samples": 638,
    "eval_samples_per_second": 919.375,
    "eval_steps_per_second": 28.821
}