{
    "epoch": 3.0,
    "eval_accuracy": 0.800000011920929,
    "eval_loss": 0.5579862594604492,
    "eval_runtime": 0.1292,
    "eval_samples": 100,
    "eval_samples_per_second": 773.747,
    "eval_steps_per_second": 30.95
}