{
    "epoch": 3.0,
    "eval_combined_score": 0.8759130681807958,
    "eval_loss": 0.6309281587600708,
    "eval_pearson": 0.8751336673573608,
    "eval_runtime": 4.4929,
    "eval_samples": 1500,
    "eval_samples_per_second": 333.864,
    "eval_spearmanr": 0.8766924690042309,
    "eval_steps_per_second": 10.461
}