{
    "epoch": 3.0,
    "eval_accuracy": 0.7990196078431373,
    "eval_combined_score": 0.8275799793601653,
    "eval_f1": 0.8561403508771931,
    "eval_loss": 0.5397177338600159,
    "eval_runtime": 1.1297,
    "eval_samples": 408,
    "eval_samples_per_second": 361.172,
    "eval_steps_per_second": 45.147
}