{
    "epoch": 15.0,
    "eval_gen_len": 2.9993333333333334,
    "eval_loss": 1.044763207435608,
    "eval_pearson": 81.2564,
    "eval_runtime": 6.2794,
    "eval_samples": 1500,
    "eval_samples_per_second": 238.877,
    "eval_spearmanr": 81.3513,
    "eval_steps_per_second": 7.485
}