{
    "epoch": 3.0,
    "eval_accuracy": 0.6186544299125671,
    "eval_loss": 0.7362164258956909,
    "eval_runtime": 36.8063,
    "eval_samples": 3270,
    "eval_samples_per_second": 88.844,
    "eval_steps_per_second": 2.798
}