{
    "epoch": 3.0,
    "eval_accuracy": 0.8081622557506802,
    "eval_combined_score": 0.7796825906327662,
    "eval_f1": 0.7512029255148521,
    "eval_loss": 0.7473495006561279,
    "eval_runtime": 99.2268,
    "eval_samples": 40430,
    "eval_samples_per_second": 407.451,
    "eval_steps_per_second": 12.738
}