{
    "epoch": 15.0,
    "eval_gen_len": 2.997333333333333,
    "eval_loss": 1.3101108074188232,
    "eval_pearson": 81.4468,
    "eval_runtime": 2.9512,
    "eval_samples": 1500,
    "eval_samples_per_second": 508.266,
    "eval_spearmanr": 80.9481,
    "eval_steps_per_second": 8.132
}