{
    "epoch": 3.0,
    "eval_accuracy": 0.7970319069997527,
    "eval_combined_score": 0.7721998399600698,
    "eval_f1": 0.7473677729203868,
    "eval_loss": 0.6320068836212158,
    "eval_runtime": 98.5717,
    "eval_samples": 40430,
    "eval_samples_per_second": 410.158,
    "eval_steps_per_second": 12.823
}