{
    "epoch": 3.0,
    "eval_accuracy": 0.5402611494064331,
    "eval_loss": 0.6921755075454712,
    "eval_runtime": 7.6721,
    "eval_samples": 1838,
    "eval_samples_per_second": 239.57,
    "eval_steps_per_second": 7.56
}