{
    "epoch": 15.0,
    "eval_gen_len": 2.998666666666667,
    "eval_loss": 1.2655147314071655,
    "eval_pearson": 78.8257,
    "eval_runtime": 2.4348,
    "eval_samples": 1500,
    "eval_samples_per_second": 616.073,
    "eval_spearmanr": 78.3227,
    "eval_steps_per_second": 9.857
}