{
    "epoch": 15.0,
    "eval_gen_len": 2.998666666666667,
    "eval_loss": 1.2796696424484253,
    "eval_pearson": 76.8644,
    "eval_runtime": 3.2322,
    "eval_samples": 1500,
    "eval_samples_per_second": 464.078,
    "eval_spearmanr": 77.0626,
    "eval_steps_per_second": 7.425
}