{
    "epoch": 3.0,
    "eval_accuracy": 0.7630208134651184,
    "eval_loss": 0.4486987590789795,
    "eval_runtime": 1.2397,
    "eval_samples": 384,
    "eval_samples_per_second": 309.749,
    "eval_steps_per_second": 9.68
}