{
    "epoch": 3.0,
    "eval_accuracy": 0.6346153616905212,
    "eval_loss": 0.674697756767273,
    "eval_runtime": 0.2541,
    "eval_samples": 104,
    "eval_samples_per_second": 409.219,
    "eval_steps_per_second": 15.739
}