{
    "epoch": 3.0,
    "eval_accuracy": 0.6346153616905212,
    "eval_loss": 0.6770884990692139,
    "eval_runtime": 0.258,
    "eval_samples": 104,
    "eval_samples_per_second": 403.16,
    "eval_steps_per_second": 15.506
}