{
    "epoch": 3.0,
    "eval_accuracy": 0.8109097565440234,
    "eval_loss": 0.5023820400238037,
    "eval_runtime": 13.4639,
    "eval_samples": 5463,
    "eval_samples_per_second": 405.752,
    "eval_steps_per_second": 12.701
}