{
    "epoch": 3.0,
    "eval_accuracy": 0.4894472360610962,
    "eval_loss": 1.3513511419296265,
    "eval_runtime": 37.6428,
    "eval_samples": 2985,
    "eval_samples_per_second": 79.298,
    "eval_steps_per_second": 2.497
}