{
    "epoch": 3.0,
    "eval_accuracy": 0.381896048784256,
    "eval_loss": 1.3169384002685547,
    "eval_runtime": 92.2627,
    "eval_samples": 10042,
    "eval_samples_per_second": 108.841,
    "eval_steps_per_second": 3.403
}