{
    "epoch": 3.0,
    "eval_accuracy": 0.3418641686439514,
    "eval_loss": 1.38576078414917,
    "eval_runtime": 92.3032,
    "eval_samples": 10042,
    "eval_samples_per_second": 108.794,
    "eval_steps_per_second": 3.402
}