{
    "epoch": 3.0,
    "eval_accuracy": 0.5469613075256348,
    "eval_loss": 0.7279462218284607,
    "eval_runtime": 3.2658,
    "eval_samples": 1267,
    "eval_samples_per_second": 387.961,
    "eval_steps_per_second": 12.248
}