{
    "epoch": 10.0,
    "eval_gen_len": 2.989333333333333,
    "eval_loss": 1.4671226739883423,
    "eval_pearson": 82.4158,
    "eval_runtime": 5.8405,
    "eval_samples": 1500,
    "eval_samples_per_second": 256.825,
    "eval_spearmanr": 82.0936,
    "eval_steps_per_second": 4.109
}