{
    "epoch": 3.0,
    "eval_accuracy": 0.37359264492988586,
    "eval_loss": 1.0917056798934937,
    "eval_runtime": 5.4029,
    "eval_samples": 1954,
    "eval_samples_per_second": 361.658,
    "eval_steps_per_second": 11.475
}