{
    "epoch": 3.0,
    "eval_accuracy": 0.776313380926231,
    "eval_loss": 0.5351566076278687,
    "eval_runtime": 13.6041,
    "eval_samples": 5463,
    "eval_samples_per_second": 401.569,
    "eval_steps_per_second": 12.57
}