{
    "epoch": 3.0,
    "eval_accuracy": 0.8602251407129456,
    "eval_loss": 0.7408761978149414,
    "eval_runtime": 1.718,
    "eval_samples": 1066,
    "eval_samples_per_second": 620.494,
    "eval_steps_per_second": 19.791
}