{
    "epoch": 3.0,
    "eval_accuracy": 0.8993227164561596,
    "eval_loss": 0.5366769433021545,
    "eval_runtime": 14.3538,
    "eval_samples": 5463,
    "eval_samples_per_second": 380.596,
    "eval_steps_per_second": 47.583
}