{
    "epoch": 3.0,
    "eval_accuracy": 0.39095476269721985,
    "eval_loss": 1.3555967807769775,
    "eval_runtime": 39.8353,
    "eval_samples": 2985,
    "eval_samples_per_second": 74.934,
    "eval_steps_per_second": 2.36
}