{
    "epoch": 3.0,
    "eval_accuracy": 0.778431857531536,
    "eval_combined_score": 0.7504010772192484,
    "eval_f1": 0.7223702969069608,
    "eval_loss": 0.5663893818855286,
    "eval_runtime": 107.0775,
    "eval_samples": 40430,
    "eval_samples_per_second": 377.577,
    "eval_steps_per_second": 47.199
}