{
    "epoch": 3.0,
    "eval_accuracy": 0.4744287133216858,
    "eval_loss": 0.6936814785003662,
    "eval_runtime": 8.6131,
    "eval_samples": 1838,
    "eval_samples_per_second": 213.395,
    "eval_steps_per_second": 6.734
}