{
    "epoch": 3.0,
    "eval_accuracy": 0.7200000286102295,
    "eval_loss": 0.5967292189598083,
    "eval_runtime": 0.1269,
    "eval_samples": 100,
    "eval_samples_per_second": 788.08,
    "eval_steps_per_second": 31.523
}