{
    "epoch": 3.0,
    "eval_accuracy": 0.4663316607475281,
    "eval_loss": 1.2842605113983154,
    "eval_runtime": 36.9075,
    "eval_samples": 2985,
    "eval_samples_per_second": 80.878,
    "eval_steps_per_second": 2.547
}