{
    "epoch": 3.0,
    "eval_accuracy": 0.798243878308187,
    "eval_combined_score": 0.7685054459595378,
    "eval_f1": 0.7387670136108887,
    "eval_loss": 0.7701577544212341,
    "eval_runtime": 99.1971,
    "eval_samples": 40430,
    "eval_samples_per_second": 407.573,
    "eval_steps_per_second": 12.742
}