{
    "epoch": 3.0,
    "eval_accuracy": 0.7599999904632568,
    "eval_loss": 0.5290279984474182,
    "eval_runtime": 0.3193,
    "eval_samples": 100,
    "eval_samples_per_second": 313.148,
    "eval_steps_per_second": 12.526
}