{
    "epoch": 20.0,
    "eval_average_metrics": 75.40766080275169,
    "eval_loss": 1.047522783279419,
    "eval_pearson": 75.9186659662524,
    "eval_runtime": 5.909,
    "eval_samples_per_second": 253.849,
    "eval_spearmanr": 74.89665563925098
}