{
    "epoch": 3.0,
    "eval_accuracy": 0.8414634146341463,
    "eval_loss": 0.6229020357131958,
    "eval_runtime": 1.9354,
    "eval_samples": 1066,
    "eval_samples_per_second": 550.78,
    "eval_steps_per_second": 17.567
}