{
    "epoch": 3.0,
    "eval_accuracy": 0.6217125654220581,
    "eval_loss": 0.6637862324714661,
    "eval_runtime": 25.8724,
    "eval_samples": 3270,
    "eval_samples_per_second": 126.389,
    "eval_steps_per_second": 3.981
}