{
    "epoch": 3.0,
    "eval_accuracy": 0.7957209992579768,
    "eval_combined_score": 0.7669937590173579,
    "eval_f1": 0.7382665187767391,
    "eval_loss": 0.6244446635246277,
    "eval_runtime": 100.4847,
    "eval_samples": 40430,
    "eval_samples_per_second": 402.35,
    "eval_steps_per_second": 12.579
}