{
    "epoch": 3.0,
    "eval_accuracy": 0.8284313725490197,
    "eval_combined_score": 0.8550940646528882,
    "eval_f1": 0.8817567567567567,
    "eval_loss": 0.5574064254760742,
    "eval_runtime": 1.0425,
    "eval_samples": 408,
    "eval_samples_per_second": 391.365,
    "eval_steps_per_second": 12.47
}