{
    "epoch": 3.0,
    "eval_accuracy": 0.6346153616905212,
    "eval_loss": 0.6786963939666748,
    "eval_runtime": 0.2642,
    "eval_samples": 104,
    "eval_samples_per_second": 393.676,
    "eval_steps_per_second": 15.141
}