{
    "epoch": 3.0,
    "eval_accuracy": 0.8455882352941176,
    "eval_combined_score": 0.8696743874615613,
    "eval_f1": 0.893760539629005,
    "eval_loss": 0.562588095664978,
    "eval_runtime": 1.0364,
    "eval_samples": 408,
    "eval_samples_per_second": 393.686,
    "eval_steps_per_second": 12.544
}