{
    "epoch": 3.0,
    "eval_accuracy": 0.7142857313156128,
    "eval_loss": 0.9806086421012878,
    "eval_runtime": 0.1394,
    "eval_samples": 56,
    "eval_samples_per_second": 401.676,
    "eval_steps_per_second": 14.346
}