{
    "epoch": 3.0,
    "eval_accuracy": 0.78125,
    "eval_loss": 0.41484904289245605,
    "eval_runtime": 1.3872,
    "eval_samples": 384,
    "eval_samples_per_second": 276.825,
    "eval_steps_per_second": 8.651
}