{
    "epoch": 3.0,
    "eval_accuracy": 0.5859630107879639,
    "eval_loss": 0.6793501973152161,
    "eval_runtime": 7.929,
    "eval_samples": 1838,
    "eval_samples_per_second": 231.808,
    "eval_steps_per_second": 7.315
}