{
    "epoch": 3.0,
    "eval_accuracy": 0.4401228129863739,
    "eval_loss": 1.115657925605774,
    "eval_runtime": 5.4717,
    "eval_samples": 1954,
    "eval_samples_per_second": 357.108,
    "eval_steps_per_second": 11.331
}