{
    "epoch": 3.0,
    "eval_accuracy": 0.31248754262924194,
    "eval_loss": 1.3766841888427734,
    "eval_runtime": 89.455,
    "eval_samples": 10042,
    "eval_samples_per_second": 112.258,
    "eval_steps_per_second": 3.51
}