{
    "epoch": 20.0,
    "eval_average_metrics": 49.55446826572603,
    "eval_loss": 1.1955699920654297,
    "eval_pearson": 52.39586413010725,
    "eval_runtime": 9.175,
    "eval_samples_per_second": 163.487,
    "eval_spearmanr": 46.7130724013448
}