{
    "epoch": 3.0,
    "eval_accuracy": 0.906441717791411,
    "eval_loss": 0.4637359380722046,
    "eval_runtime": 2.1558,
    "eval_samples": 1304,
    "eval_samples_per_second": 604.887,
    "eval_steps_per_second": 19.019
}