{
    "epoch": 3.0,
    "eval_accuracy": 0.8392857313156128,
    "eval_loss": 0.4135812222957611,
    "eval_runtime": 0.1389,
    "eval_samples": 56,
    "eval_samples_per_second": 403.172,
    "eval_steps_per_second": 14.399
}