{
    "epoch": 3.0,
    "eval_accuracy": 0.5311760306358337,
    "eval_loss": 0.7762271761894226,
    "eval_runtime": 1.8935,
    "eval_samples": 1267,
    "eval_samples_per_second": 669.131,
    "eval_steps_per_second": 21.125
}