{
    "epoch": 3.0,
    "eval_accuracy": 0.8761726078799249,
    "eval_loss": 0.5978507995605469,
    "eval_runtime": 1.7413,
    "eval_samples": 1066,
    "eval_samples_per_second": 612.195,
    "eval_steps_per_second": 19.526
}