{
    "epoch": 3.0,
    "eval_accuracy": 0.8444078345231558,
    "eval_loss": 0.588660717010498,
    "eval_runtime": 15.1607,
    "eval_samples": 5463,
    "eval_samples_per_second": 360.339,
    "eval_steps_per_second": 45.051
}