{
    "epoch": 3.0,
    "eval_accuracy": 0.2568213641643524,
    "eval_loss": 1.3873412609100342,
    "eval_runtime": 40.2195,
    "eval_samples": 10042,
    "eval_samples_per_second": 249.68,
    "eval_steps_per_second": 7.807
}