{
    "epoch": 3.0,
    "eval_accuracy": 0.4390992820262909,
    "eval_loss": 1.075974702835083,
    "eval_runtime": 5.5274,
    "eval_samples": 1954,
    "eval_samples_per_second": 353.514,
    "eval_steps_per_second": 11.217
}