{
    "epoch": 15.0,
    "eval_gen_len": 2.9926666666666666,
    "eval_loss": 1.3520290851593018,
    "eval_pearson": 78.7707,
    "eval_runtime": 3.0418,
    "eval_samples": 1500,
    "eval_samples_per_second": 493.137,
    "eval_spearmanr": 77.8928,
    "eval_steps_per_second": 7.89
}