{
    "epoch": 3.0,
    "eval_combined_score": 0.8819838388255274,
    "eval_loss": 0.6406269669532776,
    "eval_pearson": 0.8797437443812417,
    "eval_runtime": 3.7631,
    "eval_samples": 1500,
    "eval_samples_per_second": 398.609,
    "eval_spearmanr": 0.8842239332698132,
    "eval_steps_per_second": 12.49
}