{
    "epoch": 3.0,
    "eval_accuracy": 0.8255537250594911,
    "eval_loss": 0.6225845217704773,
    "eval_runtime": 13.7189,
    "eval_samples": 5463,
    "eval_samples_per_second": 398.211,
    "eval_steps_per_second": 12.465
}