{
    "epoch": 3.0,
    "eval_accuracy": 0.5799372792243958,
    "eval_loss": 0.8869248032569885,
    "eval_runtime": 0.6876,
    "eval_samples": 638,
    "eval_samples_per_second": 927.907,
    "eval_steps_per_second": 29.088
}