{
    "epoch": 3.0,
    "eval_accuracy": 0.7892406628741034,
    "eval_combined_score": 0.7616583740672673,
    "eval_f1": 0.7340760852604312,
    "eval_loss": 0.8033782839775085,
    "eval_runtime": 107.4801,
    "eval_samples": 40430,
    "eval_samples_per_second": 376.162,
    "eval_steps_per_second": 11.76
}