{
    "epoch": 3.0,
    "eval_accuracy": 0.5270758122743683,
    "eval_loss": 0.69158536195755,
    "eval_runtime": 1.6862,
    "eval_samples": 277,
    "eval_samples_per_second": 164.272,
    "eval_steps_per_second": 5.337
}