{
    "epoch": 3.0,
    "eval_accuracy": 0.8621013133208255,
    "eval_loss": 0.7176229953765869,
    "eval_runtime": 1.7231,
    "eval_samples": 1066,
    "eval_samples_per_second": 618.659,
    "eval_steps_per_second": 19.732
}