{
    "epoch": 3.0,
    "eval_combined_score": 0.8750926404966867,
    "eval_loss": 0.5500496029853821,
    "eval_pearson": 0.8757159114984935,
    "eval_runtime": 3.7159,
    "eval_samples": 1500,
    "eval_samples_per_second": 403.675,
    "eval_spearmanr": 0.8744693694948799,
    "eval_steps_per_second": 12.648
}