{
    "epoch": 3.0,
    "eval_accuracy": 0.7148014440433214,
    "eval_loss": 0.6979462504386902,
    "eval_runtime": 1.6861,
    "eval_samples": 277,
    "eval_samples_per_second": 164.283,
    "eval_steps_per_second": 5.338
}