{
    "epoch": 3.0,
    "eval_accuracy": 0.5400000214576721,
    "eval_loss": 0.6666384339332581,
    "eval_runtime": 0.1267,
    "eval_samples": 100,
    "eval_samples_per_second": 789.302,
    "eval_steps_per_second": 31.572
}