{
    "epoch": 3.0,
    "eval_accuracy": 0.5224940776824951,
    "eval_loss": 0.7134556174278259,
    "eval_runtime": 1.7116,
    "eval_samples": 1267,
    "eval_samples_per_second": 740.249,
    "eval_steps_per_second": 23.37
}