{
    "epoch": 3.0,
    "eval_accuracy": 0.8714821763602252,
    "eval_loss": 0.5544359087944031,
    "eval_runtime": 1.7661,
    "eval_samples": 1066,
    "eval_samples_per_second": 603.592,
    "eval_steps_per_second": 19.252
}