{
    "epoch": 3.0,
    "eval_accuracy": 0.5052083134651184,
    "eval_loss": 0.6932114958763123,
    "eval_runtime": 1.3552,
    "eval_samples": 384,
    "eval_samples_per_second": 283.36,
    "eval_steps_per_second": 8.855
}