{
    "epoch": 3.0,
    "eval_accuracy": 0.5443885922431946,
    "eval_loss": 1.1941736936569214,
    "eval_runtime": 37.0176,
    "eval_samples": 2985,
    "eval_samples_per_second": 80.637,
    "eval_steps_per_second": 2.539
}