{
    "epoch": 3.0,
    "eval_accuracy": 0.9193999767303467,
    "eval_loss": 0.3604165315628052,
    "eval_runtime": 138.4372,
    "eval_samples": 25000,
    "eval_samples_per_second": 180.587,
    "eval_steps_per_second": 5.649
}