{
    "epoch": 3.0,
    "eval_accuracy": 0.9133435582822086,
    "eval_loss": 0.5016889572143555,
    "eval_runtime": 2.3278,
    "eval_samples": 1304,
    "eval_samples_per_second": 560.194,
    "eval_steps_per_second": 17.613
}