{
    "epoch": 3.0,
    "eval_accuracy": 0.8261028738788212,
    "eval_loss": 0.7001744508743286,
    "eval_runtime": 13.6056,
    "eval_samples": 5463,
    "eval_samples_per_second": 401.525,
    "eval_steps_per_second": 12.568
}