{
    "epoch": 3.0,
    "eval_accuracy": 0.8022755379668562,
    "eval_combined_score": 0.77686067178798,
    "eval_f1": 0.7514458056091039,
    "eval_loss": 0.6270044445991516,
    "eval_runtime": 113.0888,
    "eval_samples": 40430,
    "eval_samples_per_second": 357.507,
    "eval_steps_per_second": 44.691
}