{
    "epoch": 3.0,
    "eval_accuracy": 0.7600081284291811,
    "eval_loss": 0.6966025829315186,
    "eval_runtime": 26.4634,
    "eval_samples": 9842,
    "eval_samples_per_second": 371.91,
    "eval_steps_per_second": 11.639
}