{
    "epoch": 3.0,
    "eval_accuracy": 0.49960535764694214,
    "eval_loss": 0.6930686235427856,
    "eval_runtime": 1.9654,
    "eval_samples": 1267,
    "eval_samples_per_second": 644.639,
    "eval_steps_per_second": 20.352
}