{
    "epoch": 3.0,
    "eval_accuracy": 0.8382352941176471,
    "eval_combined_score": 0.8616263578602172,
    "eval_f1": 0.8850174216027874,
    "eval_loss": 0.5284708142280579,
    "eval_runtime": 1.1058,
    "eval_samples": 408,
    "eval_samples_per_second": 368.948,
    "eval_steps_per_second": 11.756
}