{
    "epoch": 3.0,
    "eval_accuracy": 0.6964285969734192,
    "eval_loss": 0.8087290525436401,
    "eval_runtime": 0.1364,
    "eval_samples": 56,
    "eval_samples_per_second": 410.435,
    "eval_steps_per_second": 14.658
}