{"eval_accuracy": 60.709999999999994, "eval_f1": 52.849999999999994}