{
    "epoch": 10.0,
    "eval_gen_len": 2.993333333333333,
    "eval_loss": 1.3457762002944946,
    "eval_pearson": 89.0271,
    "eval_runtime": 5.9421,
    "eval_samples": 1500,
    "eval_samples_per_second": 252.436,
    "eval_spearmanr": 88.7974,
    "eval_steps_per_second": 4.039
}