{
    "epoch": 3.0,
    "eval_accuracy": 0.6217125654220581,
    "eval_loss": 0.663113534450531,
    "eval_runtime": 36.1933,
    "eval_samples": 3270,
    "eval_samples_per_second": 90.348,
    "eval_steps_per_second": 2.846
}