{
    "epoch": 15.0,
    "eval_gen_len": 2.9993333333333334,
    "eval_loss": 1.2030794620513916,
    "eval_pearson": 82.3406,
    "eval_runtime": 6.2537,
    "eval_samples": 1500,
    "eval_samples_per_second": 239.857,
    "eval_spearmanr": 81.835,
    "eval_steps_per_second": 7.516
}