{
    "epoch": 3.0,
    "eval_accuracy": 0.5848375451263538,
    "eval_loss": 0.8110982775688171,
    "eval_runtime": 1.6717,
    "eval_samples": 277,
    "eval_samples_per_second": 165.701,
    "eval_steps_per_second": 5.384
}