{
    "epoch": 3.0,
    "eval_accuracy": 0.8504901960784313,
    "eval_combined_score": 0.8727494009652054,
    "eval_f1": 0.8950086058519794,
    "eval_loss": 0.4095936119556427,
    "eval_runtime": 1.0273,
    "eval_samples": 408,
    "eval_samples_per_second": 397.149,
    "eval_steps_per_second": 12.654
}