{
    "epoch": 3.0,
    "eval_combined_score": 0.8838985607643537,
    "eval_loss": 0.5265977382659912,
    "eval_pearson": 0.883886373528129,
    "eval_runtime": 5.006,
    "eval_samples": 1500,
    "eval_samples_per_second": 299.64,
    "eval_spearmanr": 0.8839107480005783,
    "eval_steps_per_second": 9.389
}