{
    "epoch": 10.0,
    "eval_gen_len": 2.994666666666667,
    "eval_loss": 1.2262309789657593,
    "eval_pearson": 86.0436,
    "eval_runtime": 6.007,
    "eval_samples": 1500,
    "eval_samples_per_second": 249.707,
    "eval_spearmanr": 85.9642,
    "eval_steps_per_second": 3.995
}