{
    "epoch": 3.0,
    "eval_accuracy": 0.5018050541516246,
    "eval_loss": 0.7400282621383667,
    "eval_runtime": 1.7036,
    "eval_samples": 277,
    "eval_samples_per_second": 162.595,
    "eval_steps_per_second": 5.283
}