{
    "epoch": 15.0,
    "eval_gen_len": 2.994666666666667,
    "eval_loss": 1.1924461126327515,
    "eval_pearson": 83.0094,
    "eval_runtime": 2.5234,
    "eval_samples": 1500,
    "eval_samples_per_second": 594.44,
    "eval_spearmanr": 82.5241,
    "eval_steps_per_second": 9.511
}