{
    "epoch": 3.0,
    "eval_combined_score": 0.8845155990011524,
    "eval_loss": 0.5145713090896606,
    "eval_pearson": 0.8847100796121286,
    "eval_runtime": 3.6409,
    "eval_samples": 1500,
    "eval_samples_per_second": 411.991,
    "eval_spearmanr": 0.8843211183901761,
    "eval_steps_per_second": 12.909
}