{
    "epoch": 3.0,
    "eval_accuracy": 0.6681957244873047,
    "eval_loss": 0.7053462862968445,
    "eval_runtime": 26.2959,
    "eval_samples": 3270,
    "eval_samples_per_second": 124.354,
    "eval_steps_per_second": 3.917
}