{
    "epoch": 3.0,
    "eval_accuracy": 0.91696,
    "eval_loss": 0.40673401951789856,
    "eval_runtime": 137.2022,
    "eval_samples": 25000,
    "eval_samples_per_second": 182.213,
    "eval_steps_per_second": 5.7
}