{
    "epoch": 3.0,
    "eval_accuracy": 0.592491865158081,
    "eval_loss": 0.6844273209571838,
    "eval_runtime": 8.5669,
    "eval_samples": 1838,
    "eval_samples_per_second": 214.548,
    "eval_steps_per_second": 6.77
}