{
    "epoch": 3.0,
    "eval_accuracy": 0.8290316675819147,
    "eval_loss": 0.6183823943138123,
    "eval_runtime": 13.3917,
    "eval_samples": 5463,
    "eval_samples_per_second": 407.939,
    "eval_steps_per_second": 12.769
}