{
    "epoch": 3.0,
    "eval_accuracy": 0.5270758122743683,
    "eval_loss": 0.793782114982605,
    "eval_runtime": 1.6676,
    "eval_samples": 277,
    "eval_samples_per_second": 166.107,
    "eval_steps_per_second": 5.397
}