{
    "epoch": 3.0,
    "eval_accuracy": 0.3286933550091445,
    "eval_loss": 1.0988408327102661,
    "eval_runtime": 23.9552,
    "eval_samples": 9842,
    "eval_samples_per_second": 410.85,
    "eval_steps_per_second": 12.857
}