{
    "epoch": 3.0,
    "eval_accuracy": 0.43091094493865967,
    "eval_loss": 1.059440016746521,
    "eval_runtime": 5.3421,
    "eval_samples": 1954,
    "eval_samples_per_second": 365.775,
    "eval_steps_per_second": 11.606
}