{
    "epoch": 3.0,
    "eval_accuracy": 0.6346153616905212,
    "eval_loss": 0.6844877004623413,
    "eval_runtime": 0.268,
    "eval_samples": 104,
    "eval_samples_per_second": 387.989,
    "eval_steps_per_second": 14.923
}