{
    "epoch": 3.0,
    "eval_accuracy": 0.8220757825370676,
    "eval_loss": 0.5905875563621521,
    "eval_runtime": 14.3779,
    "eval_samples": 5463,
    "eval_samples_per_second": 379.957,
    "eval_steps_per_second": 11.893
}