{
    "epoch": 15.0,
    "eval_gen_len": 2.994666666666667,
    "eval_loss": 1.1525646448135376,
    "eval_pearson": 83.3108,
    "eval_runtime": 6.2962,
    "eval_samples": 1500,
    "eval_samples_per_second": 238.238,
    "eval_spearmanr": 82.7556,
    "eval_steps_per_second": 7.465
}