{
    "epoch": 3.0,
    "eval_accuracy": 0.803921568627451,
    "eval_combined_score": 0.834846690353994,
    "eval_f1": 0.8657718120805369,
    "eval_loss": 0.5257644653320312,
    "eval_runtime": 1.0573,
    "eval_samples": 408,
    "eval_samples_per_second": 385.896,
    "eval_steps_per_second": 12.296
}