{
    "epoch": 3.0,
    "eval_accuracy": 0.9217791411042945,
    "eval_loss": 0.4035916030406952,
    "eval_runtime": 2.1134,
    "eval_samples": 1304,
    "eval_samples_per_second": 617.008,
    "eval_steps_per_second": 19.4
}