{
    "epoch": 10.0,
    "eval_gen_len": 2.9966666666666666,
    "eval_loss": 1.5539485216140747,
    "eval_pearson": 82.0053,
    "eval_runtime": 6.103,
    "eval_samples": 1500,
    "eval_samples_per_second": 245.782,
    "eval_spearmanr": 81.6683,
    "eval_steps_per_second": 3.933
}