{
    "epoch": 3.0,
    "eval_accuracy": 0.7526999816950394,
    "eval_loss": 0.5317862629890442,
    "eval_runtime": 13.3326,
    "eval_samples": 5463,
    "eval_samples_per_second": 409.747,
    "eval_steps_per_second": 12.826
}