{
    "epoch": 3.0,
    "eval_accuracy": 0.5520833134651184,
    "eval_loss": 0.69084233045578,
    "eval_runtime": 1.3724,
    "eval_samples": 384,
    "eval_samples_per_second": 279.796,
    "eval_steps_per_second": 8.744
}