{
    "epoch": 3.0,
    "eval_combined_score": 0.8732657368607057,
    "eval_loss": 0.6128953695297241,
    "eval_pearson": 0.8712154985484526,
    "eval_runtime": 3.7987,
    "eval_samples": 1500,
    "eval_samples_per_second": 394.873,
    "eval_spearmanr": 0.875315975172959,
    "eval_steps_per_second": 12.373
}