{
    "epoch": 3.0,
    "eval_accuracy": 0.39048105478286743,
    "eval_loss": 1.0985701084136963,
    "eval_runtime": 5.4944,
    "eval_samples": 1954,
    "eval_samples_per_second": 355.636,
    "eval_steps_per_second": 11.284
}