{
    "epoch": 3.0,
    "eval_accuracy": 0.5003946423530579,
    "eval_loss": 0.6931989789009094,
    "eval_runtime": 2.0674,
    "eval_samples": 1267,
    "eval_samples_per_second": 612.852,
    "eval_steps_per_second": 19.348
}