{
    "epoch": 3.0,
    "eval_accuracy": 0.3416666666666667,
    "eval_loss": 1.1194661855697632,
    "eval_runtime": 3.8589,
    "eval_samples": 1200,
    "eval_samples_per_second": 310.97,
    "eval_steps_per_second": 9.847
}