{
    "epoch": 3.0,
    "eval_accuracy": 0.8290316675819147,
    "eval_loss": 0.43467506766319275,
    "eval_runtime": 13.53,
    "eval_samples": 5463,
    "eval_samples_per_second": 403.771,
    "eval_steps_per_second": 12.639
}