{
    "epoch": 3.0,
    "eval_accuracy": 0.8406862745098039,
    "eval_combined_score": 0.8636241145672929,
    "eval_f1": 0.8865619546247819,
    "eval_loss": 0.6733298301696777,
    "eval_runtime": 1.0266,
    "eval_samples": 408,
    "eval_samples_per_second": 397.44,
    "eval_steps_per_second": 12.664
}