{
    "epoch": 10.0,
    "eval_gen_len": 2.998666666666667,
    "eval_loss": 1.3226162195205688,
    "eval_pearson": 79.448,
    "eval_runtime": 8.4073,
    "eval_samples": 1500,
    "eval_samples_per_second": 178.417,
    "eval_spearmanr": 79.4681,
    "eval_steps_per_second": 2.855
}