{
    "epoch": 3.0,
    "eval_accuracy": 0.7013818329607804,
    "eval_loss": 0.7347432971000671,
    "eval_runtime": 24.2704,
    "eval_samples": 9842,
    "eval_samples_per_second": 405.514,
    "eval_steps_per_second": 12.69
}