{
    "epoch": 3.0,
    "eval_accuracy": 0.5234375,
    "eval_loss": 0.6929951310157776,
    "eval_runtime": 1.2474,
    "eval_samples": 384,
    "eval_samples_per_second": 307.836,
    "eval_steps_per_second": 9.62
}