{
    "epoch": 3.0,
    "eval_accuracy": 0.5177584886550903,
    "eval_loss": 0.7022566795349121,
    "eval_runtime": 3.2572,
    "eval_samples": 1267,
    "eval_samples_per_second": 388.99,
    "eval_steps_per_second": 12.281
}