{
    "epoch": 15.0,
    "eval_gen_len": 2.9966666666666666,
    "eval_loss": 1.1377898454666138,
    "eval_pearson": 85.4829,
    "eval_runtime": 6.058,
    "eval_samples": 1500,
    "eval_samples_per_second": 247.606,
    "eval_spearmanr": 85.1915,
    "eval_steps_per_second": 7.758
}