{
    "epoch": 3.0,
    "eval_combined_score": 0.8915494374591786,
    "eval_loss": 0.4770074188709259,
    "eval_pearson": 0.8925413091693872,
    "eval_runtime": 3.92,
    "eval_samples": 1500,
    "eval_samples_per_second": 382.654,
    "eval_spearmanr": 0.8905575657489698,
    "eval_steps_per_second": 11.99
}