{
    "epoch": 3.0,
    "eval_accuracy": 0.6346153616905212,
    "eval_loss": 0.677165687084198,
    "eval_runtime": 0.272,
    "eval_samples": 104,
    "eval_samples_per_second": 382.394,
    "eval_steps_per_second": 14.707
}