{
    "epoch": 3.0,
    "eval_accuracy": 0.6346153616905212,
    "eval_loss": 0.6751399636268616,
    "eval_runtime": 5.3316,
    "eval_samples": 104,
    "eval_samples_per_second": 19.506,
    "eval_steps_per_second": 0.75
}