{
    "epoch": 3.0,
    "eval_accuracy": 0.34833333333333333,
    "eval_loss": 1.1694574356079102,
    "eval_runtime": 4.0004,
    "eval_samples": 1200,
    "eval_samples_per_second": 299.968,
    "eval_steps_per_second": 9.499
}