{
    "epoch": 3.0,
    "eval_accuracy": 0.6245487364620939,
    "eval_loss": 0.6655066609382629,
    "eval_runtime": 1.7677,
    "eval_samples": 277,
    "eval_samples_per_second": 156.704,
    "eval_steps_per_second": 5.091
}