{
    "epoch": 3.0,
    "eval_accuracy": 0.8081640124473732,
    "eval_loss": 0.6360759139060974,
    "eval_runtime": 15.1441,
    "eval_samples": 5463,
    "eval_samples_per_second": 360.735,
    "eval_steps_per_second": 45.1
}