{
    "epoch": 3.0,
    "eval_accuracy": 0.6389891696750902,
    "eval_loss": 0.7417336106300354,
    "eval_runtime": 1.6738,
    "eval_samples": 277,
    "eval_samples_per_second": 165.495,
    "eval_steps_per_second": 5.377
}