{
    "epoch": 3.0,
    "eval_accuracy": 0.5930359363555908,
    "eval_loss": 0.6877338886260986,
    "eval_runtime": 8.3082,
    "eval_samples": 1838,
    "eval_samples_per_second": 221.227,
    "eval_steps_per_second": 6.981
}