{
    "epoch": 3.0,
    "eval_accuracy": 0.8995398773006135,
    "eval_loss": 0.49207741022109985,
    "eval_runtime": 2.1361,
    "eval_samples": 1304,
    "eval_samples_per_second": 610.461,
    "eval_steps_per_second": 19.194
}