{
    "epoch": 3.0,
    "eval_accuracy": 0.4360286593437195,
    "eval_loss": 1.086117148399353,
    "eval_runtime": 5.4439,
    "eval_samples": 1954,
    "eval_samples_per_second": 358.932,
    "eval_steps_per_second": 11.389
}