{
    "epoch": 3.0,
    "eval_accuracy": 0.5532915592193604,
    "eval_loss": 0.7662166953086853,
    "eval_runtime": 0.6721,
    "eval_samples": 638,
    "eval_samples_per_second": 949.208,
    "eval_steps_per_second": 29.756
}