{
    "epoch": 3.0,
    "eval_accuracy": 0.7142857313156128,
    "eval_loss": 0.8257899880409241,
    "eval_runtime": 0.1377,
    "eval_samples": 56,
    "eval_samples_per_second": 406.765,
    "eval_steps_per_second": 14.527
}