{
    "epoch": 3.0,
    "eval_accuracy": 0.6346153616905212,
    "eval_loss": 0.67410808801651,
    "eval_runtime": 0.2712,
    "eval_samples": 104,
    "eval_samples_per_second": 383.432,
    "eval_steps_per_second": 14.747
}