{
    "epoch": 3.0,
    "eval_accuracy": 0.8176825919824272,
    "eval_loss": 0.5610458850860596,
    "eval_runtime": 13.7766,
    "eval_samples": 5463,
    "eval_samples_per_second": 396.541,
    "eval_steps_per_second": 12.412
}