{
    "epoch": 3.0,
    "eval_accuracy": 0.5899999737739563,
    "eval_loss": 0.6926795840263367,
    "eval_runtime": 0.1323,
    "eval_samples": 100,
    "eval_samples_per_second": 755.773,
    "eval_steps_per_second": 30.231
}