{
    "epoch": 3.0,
    "eval_accuracy": 0.5815047025680542,
    "eval_loss": 0.7460140585899353,
    "eval_runtime": 0.7027,
    "eval_samples": 638,
    "eval_samples_per_second": 907.973,
    "eval_steps_per_second": 28.463
}