{
    "epoch": 3.0,
    "eval_combined_score": 0.873984896499058,
    "eval_loss": 0.5617792010307312,
    "eval_pearson": 0.8740984949774435,
    "eval_runtime": 4.2865,
    "eval_samples": 1500,
    "eval_samples_per_second": 349.933,
    "eval_spearmanr": 0.8738712980206724,
    "eval_steps_per_second": 10.965
}