{
    "epoch": 3.0,
    "eval_accuracy": 0.5400000214576721,
    "eval_loss": 0.6845738887786865,
    "eval_runtime": 0.1254,
    "eval_samples": 100,
    "eval_samples_per_second": 797.354,
    "eval_steps_per_second": 31.894
}