{
    "epoch": 3.0,
    "eval_accuracy": 0.5182291865348816,
    "eval_loss": 0.6906984448432922,
    "eval_runtime": 1.3939,
    "eval_samples": 384,
    "eval_samples_per_second": 275.478,
    "eval_steps_per_second": 8.609
}