{
    "epoch": 3.0,
    "eval_accuracy": 0.7557506801879792,
    "eval_combined_score": 0.7287467043756048,
    "eval_f1": 0.7017427285632305,
    "eval_loss": 0.8529098033905029,
    "eval_runtime": 100.8982,
    "eval_samples": 40430,
    "eval_samples_per_second": 400.701,
    "eval_steps_per_second": 12.527
}