{
    "epoch": 15.0,
    "eval_gen_len": 2.998666666666667,
    "eval_loss": 1.0467942953109741,
    "eval_pearson": 85.3031,
    "eval_runtime": 5.7628,
    "eval_samples": 1500,
    "eval_samples_per_second": 260.289,
    "eval_spearmanr": 84.902,
    "eval_steps_per_second": 8.156
}