{
    "epoch": 3.0,
    "eval_accuracy": 0.5003946423530579,
    "eval_loss": 0.6933705806732178,
    "eval_runtime": 3.089,
    "eval_samples": 1267,
    "eval_samples_per_second": 410.171,
    "eval_steps_per_second": 12.949
}