{
    "epoch": 10.0,
    "eval_gen_len": 2.9926666666666666,
    "eval_loss": 1.2706600427627563,
    "eval_pearson": 86.3645,
    "eval_runtime": 4.5527,
    "eval_samples": 1500,
    "eval_samples_per_second": 329.476,
    "eval_spearmanr": 86.3206,
    "eval_steps_per_second": 5.272
}