{
    "epoch": 20.0,
    "eval_average_metrics": 67.06330949372813,
    "eval_loss": 1.116799235343933,
    "eval_pearson": 67.94258800584512,
    "eval_runtime": 10.3735,
    "eval_samples_per_second": 144.599,
    "eval_spearmanr": 66.18403098161113
}