{
    "epoch": 3.0,
    "eval_accuracy": 0.592476487159729,
    "eval_loss": 1.0536844730377197,
    "eval_runtime": 0.6914,
    "eval_samples": 638,
    "eval_samples_per_second": 922.776,
    "eval_steps_per_second": 28.927
}