{
    "epoch": 3.0,
    "eval_accuracy": 0.41842547059059143,
    "eval_loss": 1.3147557973861694,
    "eval_runtime": 39.6141,
    "eval_samples": 2985,
    "eval_samples_per_second": 75.352,
    "eval_steps_per_second": 2.373
}