{
    "epoch": 3.0,
    "eval_accuracy": 0.4406346082687378,
    "eval_loss": 1.0636956691741943,
    "eval_runtime": 5.4854,
    "eval_samples": 1954,
    "eval_samples_per_second": 356.217,
    "eval_steps_per_second": 11.303
}