{
    "epoch": 3.0,
    "eval_accuracy": 0.8161764705882353,
    "eval_combined_score": 0.843544345449023,
    "eval_f1": 0.8709122203098106,
    "eval_loss": 0.5824784636497498,
    "eval_runtime": 1.1914,
    "eval_samples": 408,
    "eval_samples_per_second": 342.467,
    "eval_steps_per_second": 10.912
}