{
    "epoch": 3.0,
    "eval_accuracy": 0.5544069409370422,
    "eval_loss": 0.6910404562950134,
    "eval_runtime": 9.2991,
    "eval_samples": 1838,
    "eval_samples_per_second": 197.653,
    "eval_steps_per_second": 6.237
}