{
    "epoch": 3.0,
    "eval_accuracy": 0.5098658204078674,
    "eval_loss": 0.693071186542511,
    "eval_runtime": 1.9425,
    "eval_samples": 1267,
    "eval_samples_per_second": 652.24,
    "eval_steps_per_second": 20.592
}