{
    "epoch": 3.0,
    "eval_accuracy": 0.91296,
    "eval_loss": 0.4002250134944916,
    "eval_runtime": 142.8215,
    "eval_samples": 25000,
    "eval_samples_per_second": 175.044,
    "eval_steps_per_second": 5.475
}