{
    "epoch": 3.0,
    "eval_accuracy": 0.7857142686843872,
    "eval_loss": 0.7473384737968445,
    "eval_runtime": 0.1383,
    "eval_samples": 56,
    "eval_samples_per_second": 404.805,
    "eval_steps_per_second": 14.457
}