{
    "epoch": 3.0,
    "eval_accuracy": 0.48055270314216614,
    "eval_loss": 1.071905255317688,
    "eval_runtime": 5.4951,
    "eval_samples": 1954,
    "eval_samples_per_second": 355.593,
    "eval_steps_per_second": 11.283
}