{
    "epoch": 3.0,
    "eval_accuracy": 0.6217125654220581,
    "eval_loss": 0.6636582612991333,
    "eval_runtime": 25.9514,
    "eval_samples": 3270,
    "eval_samples_per_second": 126.005,
    "eval_steps_per_second": 3.969
}