{
    "epoch": 3.0,
    "eval_accuracy": 0.2901172637939453,
    "eval_loss": 1.4540201425552368,
    "eval_runtime": 36.8069,
    "eval_samples": 2985,
    "eval_samples_per_second": 81.099,
    "eval_steps_per_second": 2.554
}