{
    "epoch": 3.0,
    "eval_accuracy": 0.6217125654220581,
    "eval_loss": 0.6635515689849854,
    "eval_runtime": 26.291,
    "eval_samples": 3270,
    "eval_samples_per_second": 124.377,
    "eval_steps_per_second": 3.918
}