{
    "epoch": 3.0,
    "eval_accuracy": 0.5266594290733337,
    "eval_loss": 0.6930266618728638,
    "eval_runtime": 8.6595,
    "eval_samples": 1838,
    "eval_samples_per_second": 212.253,
    "eval_steps_per_second": 6.698
}