{
    "epoch": 3.0,
    "eval_accuracy": 0.8455882352941176,
    "eval_combined_score": 0.8683899725693386,
    "eval_f1": 0.8911917098445595,
    "eval_loss": 0.8289616703987122,
    "eval_runtime": 1.0292,
    "eval_samples": 408,
    "eval_samples_per_second": 396.43,
    "eval_steps_per_second": 12.631
}