{
    "epoch": 3.0,
    "eval_accuracy": 0.8676470588235294,
    "eval_combined_score": 0.8857808247854302,
    "eval_f1": 0.9039145907473309,
    "eval_loss": 0.6217800378799438,
    "eval_runtime": 1.0911,
    "eval_samples": 408,
    "eval_samples_per_second": 373.925,
    "eval_steps_per_second": 46.741
}