{
    "epoch": 3.0,
    "eval_combined_score": 0.8704209135789944,
    "eval_loss": 0.5584580898284912,
    "eval_pearson": 0.8706652505450089,
    "eval_runtime": 4.0266,
    "eval_samples": 1500,
    "eval_samples_per_second": 372.523,
    "eval_spearmanr": 0.8701765766129801,
    "eval_steps_per_second": 11.672
}