{
    "epoch": 3.0,
    "eval_accuracy": 0.579229474067688,
    "eval_loss": 1.1209890842437744,
    "eval_runtime": 38.4323,
    "eval_samples": 2985,
    "eval_samples_per_second": 77.669,
    "eval_steps_per_second": 2.446
}