{
    "epoch": 3.0,
    "eval_accuracy": 0.7721988622310165,
    "eval_combined_score": 0.7511187768770278,
    "eval_f1": 0.730038691523039,
    "eval_loss": 0.5622689127922058,
    "eval_runtime": 100.9109,
    "eval_samples": 40430,
    "eval_samples_per_second": 400.651,
    "eval_steps_per_second": 12.526
}