{
    "epoch": 15.0,
    "eval_gen_len": 2.998666666666667,
    "eval_loss": 1.0243760347366333,
    "eval_pearson": 84.8812,
    "eval_runtime": 6.8417,
    "eval_samples": 1500,
    "eval_samples_per_second": 219.243,
    "eval_spearmanr": 84.2524,
    "eval_steps_per_second": 6.87
}