{
    "epoch": 15.0,
    "eval_gen_len": 2.997333333333333,
    "eval_loss": 1.2191909551620483,
    "eval_pearson": 83.7117,
    "eval_runtime": 3.0697,
    "eval_samples": 1500,
    "eval_samples_per_second": 488.654,
    "eval_spearmanr": 83.1002,
    "eval_steps_per_second": 7.818
}