{
    "epoch": 3.0,
    "eval_accuracy": 0.45593035221099854,
    "eval_loss": 0.693845808506012,
    "eval_runtime": 8.6491,
    "eval_samples": 1838,
    "eval_samples_per_second": 212.509,
    "eval_steps_per_second": 6.706
}