{
    "epoch": 15.0,
    "eval_gen_len": 2.997333333333333,
    "eval_loss": 1.0988235473632812,
    "eval_pearson": 84.8761,
    "eval_runtime": 6.0234,
    "eval_samples": 1500,
    "eval_samples_per_second": 249.028,
    "eval_spearmanr": 84.3931,
    "eval_steps_per_second": 7.803
}