{
    "epoch": 3.0,
    "eval_combined_score": 0.8534874823156621,
    "eval_loss": 0.7082093358039856,
    "eval_pearson": 0.8517911502605582,
    "eval_runtime": 4.4957,
    "eval_samples": 1500,
    "eval_samples_per_second": 333.655,
    "eval_spearmanr": 0.855183814370766,
    "eval_steps_per_second": 41.818
}