{
    "epoch": 3.0,
    "eval_accuracy": 0.6000000238418579,
    "eval_loss": 0.6610990166664124,
    "eval_runtime": 0.1294,
    "eval_samples": 100,
    "eval_samples_per_second": 772.921,
    "eval_steps_per_second": 30.917
}