{
    "epoch": 3.0,
    "eval_accuracy": 0.6346153616905212,
    "eval_loss": 0.6785631775856018,
    "eval_runtime": 0.2602,
    "eval_samples": 104,
    "eval_samples_per_second": 399.686,
    "eval_steps_per_second": 15.373
}