{
    "epoch": 3.0,
    "eval_accuracy": 0.49458483754512633,
    "eval_loss": 0.7673582434654236,
    "eval_runtime": 1.6682,
    "eval_samples": 277,
    "eval_samples_per_second": 166.05,
    "eval_steps_per_second": 5.395
}