{
    "epoch": 3.0,
    "eval_accuracy": 0.6347962617874146,
    "eval_loss": 0.9464209079742432,
    "eval_runtime": 0.6828,
    "eval_samples": 638,
    "eval_samples_per_second": 934.43,
    "eval_steps_per_second": 29.292
}