{
    "epoch": 3.0,
    "eval_accuracy": 0.507498025894165,
    "eval_loss": 0.6937770843505859,
    "eval_runtime": 1.9046,
    "eval_samples": 1267,
    "eval_samples_per_second": 665.233,
    "eval_steps_per_second": 21.002
}