{
    "epoch": 3.0,
    "eval_accuracy": 0.17621441185474396,
    "eval_loss": 1.387073278427124,
    "eval_runtime": 37.3075,
    "eval_samples": 2985,
    "eval_samples_per_second": 80.011,
    "eval_steps_per_second": 2.52
}