{
    "epoch": 3.0,
    "eval_combined_score": 0.8807403406391592,
    "eval_loss": 0.5767236351966858,
    "eval_pearson": 0.8796678795635479,
    "eval_runtime": 3.7506,
    "eval_samples": 1500,
    "eval_samples_per_second": 399.937,
    "eval_spearmanr": 0.8818128017147705,
    "eval_steps_per_second": 12.531
}