{
    "epoch": 3.0,
    "eval_accuracy": 0.4744114577770233,
    "eval_loss": 1.0757132768630981,
    "eval_runtime": 5.4538,
    "eval_samples": 1954,
    "eval_samples_per_second": 358.28,
    "eval_steps_per_second": 11.368
}