{
    "epoch": 3.0,
    "eval_accuracy": 0.8382352941176471,
    "eval_combined_score": 0.8626107977437552,
    "eval_f1": 0.8869863013698631,
    "eval_loss": 0.6027384996414185,
    "eval_runtime": 1.0959,
    "eval_samples": 408,
    "eval_samples_per_second": 372.297,
    "eval_steps_per_second": 11.862
}