{
    "epoch": 3.0,
    "eval_accuracy": 0.5603917241096497,
    "eval_loss": 0.687744677066803,
    "eval_runtime": 1.9692,
    "eval_samples": 1838,
    "eval_samples_per_second": 933.366,
    "eval_steps_per_second": 29.453
}