{
    "epoch": 3.0,
    "eval_combined_score": 0.8875554138693633,
    "eval_loss": 0.527510404586792,
    "eval_pearson": 0.8866550321216168,
    "eval_runtime": 4.1167,
    "eval_samples": 1500,
    "eval_samples_per_second": 364.371,
    "eval_spearmanr": 0.8884557956171099,
    "eval_steps_per_second": 45.668
}