{
    "epoch": 15.0,
    "eval_gen_len": 2.9966666666666666,
    "eval_loss": 1.3476049900054932,
    "eval_pearson": 79.1972,
    "eval_runtime": 3.1691,
    "eval_samples": 1500,
    "eval_samples_per_second": 473.326,
    "eval_spearmanr": 78.4293,
    "eval_steps_per_second": 7.573
}