{
    "epoch": 3.0,
    "eval_accuracy": 0.8553921568627451,
    "eval_combined_score": 0.8758507357248699,
    "eval_f1": 0.8963093145869947,
    "eval_loss": 0.7776216864585876,
    "eval_runtime": 1.1054,
    "eval_samples": 408,
    "eval_samples_per_second": 369.087,
    "eval_steps_per_second": 46.136
}