{
    "epoch": 3.0,
    "eval_accuracy": 0.8112745098039216,
    "eval_combined_score": 0.83844702802587,
    "eval_f1": 0.8656195462478186,
    "eval_loss": 0.6606709361076355,
    "eval_runtime": 1.4974,
    "eval_samples": 408,
    "eval_samples_per_second": 272.466,
    "eval_steps_per_second": 8.682
}