{
    "epoch": 3.0,
    "eval_accuracy": 0.7440560861613493,
    "eval_loss": 0.7438969016075134,
    "eval_runtime": 26.397,
    "eval_samples": 9842,
    "eval_samples_per_second": 372.845,
    "eval_steps_per_second": 11.668
}