{
    "epoch": 3.0,
    "eval_accuracy": 0.6964285969734192,
    "eval_loss": 0.7405881285667419,
    "eval_runtime": 0.1418,
    "eval_samples": 56,
    "eval_samples_per_second": 394.818,
    "eval_steps_per_second": 14.101
}