{
    "epoch": 3.0,
    "eval_combined_score": 0.8677796715555901,
    "eval_loss": 0.6215665936470032,
    "eval_pearson": 0.8676104548663116,
    "eval_runtime": 4.1136,
    "eval_samples": 1500,
    "eval_samples_per_second": 364.641,
    "eval_spearmanr": 0.8679488882448685,
    "eval_steps_per_second": 45.702
}