{
    "epoch": 3.0,
    "eval_accuracy": 0.6316614151000977,
    "eval_loss": 1.4740327596664429,
    "eval_runtime": 0.7816,
    "eval_samples": 638,
    "eval_samples_per_second": 816.31,
    "eval_steps_per_second": 25.59
}