{
    "epoch": 3.0,
    "eval_accuracy": 0.798689092258224,
    "eval_combined_score": 0.7761495592977615,
    "eval_f1": 0.753610026337299,
    "eval_loss": 0.8325427174568176,
    "eval_runtime": 108.7612,
    "eval_samples": 40430,
    "eval_samples_per_second": 371.732,
    "eval_steps_per_second": 46.469
}