{
    "epoch": 3.0,
    "eval_accuracy": 0.6838235294117647,
    "eval_combined_score": 0.7480253018237863,
    "eval_f1": 0.8122270742358079,
    "eval_loss": 0.5927335619926453,
    "eval_runtime": 1.2568,
    "eval_samples": 408,
    "eval_samples_per_second": 324.624,
    "eval_steps_per_second": 10.343
}