{
    "epoch": 3.0,
    "eval_accuracy": 0.6700000166893005,
    "eval_loss": 0.5929319858551025,
    "eval_runtime": 0.1254,
    "eval_samples": 100,
    "eval_samples_per_second": 797.401,
    "eval_steps_per_second": 31.896
}