{
    "epoch": 3.0,
    "eval_accuracy": 0.91172,
    "eval_loss": 0.4083002805709839,
    "eval_runtime": 129.8977,
    "eval_samples": 25000,
    "eval_samples_per_second": 192.459,
    "eval_steps_per_second": 6.02
}