{
    "epoch": 3.0,
    "eval_accuracy": 0.8964723926380368,
    "eval_loss": 0.5044077038764954,
    "eval_runtime": 2.0972,
    "eval_samples": 1304,
    "eval_samples_per_second": 621.777,
    "eval_steps_per_second": 19.55
}