{
    "epoch": 3.0,
    "eval_accuracy": 0.5031347870826721,
    "eval_loss": 0.6926650404930115,
    "eval_runtime": 0.7078,
    "eval_samples": 638,
    "eval_samples_per_second": 901.359,
    "eval_steps_per_second": 28.256
}