{
    "epoch": 3.0,
    "eval_accuracy": 0.6642599277978339,
    "eval_loss": 0.6897406578063965,
    "eval_runtime": 1.6758,
    "eval_samples": 277,
    "eval_samples_per_second": 165.298,
    "eval_steps_per_second": 5.371
}