{
    "epoch": 3.0,
    "eval_accuracy": 0.7872619342072719,
    "eval_combined_score": 0.7577327209352049,
    "eval_f1": 0.728203507663138,
    "eval_loss": 0.47545546293258667,
    "eval_runtime": 100.0073,
    "eval_samples": 40430,
    "eval_samples_per_second": 404.271,
    "eval_steps_per_second": 12.639
}