{
    "epoch": 3.0,
    "eval_combined_score": 0.8753484601051731,
    "eval_loss": 0.6292065978050232,
    "eval_pearson": 0.8735075932124243,
    "eval_runtime": 3.8373,
    "eval_samples": 1500,
    "eval_samples_per_second": 390.899,
    "eval_spearmanr": 0.8771893269979218,
    "eval_steps_per_second": 12.248
}