{
    "epoch": 3.0,
    "eval_accuracy": 0.7865941132822162,
    "eval_combined_score": 0.7584255503571089,
    "eval_f1": 0.7302569874320016,
    "eval_loss": 0.8051103949546814,
    "eval_runtime": 100.2431,
    "eval_samples": 40430,
    "eval_samples_per_second": 403.32,
    "eval_steps_per_second": 12.609
}