{
    "epoch": 3.0,
    "eval_accuracy": 0.8431372549019608,
    "eval_combined_score": 0.8660130718954249,
    "eval_f1": 0.888888888888889,
    "eval_loss": 0.6949883103370667,
    "eval_runtime": 1.1183,
    "eval_samples": 408,
    "eval_samples_per_second": 364.855,
    "eval_steps_per_second": 45.607
}