{
    "epoch": 3.0,
    "eval_accuracy": 0.8382352941176471,
    "eval_combined_score": 0.8601890756302522,
    "eval_f1": 0.8821428571428571,
    "eval_loss": 0.6068660020828247,
    "eval_runtime": 1.024,
    "eval_samples": 408,
    "eval_samples_per_second": 398.425,
    "eval_steps_per_second": 12.695
}