{
    "epoch": 3.0,
    "eval_accuracy": 0.7664110808805342,
    "eval_combined_score": 0.7386781163462416,
    "eval_f1": 0.710945151811949,
    "eval_loss": 0.5431651473045349,
    "eval_runtime": 97.9547,
    "eval_samples": 40430,
    "eval_samples_per_second": 412.742,
    "eval_steps_per_second": 12.904
}