{
    "epoch": 3.0,
    "eval_accuracy": 0.6217125654220581,
    "eval_loss": 0.6683896780014038,
    "eval_runtime": 26.4651,
    "eval_samples": 3270,
    "eval_samples_per_second": 123.559,
    "eval_steps_per_second": 3.892
}