{
    "epoch": 3.0,
    "eval_accuracy": 0.6346153616905212,
    "eval_loss": 0.666467547416687,
    "eval_runtime": 0.2584,
    "eval_samples": 104,
    "eval_samples_per_second": 402.481,
    "eval_steps_per_second": 15.48
}