{
    "epoch": 3.0,
    "eval_accuracy": 0.7658421963888202,
    "eval_combined_score": 0.7450026226255164,
    "eval_f1": 0.7241630488622126,
    "eval_loss": 0.5336424708366394,
    "eval_runtime": 100.8517,
    "eval_samples": 40430,
    "eval_samples_per_second": 400.886,
    "eval_steps_per_second": 12.533
}