{
    "epoch": 3.0,
    "eval_accuracy": 0.386576384305954,
    "eval_loss": 1.316817045211792,
    "eval_runtime": 91.9783,
    "eval_samples": 10042,
    "eval_samples_per_second": 109.178,
    "eval_steps_per_second": 3.414
}