{
    "epoch": 3.0,
    "eval_accuracy": 0.7610241820768137,
    "eval_loss": 0.7554743885993958,
    "eval_runtime": 26.3682,
    "eval_samples": 9842,
    "eval_samples_per_second": 373.252,
    "eval_steps_per_second": 11.681
}