{
    "epoch": 3.0,
    "eval_accuracy": 0.6346153616905212,
    "eval_loss": 0.6838602423667908,
    "eval_runtime": 0.2641,
    "eval_samples": 104,
    "eval_samples_per_second": 393.826,
    "eval_steps_per_second": 15.147
}