{
    "epoch": 3.0,
    "eval_accuracy": 0.6964285969734192,
    "eval_loss": 0.8824629783630371,
    "eval_runtime": 0.1375,
    "eval_samples": 56,
    "eval_samples_per_second": 407.301,
    "eval_steps_per_second": 14.546
}