{
    "epoch": 3.0,
    "eval_accuracy": 0.647335410118103,
    "eval_loss": 0.727132260799408,
    "eval_runtime": 0.6756,
    "eval_samples": 638,
    "eval_samples_per_second": 944.351,
    "eval_steps_per_second": 29.603
}