{
    "epoch": 3.0,
    "eval_accuracy": 0.6400611400604248,
    "eval_loss": 0.6433060169219971,
    "eval_runtime": 37.0573,
    "eval_samples": 3270,
    "eval_samples_per_second": 88.242,
    "eval_steps_per_second": 2.779
}