{
    "epoch": 3.0,
    "eval_accuracy": 0.8012614395251051,
    "eval_combined_score": 0.7762922591763743,
    "eval_f1": 0.7513230788276437,
    "eval_loss": 0.7078008651733398,
    "eval_runtime": 108.5593,
    "eval_samples": 40430,
    "eval_samples_per_second": 372.423,
    "eval_steps_per_second": 46.555
}