{
    "epoch": 3.0,
    "eval_accuracy": 0.7745098039215687,
    "eval_combined_score": 0.8095521992580816,
    "eval_f1": 0.8445945945945946,
    "eval_loss": 0.5204823017120361,
    "eval_runtime": 1.0695,
    "eval_samples": 408,
    "eval_samples_per_second": 381.48,
    "eval_steps_per_second": 47.685
}