{
    "epoch": 3.0,
    "eval_accuracy": 0.3758215606212616,
    "eval_loss": 1.3288443088531494,
    "eval_runtime": 95.4409,
    "eval_samples": 10042,
    "eval_samples_per_second": 105.217,
    "eval_steps_per_second": 3.29
}