{
    "epoch": 3.0,
    "eval_accuracy": 0.583242654800415,
    "eval_loss": 0.676838219165802,
    "eval_runtime": 8.0257,
    "eval_samples": 1838,
    "eval_samples_per_second": 229.015,
    "eval_steps_per_second": 7.227
}