{
    "epoch": 3.0,
    "eval_accuracy": 0.5859375,
    "eval_loss": 0.6803930401802063,
    "eval_runtime": 1.2338,
    "eval_samples": 384,
    "eval_samples_per_second": 311.246,
    "eval_steps_per_second": 9.726
}