{
    "epoch": 3.0,
    "eval_accuracy": 0.7931486519910957,
    "eval_combined_score": 0.7614911407266091,
    "eval_f1": 0.7298336294621224,
    "eval_loss": 0.8134008646011353,
    "eval_runtime": 112.9985,
    "eval_samples": 40430,
    "eval_samples_per_second": 357.792,
    "eval_steps_per_second": 11.186
}