{
    "epoch": 3.0,
    "eval_accuracy": 0.6200000047683716,
    "eval_loss": 0.6848558187484741,
    "eval_runtime": 0.1288,
    "eval_samples": 100,
    "eval_samples_per_second": 776.366,
    "eval_steps_per_second": 31.055
}