{
    "epoch": 3.0,
    "eval_accuracy": 0.4483111500740051,
    "eval_loss": 1.1254380941390991,
    "eval_runtime": 5.4856,
    "eval_samples": 1954,
    "eval_samples_per_second": 356.205,
    "eval_steps_per_second": 11.302
}