{
    "epoch": 3.0,
    "eval_accuracy": 0.32261306047439575,
    "eval_loss": 1.3687901496887207,
    "eval_runtime": 40.4219,
    "eval_samples": 2985,
    "eval_samples_per_second": 73.846,
    "eval_steps_per_second": 2.325
}