{
    "epoch": 3.0,
    "eval_accuracy": 0.2629815638065338,
    "eval_loss": 1.386292576789856,
    "eval_runtime": 37.679,
    "eval_samples": 2985,
    "eval_samples_per_second": 79.222,
    "eval_steps_per_second": 2.495
}