{
    "epoch": 3.0,
    "eval_accuracy": 0.5453827977180481,
    "eval_loss": 0.6921817660331726,
    "eval_runtime": 1.897,
    "eval_samples": 1267,
    "eval_samples_per_second": 667.899,
    "eval_steps_per_second": 21.086
}