{
    "epoch": 3.0,
    "eval_accuracy": 0.25323641300201416,
    "eval_loss": 1.3865456581115723,
    "eval_runtime": 40.6688,
    "eval_samples": 10042,
    "eval_samples_per_second": 246.921,
    "eval_steps_per_second": 7.721
}