{
    "epoch": 3.0,
    "eval_accuracy": 0.9208800196647644,
    "eval_loss": 0.35029757022857666,
    "eval_runtime": 136.456,
    "eval_samples": 25000,
    "eval_samples_per_second": 183.209,
    "eval_steps_per_second": 5.731
}