{
    "epoch": 3.0,
    "eval_accuracy": 0.5516866445541382,
    "eval_loss": 0.6883668303489685,
    "eval_runtime": 7.9959,
    "eval_samples": 1838,
    "eval_samples_per_second": 229.868,
    "eval_steps_per_second": 7.254
}