{
    "epoch": 3.0,
    "eval_accuracy": 0.3433333333333333,
    "eval_loss": 1.1292248964309692,
    "eval_runtime": 3.9026,
    "eval_samples": 1200,
    "eval_samples_per_second": 307.485,
    "eval_steps_per_second": 9.737
}