{
    "epoch": 3.0,
    "eval_accuracy": 0.9102760736196319,
    "eval_loss": 0.4760276973247528,
    "eval_runtime": 2.3079,
    "eval_samples": 1304,
    "eval_samples_per_second": 565.005,
    "eval_steps_per_second": 17.765
}