{
    "epoch": 3.0,
    "eval_accuracy": 0.8469705290133627,
    "eval_loss": 0.5379152297973633,
    "eval_runtime": 13.7175,
    "eval_samples": 5463,
    "eval_samples_per_second": 398.25,
    "eval_steps_per_second": 12.466
}