{
    "epoch": 3.0,
    "eval_accuracy": 0.5895598530769348,
    "eval_loss": 0.9728045463562012,
    "eval_runtime": 5.5242,
    "eval_samples": 1954,
    "eval_samples_per_second": 353.713,
    "eval_steps_per_second": 11.223
}