{
    "epoch": 15.0,
    "eval_gen_len": 2.9886666666666666,
    "eval_loss": 1.2901986837387085,
    "eval_pearson": 78.3056,
    "eval_runtime": 2.4943,
    "eval_samples": 1500,
    "eval_samples_per_second": 601.373,
    "eval_spearmanr": 78.7063,
    "eval_steps_per_second": 9.622
}