{
    "epoch": 3.0,
    "eval_accuracy": 0.5344827771186829,
    "eval_loss": 0.6922306418418884,
    "eval_runtime": 0.695,
    "eval_samples": 638,
    "eval_samples_per_second": 918.031,
    "eval_steps_per_second": 28.778
}