{
    "epoch": 3.0,
    "eval_accuracy": 0.6299999952316284,
    "eval_loss": 0.6778643131256104,
    "eval_runtime": 0.1297,
    "eval_samples": 100,
    "eval_samples_per_second": 770.799,
    "eval_steps_per_second": 30.832
}