{
    "epoch": 3.0,
    "eval_accuracy": 0.4662231206893921,
    "eval_loss": 1.0723317861557007,
    "eval_runtime": 5.4836,
    "eval_samples": 1954,
    "eval_samples_per_second": 356.336,
    "eval_steps_per_second": 11.306
}