{
    "epoch": 3.0,
    "eval_accuracy": 0.5600000023841858,
    "eval_loss": 0.6928179860115051,
    "eval_runtime": 0.1342,
    "eval_samples": 100,
    "eval_samples_per_second": 745.417,
    "eval_steps_per_second": 29.817
}