{
    "epoch": 3.0,
    "eval_accuracy": 0.8677298311444653,
    "eval_loss": 0.6629839539527893,
    "eval_runtime": 1.753,
    "eval_samples": 1066,
    "eval_samples_per_second": 608.098,
    "eval_steps_per_second": 19.395
}