{
    "epoch": 3.0,
    "eval_accuracy": 0.9002400040626526,
    "eval_loss": 0.4851294159889221,
    "eval_runtime": 129.2703,
    "eval_samples": 25000,
    "eval_samples_per_second": 193.393,
    "eval_steps_per_second": 6.049
}