{
    "epoch": 15.0,
    "eval_gen_len": 2.9953333333333334,
    "eval_loss": 1.2911903858184814,
    "eval_pearson": 75.7312,
    "eval_runtime": 2.4288,
    "eval_samples": 1500,
    "eval_samples_per_second": 617.592,
    "eval_spearmanr": 75.4798,
    "eval_steps_per_second": 9.881
}