{
    "epoch": 3.0,
    "eval_accuracy": 0.4934711754322052,
    "eval_loss": 0.6931475400924683,
    "eval_runtime": 7.8569,
    "eval_samples": 1838,
    "eval_samples_per_second": 233.933,
    "eval_steps_per_second": 7.382
}