{
    "epoch": 3.0,
    "eval_accuracy": 0.7977301848801025,
    "eval_loss": 0.6028518676757812,
    "eval_runtime": 13.533,
    "eval_samples": 5463,
    "eval_samples_per_second": 403.68,
    "eval_steps_per_second": 12.636
}