{
    "epoch": 3.0,
    "eval_accuracy": 0.8039399624765479,
    "eval_loss": 0.5312575697898865,
    "eval_runtime": 1.7506,
    "eval_samples": 1066,
    "eval_samples_per_second": 608.942,
    "eval_steps_per_second": 19.422
}