{
    "epoch": 3.0,
    "eval_accuracy": 0.797427652733119,
    "eval_combined_score": 0.7695095605749269,
    "eval_f1": 0.741591468416735,
    "eval_loss": 0.6515118479728699,
    "eval_runtime": 109.7291,
    "eval_samples": 40430,
    "eval_samples_per_second": 368.453,
    "eval_steps_per_second": 46.059
}