{
    "epoch": 3.0,
    "eval_accuracy": 0.8187808896210873,
    "eval_loss": 0.7453603148460388,
    "eval_runtime": 13.3714,
    "eval_samples": 5463,
    "eval_samples_per_second": 408.558,
    "eval_steps_per_second": 12.788
}