{
    "epoch": 3.0,
    "eval_accuracy": 0.5946680903434753,
    "eval_loss": 0.6853685975074768,
    "eval_runtime": 8.1222,
    "eval_samples": 1838,
    "eval_samples_per_second": 226.293,
    "eval_steps_per_second": 7.141
}