{
    "epoch": 10.0,
    "eval_gen_len": 2.993333333333333,
    "eval_loss": 1.1882461309432983,
    "eval_pearson": 84.0753,
    "eval_runtime": 12.1435,
    "eval_samples": 1500,
    "eval_samples_per_second": 123.522,
    "eval_spearmanr": 83.8562,
    "eval_steps_per_second": 1.976
}