{
    "epoch": 3.0,
    "eval_accuracy": 0.8392857313156128,
    "eval_loss": 0.4315817356109619,
    "eval_runtime": 0.1409,
    "eval_samples": 56,
    "eval_samples_per_second": 397.456,
    "eval_steps_per_second": 14.195
}