{
    "epoch": 3.0,
    "eval_accuracy": 0.8627450980392157,
    "eval_combined_score": 0.883262583383869,
    "eval_f1": 0.9037800687285222,
    "eval_loss": 0.6777392625808716,
    "eval_runtime": 1.0103,
    "eval_samples": 408,
    "eval_samples_per_second": 403.825,
    "eval_steps_per_second": 12.867
}