{
    "epoch": 3.0,
    "eval_accuracy": 0.4107142984867096,
    "eval_loss": 0.9637911915779114,
    "eval_runtime": 0.1359,
    "eval_samples": 56,
    "eval_samples_per_second": 411.961,
    "eval_steps_per_second": 14.713
}