{
    "epoch": 3.0,
    "eval_accuracy": 0.7305810451507568,
    "eval_loss": 1.058027982711792,
    "eval_runtime": 36.2251,
    "eval_samples": 3270,
    "eval_samples_per_second": 90.269,
    "eval_steps_per_second": 2.843
}