{
    "epoch": 3.0,
    "eval_accuracy": 0.5270758122743683,
    "eval_loss": 0.6855913996696472,
    "eval_runtime": 1.6632,
    "eval_samples": 277,
    "eval_samples_per_second": 166.548,
    "eval_steps_per_second": 5.411
}