{
    "epoch": 3.0,
    "eval_accuracy": 0.6700000166893005,
    "eval_loss": 0.5960827469825745,
    "eval_runtime": 0.1278,
    "eval_samples": 100,
    "eval_samples_per_second": 782.35,
    "eval_steps_per_second": 31.294
}