{
    "epoch": 3.0,
    "eval_accuracy": 0.5306859205776173,
    "eval_loss": 0.7258418798446655,
    "eval_runtime": 1.6666,
    "eval_samples": 277,
    "eval_samples_per_second": 166.21,
    "eval_steps_per_second": 5.4
}