{
    "epoch": 15.0,
    "eval_gen_len": 2.994666666666667,
    "eval_loss": 1.073316216468811,
    "eval_pearson": 77.1047,
    "eval_runtime": 20.8332,
    "eval_samples": 1500,
    "eval_samples_per_second": 72.001,
    "eval_spearmanr": 78.5777,
    "eval_steps_per_second": 4.512
}