{
    "epoch": 3.0,
    "eval_accuracy": 0.6346153616905212,
    "eval_loss": 0.6678585410118103,
    "eval_runtime": 0.2589,
    "eval_samples": 104,
    "eval_samples_per_second": 401.63,
    "eval_steps_per_second": 15.447
}