{
    "epoch": 3.0,
    "eval_accuracy": 0.849906191369606,
    "eval_loss": 0.6226972341537476,
    "eval_runtime": 1.7157,
    "eval_samples": 1066,
    "eval_samples_per_second": 621.304,
    "eval_steps_per_second": 19.816
}