{
    "epoch": 3.0,
    "eval_accuracy": 0.3330623856939646,
    "eval_loss": 1.0987435579299927,
    "eval_runtime": 25.7993,
    "eval_samples": 9842,
    "eval_samples_per_second": 381.484,
    "eval_steps_per_second": 11.938
}