{
    "epoch": 3.0,
    "eval_accuracy": 0.7911204551075933,
    "eval_combined_score": 0.7613635010322648,
    "eval_f1": 0.7316065469569363,
    "eval_loss": 0.6014859676361084,
    "eval_runtime": 100.4792,
    "eval_samples": 40430,
    "eval_samples_per_second": 402.372,
    "eval_steps_per_second": 12.58
}