{
    "epoch": 3.0,
    "eval_accuracy": 0.8639774859287055,
    "eval_loss": 0.6978440284729004,
    "eval_runtime": 0.9702,
    "eval_samples": 1066,
    "eval_samples_per_second": 1098.715,
    "eval_steps_per_second": 35.043
}