{
    "epoch": 3.0,
    "eval_accuracy": 0.8436756360973824,
    "eval_loss": 0.7422711849212646,
    "eval_runtime": 13.4314,
    "eval_samples": 5463,
    "eval_samples_per_second": 406.733,
    "eval_steps_per_second": 12.731
}