{
    "epoch": 3.0,
    "eval_accuracy": 0.3516666666666667,
    "eval_loss": 1.2491084337234497,
    "eval_runtime": 4.086,
    "eval_samples": 1200,
    "eval_samples_per_second": 293.688,
    "eval_steps_per_second": 9.3
}