{
    "epoch": 3.0,
    "eval_accuracy": 0.7436823104693141,
    "eval_loss": 1.2310960292816162,
    "eval_runtime": 1.7084,
    "eval_samples": 277,
    "eval_samples_per_second": 162.141,
    "eval_steps_per_second": 5.268
}