{
    "epoch": 3.0,
    "eval_accuracy": 0.6302752494812012,
    "eval_loss": 0.6727404594421387,
    "eval_runtime": 36.512,
    "eval_samples": 3270,
    "eval_samples_per_second": 89.56,
    "eval_steps_per_second": 2.821
}