{
    "epoch": 3.0,
    "eval_accuracy": 0.3490787148475647,
    "eval_loss": 1.4259028434753418,
    "eval_runtime": 37.5845,
    "eval_samples": 2985,
    "eval_samples_per_second": 79.421,
    "eval_steps_per_second": 2.501
}