{
    "epoch": 3.0,
    "eval_accuracy": 0.9086582463847702,
    "eval_loss": 0.5266117453575134,
    "eval_runtime": 15.2068,
    "eval_samples": 5463,
    "eval_samples_per_second": 359.247,
    "eval_steps_per_second": 44.914
}