{
    "epoch": 3.0,
    "eval_accuracy": 0.8050210239920851,
    "eval_combined_score": 0.7745438875357977,
    "eval_f1": 0.7440667510795103,
    "eval_loss": 0.709044873714447,
    "eval_runtime": 100.9453,
    "eval_samples": 40430,
    "eval_samples_per_second": 400.514,
    "eval_steps_per_second": 12.522
}