{
    "epoch": 3.0,
    "eval_accuracy": 0.6253822445869446,
    "eval_loss": 0.6840851902961731,
    "eval_runtime": 25.7964,
    "eval_samples": 3270,
    "eval_samples_per_second": 126.762,
    "eval_steps_per_second": 3.993
}