{
    "epoch": 20.0,
    "eval_average_metrics": 51.22288118005211,
    "eval_loss": 1.150206208229065,
    "eval_pearson": 57.14198596864484,
    "eval_runtime": 8.0995,
    "eval_samples_per_second": 185.196,
    "eval_spearmanr": 45.30377639145938
}