{
    "epoch": 3.0,
    "eval_accuracy": 0.6750902527075813,
    "eval_loss": 0.6632339954376221,
    "eval_runtime": 1.7192,
    "eval_samples": 277,
    "eval_samples_per_second": 161.12,
    "eval_steps_per_second": 5.235
}