{
    "epoch": 3.0,
    "eval_accuracy": 0.5026041865348816,
    "eval_loss": 0.6929230690002441,
    "eval_runtime": 1.3831,
    "eval_samples": 384,
    "eval_samples_per_second": 277.645,
    "eval_steps_per_second": 8.676
}