{
    "epoch": 3.0,
    "eval_accuracy": 0.7200000286102295,
    "eval_loss": 0.531554102897644,
    "eval_runtime": 0.1286,
    "eval_samples": 100,
    "eval_samples_per_second": 777.562,
    "eval_steps_per_second": 31.102
}