{
    "epoch": 3.0,
    "eval_combined_score": 0.8627432772476602,
    "eval_loss": 0.6541171073913574,
    "eval_pearson": 0.8619862209179162,
    "eval_runtime": 3.943,
    "eval_samples": 1500,
    "eval_samples_per_second": 380.418,
    "eval_spearmanr": 0.8635003335774043,
    "eval_steps_per_second": 11.92
}