{
    "epoch": 3.0,
    "eval_accuracy": 0.4703173041343689,
    "eval_loss": 1.100997805595398,
    "eval_runtime": 5.4749,
    "eval_samples": 1954,
    "eval_samples_per_second": 356.903,
    "eval_steps_per_second": 11.324
}