{
    "epoch": 3.0,
    "eval_accuracy": 0.8411129416071755,
    "eval_loss": 0.5860344171524048,
    "eval_runtime": 13.6372,
    "eval_samples": 5463,
    "eval_samples_per_second": 400.596,
    "eval_steps_per_second": 12.539
}