{
    "epoch": 3.0,
    "eval_accuracy": 0.5053999633900788,
    "eval_loss": 0.6884807348251343,
    "eval_runtime": 15.0076,
    "eval_samples": 5463,
    "eval_samples_per_second": 364.016,
    "eval_steps_per_second": 11.394
}