{
    "epoch": 3.0,
    "eval_accuracy": 0.6299999952316284,
    "eval_loss": 0.6337877511978149,
    "eval_runtime": 0.1241,
    "eval_samples": 100,
    "eval_samples_per_second": 806.082,
    "eval_steps_per_second": 32.243
}