{
    "epoch": 10.0,
    "eval_gen_len": 2.994666666666667,
    "eval_loss": 1.516161322593689,
    "eval_pearson": 79.8857,
    "eval_runtime": 6.0134,
    "eval_samples": 1500,
    "eval_samples_per_second": 249.443,
    "eval_spearmanr": 79.8324,
    "eval_steps_per_second": 3.991
}