{
    "epoch": 3.0,
    "eval_accuracy": 0.436540424823761,
    "eval_loss": 1.1476858854293823,
    "eval_runtime": 5.38,
    "eval_samples": 1954,
    "eval_samples_per_second": 363.198,
    "eval_steps_per_second": 11.524
}