{
    "epoch": 3.0,
    "eval_accuracy": 0.6967509025270758,
    "eval_loss": 0.919124186038971,
    "eval_runtime": 1.6789,
    "eval_samples": 277,
    "eval_samples_per_second": 164.994,
    "eval_steps_per_second": 5.361
}