{
    "epoch": 15.0,
    "eval_gen_len": 2.997333333333333,
    "eval_loss": 1.1591404676437378,
    "eval_pearson": 81.1844,
    "eval_runtime": 6.1252,
    "eval_samples": 1500,
    "eval_samples_per_second": 244.89,
    "eval_spearmanr": 81.0133,
    "eval_steps_per_second": 7.673
}