{
    "epoch": 3.0,
    "eval_accuracy": 0.5446137189865112,
    "eval_loss": 0.6930760741233826,
    "eval_runtime": 7.983,
    "eval_samples": 1838,
    "eval_samples_per_second": 230.239,
    "eval_steps_per_second": 7.265
}