{
    "epoch": 3.0,
    "eval_accuracy": 0.4682702124118805,
    "eval_loss": 1.0505281686782837,
    "eval_runtime": 5.5312,
    "eval_samples": 1954,
    "eval_samples_per_second": 353.268,
    "eval_steps_per_second": 11.209
}