{
    "epoch": 3.0,
    "eval_accuracy": 0.45319658517837524,
    "eval_loss": 1.3127615451812744,
    "eval_runtime": 91.9778,
    "eval_samples": 10042,
    "eval_samples_per_second": 109.179,
    "eval_steps_per_second": 3.414
}