{
    "epoch": 3.0,
    "eval_accuracy": 0.8035714030265808,
    "eval_loss": 0.5397630333900452,
    "eval_runtime": 0.137,
    "eval_samples": 56,
    "eval_samples_per_second": 408.765,
    "eval_steps_per_second": 14.599
}