{
    "epoch": 3.0,
    "eval_accuracy": 0.8214285969734192,
    "eval_loss": 0.7840909361839294,
    "eval_runtime": 0.1377,
    "eval_samples": 56,
    "eval_samples_per_second": 406.816,
    "eval_steps_per_second": 14.529
}