{
    "epoch": 15.0,
    "eval_gen_len": 2.994666666666667,
    "eval_loss": 1.1711846590042114,
    "eval_pearson": 85.2924,
    "eval_runtime": 6.0142,
    "eval_samples": 1500,
    "eval_samples_per_second": 249.409,
    "eval_spearmanr": 84.9277,
    "eval_steps_per_second": 7.815
}