{
    "epoch": 3.0,
    "eval_accuracy": 0.8039821914419986,
    "eval_combined_score": 0.7761295196323165,
    "eval_f1": 0.7482768478226344,
    "eval_loss": 0.6998109817504883,
    "eval_runtime": 99.637,
    "eval_samples": 40430,
    "eval_samples_per_second": 405.773,
    "eval_steps_per_second": 12.686
}