{
    "epoch": 3.0,
    "eval_accuracy": 0.6346153616905212,
    "eval_loss": 0.6778373122215271,
    "eval_runtime": 0.2579,
    "eval_samples": 104,
    "eval_samples_per_second": 403.313,
    "eval_steps_per_second": 15.512
}