{
    "epoch": 3.0,
    "eval_accuracy": 0.7807321296067277,
    "eval_combined_score": 0.755167040859487,
    "eval_f1": 0.7296019521122464,
    "eval_loss": 0.645334005355835,
    "eval_runtime": 99.4989,
    "eval_samples": 40430,
    "eval_samples_per_second": 406.336,
    "eval_steps_per_second": 12.704
}