{
    "epoch": 3.0,
    "eval_accuracy": 0.6028880866425993,
    "eval_loss": 0.7159291505813599,
    "eval_runtime": 1.6519,
    "eval_samples": 277,
    "eval_samples_per_second": 167.686,
    "eval_steps_per_second": 5.448
}