{
    "epoch": 3.0,
    "eval_accuracy": 0.24477195739746094,
    "eval_loss": 1.3871101140975952,
    "eval_runtime": 40.6,
    "eval_samples": 10042,
    "eval_samples_per_second": 247.34,
    "eval_steps_per_second": 7.734
}