{
    "epoch": 3.0,
    "eval_accuracy": 0.8527204502814258,
    "eval_loss": 0.555495023727417,
    "eval_runtime": 1.9236,
    "eval_samples": 1066,
    "eval_samples_per_second": 554.166,
    "eval_steps_per_second": 17.675
}