{
    "epoch": 3.0,
    "eval_combined_score": 0.8875358699193401,
    "eval_loss": 0.6029810905456543,
    "eval_pearson": 0.8865656345783546,
    "eval_runtime": 3.9359,
    "eval_samples": 1500,
    "eval_samples_per_second": 381.106,
    "eval_spearmanr": 0.8885061052603255,
    "eval_steps_per_second": 11.941
}