{
    "epoch": 15.0,
    "eval_gen_len": 2.9886666666666666,
    "eval_loss": 1.3315497636795044,
    "eval_pearson": 81.3067,
    "eval_runtime": 2.9415,
    "eval_samples": 1500,
    "eval_samples_per_second": 509.939,
    "eval_spearmanr": 81.0731,
    "eval_steps_per_second": 8.159
}