{
    "epoch": 3.0,
    "eval_combined_score": 0.875610066505544,
    "eval_loss": 0.6048299074172974,
    "eval_pearson": 0.8737662880372604,
    "eval_runtime": 3.7542,
    "eval_samples": 1500,
    "eval_samples_per_second": 399.548,
    "eval_spearmanr": 0.8774538449738276,
    "eval_steps_per_second": 12.519
}