{
    "epoch": 3.0,
    "eval_accuracy": 0.3472415804862976,
    "eval_loss": 1.360107183456421,
    "eval_runtime": 100.1478,
    "eval_samples": 10042,
    "eval_samples_per_second": 100.272,
    "eval_steps_per_second": 3.135
}