{
    "epoch": 3.0,
    "eval_accuracy": 0.5705329179763794,
    "eval_loss": 0.8195383548736572,
    "eval_runtime": 0.682,
    "eval_samples": 638,
    "eval_samples_per_second": 935.489,
    "eval_steps_per_second": 29.326
}