{
    "epoch": 3.0,
    "eval_accuracy": 0.5104166865348816,
    "eval_loss": 0.6931470036506653,
    "eval_runtime": 1.3426,
    "eval_samples": 384,
    "eval_samples_per_second": 286.017,
    "eval_steps_per_second": 8.938
}