{
    "epoch": 3.0,
    "eval_accuracy": 0.7722977986643581,
    "eval_combined_score": 0.7543635122501818,
    "eval_f1": 0.7364292258360056,
    "eval_loss": 0.5333740711212158,
    "eval_runtime": 100.4077,
    "eval_samples": 40430,
    "eval_samples_per_second": 402.658,
    "eval_steps_per_second": 12.589
}