{
    "epoch": 3.0,
    "eval_accuracy": 0.4729241877256318,
    "eval_loss": 0.6935957670211792,
    "eval_runtime": 1.7834,
    "eval_samples": 277,
    "eval_samples_per_second": 155.324,
    "eval_steps_per_second": 5.047
}