{
    "epoch": 3.0,
    "eval_accuracy": 0.8308621636463481,
    "eval_loss": 0.44260627031326294,
    "eval_runtime": 14.2064,
    "eval_samples": 5463,
    "eval_samples_per_second": 384.544,
    "eval_steps_per_second": 12.037
}