{
    "epoch": 3.0,
    "eval_accuracy": 0.7978481325748207,
    "eval_combined_score": 0.7656092194534951,
    "eval_f1": 0.7333703063321697,
    "eval_loss": 0.5340755581855774,
    "eval_runtime": 105.2896,
    "eval_samples": 40430,
    "eval_samples_per_second": 383.988,
    "eval_steps_per_second": 12.005
}