{
    "epoch": 3.0,
    "eval_accuracy": 0.6100000143051147,
    "eval_loss": 0.6608651876449585,
    "eval_runtime": 0.1235,
    "eval_samples": 100,
    "eval_samples_per_second": 809.603,
    "eval_steps_per_second": 32.384
}