{
    "epoch": 3.0,
    "eval_accuracy": 0.8312883435582822,
    "eval_loss": 0.743103563785553,
    "eval_runtime": 2.3014,
    "eval_samples": 1304,
    "eval_samples_per_second": 566.607,
    "eval_steps_per_second": 17.815
}