{
    "epoch": 3.0,
    "eval_accuracy": 0.29949748516082764,
    "eval_loss": 1.386292815208435,
    "eval_runtime": 37.2904,
    "eval_samples": 2985,
    "eval_samples_per_second": 80.048,
    "eval_steps_per_second": 2.521
}