{
    "epoch": 3.0,
    "eval_accuracy": 0.787583477615632,
    "eval_combined_score": 0.7611216529152126,
    "eval_f1": 0.7346598282147933,
    "eval_loss": 0.7316387295722961,
    "eval_runtime": 101.6384,
    "eval_samples": 40430,
    "eval_samples_per_second": 397.783,
    "eval_steps_per_second": 12.436
}