{
    "epoch": 3.0,
    "eval_accuracy": 0.5750815868377686,
    "eval_loss": 0.689647376537323,
    "eval_runtime": 8.793,
    "eval_samples": 1838,
    "eval_samples_per_second": 209.029,
    "eval_steps_per_second": 6.596
}