{
    "epoch": 15.0,
    "eval_gen_len": 2.998666666666667,
    "eval_loss": 1.0315381288528442,
    "eval_pearson": 83.5138,
    "eval_runtime": 6.2238,
    "eval_samples": 1500,
    "eval_samples_per_second": 241.01,
    "eval_spearmanr": 83.4238,
    "eval_steps_per_second": 7.552
}