{
    "epoch": 3.0,
    "eval_accuracy": 0.7911451892159288,
    "eval_combined_score": 0.7657048616027352,
    "eval_f1": 0.7402645339895416,
    "eval_loss": 0.7104815244674683,
    "eval_runtime": 109.8272,
    "eval_samples": 40430,
    "eval_samples_per_second": 368.124,
    "eval_steps_per_second": 11.509
}