{
    "epoch": 3.0,
    "eval_accuracy": 0.6678898930549622,
    "eval_loss": 0.9650609493255615,
    "eval_runtime": 25.5944,
    "eval_samples": 3270,
    "eval_samples_per_second": 127.762,
    "eval_steps_per_second": 4.024
}