{
    "epoch": 3.0,
    "eval_accuracy": 0.6520376205444336,
    "eval_loss": 1.02286696434021,
    "eval_runtime": 0.6813,
    "eval_samples": 638,
    "eval_samples_per_second": 936.414,
    "eval_steps_per_second": 29.355
}