{
    "epoch": 3.0,
    "eval_accuracy": 0.5234375,
    "eval_loss": 0.6919925808906555,
    "eval_runtime": 1.4408,
    "eval_samples": 384,
    "eval_samples_per_second": 266.513,
    "eval_steps_per_second": 8.329
}