{
    "epoch": 3.0,
    "eval_combined_score": 0.8829137763920949,
    "eval_loss": 0.5631190538406372,
    "eval_pearson": 0.8822592907847846,
    "eval_runtime": 4.0395,
    "eval_samples": 1500,
    "eval_samples_per_second": 371.337,
    "eval_spearmanr": 0.8835682619994051,
    "eval_steps_per_second": 46.541
}