{
    "epoch": 3.0,
    "eval_accuracy": 0.5830721259117126,
    "eval_loss": 1.6795850992202759,
    "eval_runtime": 0.6952,
    "eval_samples": 638,
    "eval_samples_per_second": 917.753,
    "eval_steps_per_second": 28.77
}