{
    "epoch": 3.0,
    "eval_combined_score": 0.8607179877105675,
    "eval_loss": 0.6467347741127014,
    "eval_pearson": 0.8573311182954074,
    "eval_runtime": 4.3423,
    "eval_samples": 1500,
    "eval_samples_per_second": 345.436,
    "eval_spearmanr": 0.8641048571257276,
    "eval_steps_per_second": 10.824
}