{
    "epoch": 3.0,
    "eval_combined_score": 0.8687734154172818,
    "eval_loss": 0.6225487589836121,
    "eval_pearson": 0.865974731907446,
    "eval_runtime": 3.922,
    "eval_samples": 1500,
    "eval_samples_per_second": 382.459,
    "eval_spearmanr": 0.8715720989271176,
    "eval_steps_per_second": 47.935
}