{
    "epoch": 20.0,
    "eval_average_metrics": 6.19739384156072,
    "eval_loss": 1.1793221235275269,
    "eval_pearson": 6.784020437801211,
    "eval_runtime": 8.5787,
    "eval_samples_per_second": 174.852,
    "eval_spearmanr": 5.610767245320228
}