{
    "epoch": 3.0,
    "eval_accuracy": 0.5473340749740601,
    "eval_loss": 0.6908111572265625,
    "eval_runtime": 7.8745,
    "eval_samples": 1838,
    "eval_samples_per_second": 233.412,
    "eval_steps_per_second": 7.366
}