{
    "epoch": 3.0,
    "eval_accuracy": 0.6116207838058472,
    "eval_loss": 0.8412688970565796,
    "eval_runtime": 25.8354,
    "eval_samples": 3270,
    "eval_samples_per_second": 126.571,
    "eval_steps_per_second": 3.987
}