{
    "epoch": 20.0,
    "eval_average_metrics": -0.969420757811601,
    "eval_loss": 1.2118747234344482,
    "eval_pearson": -1.0644839772117665,
    "eval_runtime": 10.2656,
    "eval_samples_per_second": 146.119,
    "eval_spearmanr": -0.8743575384114355
}