{
    "epoch": 10.0,
    "eval_gen_len": 2.9873333333333334,
    "eval_loss": 1.3076924085617065,
    "eval_pearson": 85.2291,
    "eval_runtime": 5.7766,
    "eval_samples": 1500,
    "eval_samples_per_second": 259.668,
    "eval_spearmanr": 85.113,
    "eval_steps_per_second": 4.155
}