{
    "epoch": 10.0,
    "eval_gen_len": 2.993333333333333,
    "eval_loss": 1.4008311033248901,
    "eval_pearson": 83.4451,
    "eval_runtime": 7.0993,
    "eval_samples": 1500,
    "eval_samples_per_second": 211.289,
    "eval_spearmanr": 83.0863,
    "eval_steps_per_second": 3.381
}