{
    "epoch": 3.0,
    "eval_accuracy": 0.49802684783935547,
    "eval_loss": 0.7292529940605164,
    "eval_runtime": 1.9815,
    "eval_samples": 1267,
    "eval_samples_per_second": 639.409,
    "eval_steps_per_second": 20.187
}