{
    "epoch": 3.0,
    "eval_accuracy": 0.7982117455801666,
    "eval_loss": 0.6907198429107666,
    "eval_runtime": 26.3007,
    "eval_samples": 9842,
    "eval_samples_per_second": 374.211,
    "eval_steps_per_second": 46.805
}