{
    "epoch": 3.0,
    "eval_accuracy": 0.35222068428993225,
    "eval_loss": 1.344726800918579,
    "eval_runtime": 91.4688,
    "eval_samples": 10042,
    "eval_samples_per_second": 109.786,
    "eval_steps_per_second": 3.433
}