{
    "epoch": 3.0,
    "eval_accuracy": 0.6346153616905212,
    "eval_loss": 0.681796133518219,
    "eval_runtime": 0.326,
    "eval_samples": 104,
    "eval_samples_per_second": 319.018,
    "eval_steps_per_second": 12.27
}