{
    "epoch": 3.0,
    "eval_accuracy": 0.7630562893720788,
    "eval_loss": 0.7399120926856995,
    "eval_runtime": 27.4166,
    "eval_samples": 9842,
    "eval_samples_per_second": 358.98,
    "eval_steps_per_second": 44.9
}