{
    "epoch": 3.0,
    "eval_accuracy": 0.657793131477342,
    "eval_loss": 0.7734397649765015,
    "eval_runtime": 24.3885,
    "eval_samples": 9842,
    "eval_samples_per_second": 403.55,
    "eval_steps_per_second": 12.629
}