{
    "epoch": 3.0,
    "eval_accuracy": 0.7652980460054415,
    "eval_combined_score": 0.7239116948886989,
    "eval_f1": 0.6825253437719563,
    "eval_loss": 0.6633675694465637,
    "eval_runtime": 98.0249,
    "eval_samples": 40430,
    "eval_samples_per_second": 412.446,
    "eval_steps_per_second": 12.895
}