{
    "epoch": 3.0,
    "eval_combined_score": 0.88065491678657,
    "eval_loss": 0.5380077362060547,
    "eval_pearson": 0.8802356248941146,
    "eval_runtime": 4.1252,
    "eval_samples": 1500,
    "eval_samples_per_second": 363.621,
    "eval_spearmanr": 0.8810742086790256,
    "eval_steps_per_second": 45.574
}