{
    "epoch": 3.0,
    "eval_accuracy": 0.8161764705882353,
    "eval_combined_score": 0.8439856711915535,
    "eval_f1": 0.8717948717948718,
    "eval_loss": 0.6823900938034058,
    "eval_runtime": 1.301,
    "eval_samples": 408,
    "eval_samples_per_second": 313.609,
    "eval_steps_per_second": 9.992
}