{
    "epoch": 3.0,
    "eval_combined_score": 0.8859778144557666,
    "eval_loss": 0.5326135158538818,
    "eval_pearson": 0.8842998747710962,
    "eval_runtime": 4.0465,
    "eval_samples": 1500,
    "eval_samples_per_second": 370.695,
    "eval_spearmanr": 0.8876557541404371,
    "eval_steps_per_second": 46.46
}