{
    "epoch": 15.0,
    "eval_gen_len": 2.997333333333333,
    "eval_loss": 1.198275089263916,
    "eval_pearson": 80.6148,
    "eval_runtime": 6.6892,
    "eval_samples": 1500,
    "eval_samples_per_second": 224.243,
    "eval_spearmanr": 80.0458,
    "eval_steps_per_second": 7.026
}