{
    "epoch": 3.0,
    "eval_accuracy": 0.3491336405277252,
    "eval_loss": 1.3511114120483398,
    "eval_runtime": 90.1455,
    "eval_samples": 10042,
    "eval_samples_per_second": 111.398,
    "eval_steps_per_second": 3.483
}