{
    "epoch": 3.0,
    "eval_accuracy": 0.7990196078431373,
    "eval_combined_score": 0.8285755478662054,
    "eval_f1": 0.8581314878892734,
    "eval_loss": 0.4601566791534424,
    "eval_runtime": 1.0145,
    "eval_samples": 408,
    "eval_samples_per_second": 402.184,
    "eval_steps_per_second": 12.815
}