{"eval_accuracy": 26.790000000000003, "eval_f1": 27.650000000000002}