{
    "epoch": 3.0,
    "eval_accuracy": 0.7874350729656195,
    "eval_combined_score": 0.7594111040267242,
    "eval_f1": 0.7313871350878289,
    "eval_loss": 0.7098910212516785,
    "eval_runtime": 98.8925,
    "eval_samples": 40430,
    "eval_samples_per_second": 408.828,
    "eval_steps_per_second": 12.782
}