{
    "epoch": 3.0,
    "eval_accuracy": 0.8035714030265808,
    "eval_loss": 0.8764691948890686,
    "eval_runtime": 0.1365,
    "eval_samples": 56,
    "eval_samples_per_second": 410.18,
    "eval_steps_per_second": 14.649
}