{
    "epoch": 3.0,
    "eval_accuracy": 0.6964285969734192,
    "eval_loss": 0.8501118421554565,
    "eval_runtime": 0.1694,
    "eval_samples": 56,
    "eval_samples_per_second": 330.577,
    "eval_steps_per_second": 11.806
}