{
    "epoch": 3.0,
    "eval_accuracy": 0.5059195160865784,
    "eval_loss": 0.7004839777946472,
    "eval_runtime": 3.2513,
    "eval_samples": 1267,
    "eval_samples_per_second": 389.693,
    "eval_steps_per_second": 12.303
}