{
    "epoch": 3.0,
    "eval_accuracy": 0.8680981595092024,
    "eval_loss": 0.514233410358429,
    "eval_runtime": 2.1491,
    "eval_samples": 1304,
    "eval_samples_per_second": 606.768,
    "eval_steps_per_second": 19.078
}