{
    "epoch": 3.0,
    "eval_accuracy": 0.3182579576969147,
    "eval_loss": 1.3528375625610352,
    "eval_runtime": 40.4268,
    "eval_samples": 2985,
    "eval_samples_per_second": 73.837,
    "eval_steps_per_second": 2.325
}