{
    "epoch": 3.0,
    "eval_accuracy": 0.6399999856948853,
    "eval_loss": 0.6420220136642456,
    "eval_runtime": 0.1261,
    "eval_samples": 100,
    "eval_samples_per_second": 792.81,
    "eval_steps_per_second": 31.712
}