{
    "epoch": 3.0,
    "eval_accuracy": 0.9217600226402283,
    "eval_loss": 0.354183167219162,
    "eval_runtime": 132.215,
    "eval_samples": 25000,
    "eval_samples_per_second": 189.086,
    "eval_steps_per_second": 5.915
}