{
    "epoch": 3.0,
    "eval_accuracy": 0.6346153616905212,
    "eval_loss": 0.6774723529815674,
    "eval_runtime": 0.26,
    "eval_samples": 104,
    "eval_samples_per_second": 400.04,
    "eval_steps_per_second": 15.386
}