{
    "epoch": 3.0,
    "eval_accuracy": 0.47999998927116394,
    "eval_loss": 0.6931520700454712,
    "eval_runtime": 0.1275,
    "eval_samples": 100,
    "eval_samples_per_second": 784.133,
    "eval_steps_per_second": 31.365
}