{
    "epoch": 3.0,
    "eval_accuracy": 0.6217125654220581,
    "eval_loss": 0.663131058216095,
    "eval_runtime": 36.5529,
    "eval_samples": 3270,
    "eval_samples_per_second": 89.459,
    "eval_steps_per_second": 2.818
}