{
    "epoch": 3.0,
    "eval_accuracy": 0.7560975609756098,
    "eval_loss": 0.5837458968162537,
    "eval_runtime": 3.1827,
    "eval_samples": 1066,
    "eval_samples_per_second": 334.934,
    "eval_steps_per_second": 10.683
}