{
    "epoch": 3.0,
    "eval_accuracy": 0.6346153616905212,
    "eval_loss": 0.6802343130111694,
    "eval_runtime": 0.2583,
    "eval_samples": 104,
    "eval_samples_per_second": 402.695,
    "eval_steps_per_second": 15.488
}