{
    "epoch": 3.0,
    "eval_combined_score": 0.8857910513470615,
    "eval_loss": 0.5376389026641846,
    "eval_pearson": 0.8855696432805866,
    "eval_runtime": 4.0228,
    "eval_samples": 1500,
    "eval_samples_per_second": 372.872,
    "eval_spearmanr": 0.8860124594135365,
    "eval_steps_per_second": 11.683
}