{
    "epoch": 3.0,
    "eval_accuracy": 0.7993569131832797,
    "eval_combined_score": 0.7740901484420238,
    "eval_f1": 0.748823383700768,
    "eval_loss": 0.7650538086891174,
    "eval_runtime": 103.5939,
    "eval_samples": 40430,
    "eval_samples_per_second": 390.274,
    "eval_steps_per_second": 12.201
}