{
    "epoch": 3.0,
    "eval_accuracy": 0.30485761165618896,
    "eval_loss": 1.4243199825286865,
    "eval_runtime": 37.5727,
    "eval_samples": 2985,
    "eval_samples_per_second": 79.446,
    "eval_steps_per_second": 2.502
}