{"eval_accuracy": 72.78999999999999, "eval_f1": 82.74000000000001}