{
    "epoch": 3.0,
    "eval_accuracy": 0.803921568627451,
    "eval_combined_score": 0.8322743731638997,
    "eval_f1": 0.8606271777003484,
    "eval_loss": 0.607325553894043,
    "eval_runtime": 1.0974,
    "eval_samples": 408,
    "eval_samples_per_second": 371.785,
    "eval_steps_per_second": 46.473
}