{
    "epoch": 3.0,
    "eval_accuracy": 0.37755444645881653,
    "eval_loss": 1.3529579639434814,
    "eval_runtime": 37.1416,
    "eval_samples": 2985,
    "eval_samples_per_second": 80.368,
    "eval_steps_per_second": 2.531
}