{
    "epoch": 3.0,
    "eval_accuracy": 0.8571428656578064,
    "eval_loss": 0.5307742953300476,
    "eval_runtime": 0.1386,
    "eval_samples": 56,
    "eval_samples_per_second": 404.048,
    "eval_steps_per_second": 14.43
}