{
    "epoch": 3.0,
    "eval_accuracy": 0.8235294117647058,
    "eval_combined_score": 0.8492647058823529,
    "eval_f1": 0.875,
    "eval_loss": 0.5881516337394714,
    "eval_runtime": 1.0208,
    "eval_samples": 408,
    "eval_samples_per_second": 399.675,
    "eval_steps_per_second": 12.735
}