{
    "epoch": 20.0,
    "eval_average_metrics": 65.18693105365064,
    "eval_loss": 1.0665335655212402,
    "eval_pearson": 63.64126774456367,
    "eval_runtime": 9.2304,
    "eval_samples_per_second": 162.507,
    "eval_spearmanr": 66.7325943627376
}