{
    "epoch": 3.0,
    "eval_accuracy": 0.6285266280174255,
    "eval_loss": 1.3535112142562866,
    "eval_runtime": 0.6915,
    "eval_samples": 638,
    "eval_samples_per_second": 922.649,
    "eval_steps_per_second": 28.923
}