{
    "epoch": 3.0,
    "eval_accuracy": 0.8308823529411765,
    "eval_combined_score": 0.8556491487409523,
    "eval_f1": 0.880415944540728,
    "eval_loss": 0.5186789035797119,
    "eval_runtime": 1.1825,
    "eval_samples": 408,
    "eval_samples_per_second": 345.028,
    "eval_steps_per_second": 10.994
}