{
    "epoch": 3.0,
    "eval_combined_score": 0.8151935329362552,
    "eval_loss": 0.8367742300033569,
    "eval_pearson": 0.8123106888691904,
    "eval_runtime": 4.0946,
    "eval_samples": 1500,
    "eval_samples_per_second": 366.34,
    "eval_spearmanr": 0.8180763770033199,
    "eval_steps_per_second": 11.479
}