{
    "epoch": 3.0,
    "eval_accuracy": 0.751778093883357,
    "eval_loss": 0.6571156978607178,
    "eval_runtime": 26.5539,
    "eval_samples": 9842,
    "eval_samples_per_second": 370.642,
    "eval_steps_per_second": 46.359
}