{
    "epoch": 10.0,
    "eval_gen_len": 2.993333333333333,
    "eval_loss": 1.406346082687378,
    "eval_pearson": 85.1347,
    "eval_runtime": 3.9294,
    "eval_samples": 1500,
    "eval_samples_per_second": 381.742,
    "eval_spearmanr": 84.8213,
    "eval_steps_per_second": 6.108
}