{
    "epoch": 15.0,
    "eval_gen_len": 2.993333333333333,
    "eval_loss": 1.1282968521118164,
    "eval_pearson": 87.8385,
    "eval_runtime": 6.0982,
    "eval_samples": 1500,
    "eval_samples_per_second": 245.974,
    "eval_spearmanr": 87.8062,
    "eval_steps_per_second": 7.707
}