{
    "epoch": 3.0,
    "eval_accuracy": 0.6235038042068481,
    "eval_loss": 0.6745609641075134,
    "eval_runtime": 7.8793,
    "eval_samples": 1838,
    "eval_samples_per_second": 233.27,
    "eval_steps_per_second": 7.361
}