{
    "epoch": 3.0,
    "eval_accuracy": 0.8602941176470589,
    "eval_combined_score": 0.8797045809474233,
    "eval_f1": 0.8991150442477877,
    "eval_loss": 0.671006977558136,
    "eval_runtime": 1.0229,
    "eval_samples": 408,
    "eval_samples_per_second": 398.859,
    "eval_steps_per_second": 12.709
}