{
    "epoch": 3.0,
    "eval_accuracy": 0.5272296667098999,
    "eval_loss": 0.7646946907043457,
    "eval_runtime": 1.8771,
    "eval_samples": 1267,
    "eval_samples_per_second": 674.978,
    "eval_steps_per_second": 21.309
}