{
    "epoch": 3.0,
    "eval_accuracy": 0.7678571343421936,
    "eval_loss": 0.5899930000305176,
    "eval_runtime": 0.1374,
    "eval_samples": 56,
    "eval_samples_per_second": 407.66,
    "eval_steps_per_second": 14.559
}