{
    "epoch": 3.0,
    "eval_accuracy": 0.4109518826007843,
    "eval_loss": 1.0787181854248047,
    "eval_runtime": 5.4201,
    "eval_samples": 1954,
    "eval_samples_per_second": 360.512,
    "eval_steps_per_second": 11.439
}