{
    "epoch": 3.0,
    "eval_accuracy": 0.6272171139717102,
    "eval_loss": 0.6866679191589355,
    "eval_runtime": 36.3027,
    "eval_samples": 3270,
    "eval_samples_per_second": 90.076,
    "eval_steps_per_second": 2.837
}