{
    "epoch": 3.0,
    "eval_accuracy": 0.6071428656578064,
    "eval_loss": 0.9030594825744629,
    "eval_runtime": 0.1407,
    "eval_samples": 56,
    "eval_samples_per_second": 398.113,
    "eval_steps_per_second": 14.218
}