{
    "epoch": 3.0,
    "eval_accuracy": 0.7239583134651184,
    "eval_loss": 0.5263922810554504,
    "eval_runtime": 2.1744,
    "eval_samples": 384,
    "eval_samples_per_second": 176.604,
    "eval_steps_per_second": 5.519
}