{
    "epoch": 3.0,
    "eval_accuracy": 0.8431372549019608,
    "eval_combined_score": 0.8642209572000843,
    "eval_f1": 0.8853046594982079,
    "eval_loss": 0.692919909954071,
    "eval_runtime": 1.0332,
    "eval_samples": 408,
    "eval_samples_per_second": 394.88,
    "eval_steps_per_second": 12.582
}