{
    "epoch": 15.0,
    "eval_gen_len": 2.993333333333333,
    "eval_loss": 1.2136765718460083,
    "eval_pearson": 83.2435,
    "eval_runtime": 6.239,
    "eval_samples": 1500,
    "eval_samples_per_second": 240.422,
    "eval_spearmanr": 82.5672,
    "eval_steps_per_second": 7.533
}