{
    "epoch": 3.0,
    "eval_accuracy": 0.8621013133208255,
    "eval_loss": 0.5996426343917847,
    "eval_runtime": 0.5189,
    "eval_samples": 1066,
    "eval_samples_per_second": 2054.204,
    "eval_steps_per_second": 65.519
}