{
    "epoch": 3.0,
    "eval_accuracy": 0.7678571343421936,
    "eval_loss": 0.6752373576164246,
    "eval_runtime": 0.1387,
    "eval_samples": 56,
    "eval_samples_per_second": 403.628,
    "eval_steps_per_second": 14.415
}