{
    "epoch": 3.0,
    "eval_combined_score": 0.8823247889119453,
    "eval_loss": 0.5153423547744751,
    "eval_pearson": 0.8830002655456441,
    "eval_runtime": 4.0636,
    "eval_samples": 1500,
    "eval_samples_per_second": 369.133,
    "eval_spearmanr": 0.8816493122782465,
    "eval_steps_per_second": 11.566
}