{
    "epoch": 3.0,
    "eval_accuracy": 0.5400000214576721,
    "eval_loss": 0.6931484937667847,
    "eval_runtime": 0.1278,
    "eval_samples": 100,
    "eval_samples_per_second": 782.238,
    "eval_steps_per_second": 31.29
}