{
    "epoch": 3.0,
    "eval_accuracy": 0.7136760820971347,
    "eval_loss": 0.745611846446991,
    "eval_runtime": 24.095,
    "eval_samples": 9842,
    "eval_samples_per_second": 408.467,
    "eval_steps_per_second": 12.783
}