{
    "epoch": 3.0,
    "eval_accuracy": 0.43244627118110657,
    "eval_loss": 1.0984612703323364,
    "eval_runtime": 5.451,
    "eval_samples": 1954,
    "eval_samples_per_second": 358.469,
    "eval_steps_per_second": 11.374
}