{
    "epoch": 3.0,
    "eval_accuracy": 0.6206896305084229,
    "eval_loss": 1.4882434606552124,
    "eval_runtime": 0.6814,
    "eval_samples": 638,
    "eval_samples_per_second": 936.285,
    "eval_steps_per_second": 29.351
}