{
    "epoch": 3.0,
    "eval_accuracy": 0.8480392156862745,
    "eval_combined_score": 0.8705713319810683,
    "eval_f1": 0.8931034482758621,
    "eval_loss": 0.514345109462738,
    "eval_runtime": 1.0503,
    "eval_samples": 408,
    "eval_samples_per_second": 388.455,
    "eval_steps_per_second": 12.377
}