{
    "epoch": 3.0,
    "eval_accuracy": 0.4107142984867096,
    "eval_loss": 0.955723226070404,
    "eval_runtime": 0.1393,
    "eval_samples": 56,
    "eval_samples_per_second": 401.916,
    "eval_steps_per_second": 14.354
}