{
    "epoch": 3.0,
    "eval_accuracy": 0.7832757569599675,
    "eval_loss": 0.6442160606384277,
    "eval_runtime": 27.1015,
    "eval_samples": 9842,
    "eval_samples_per_second": 363.153,
    "eval_steps_per_second": 45.422
}