{
    "epoch": 3.0,
    "eval_accuracy": 0.88420245398773,
    "eval_loss": 0.5335717797279358,
    "eval_runtime": 2.2102,
    "eval_samples": 1304,
    "eval_samples_per_second": 589.987,
    "eval_steps_per_second": 18.55
}