{
    "epoch": 3.0,
    "eval_accuracy": 0.6238532066345215,
    "eval_loss": 0.6567409634590149,
    "eval_runtime": 25.8565,
    "eval_samples": 3270,
    "eval_samples_per_second": 126.467,
    "eval_steps_per_second": 3.984
}