{
    "epoch": 3.0,
    "eval_accuracy": 0.24626567959785461,
    "eval_loss": 1.392924189567566,
    "eval_runtime": 43.2885,
    "eval_samples": 10042,
    "eval_samples_per_second": 231.979,
    "eval_steps_per_second": 7.254
}