{
    "epoch": 3.0,
    "eval_accuracy": 0.3902847468852997,
    "eval_loss": 1.3805077075958252,
    "eval_runtime": 36.4861,
    "eval_samples": 2985,
    "eval_samples_per_second": 81.812,
    "eval_steps_per_second": 2.576
}