{
    "epoch": 3.0,
    "eval_accuracy": 0.515625,
    "eval_loss": 0.6928615570068359,
    "eval_runtime": 1.2335,
    "eval_samples": 384,
    "eval_samples_per_second": 311.316,
    "eval_steps_per_second": 9.729
}