{
    "epoch": 3.0,
    "eval_accuracy": 0.7857142686843872,
    "eval_loss": 0.6215940117835999,
    "eval_runtime": 0.1386,
    "eval_samples": 56,
    "eval_samples_per_second": 403.98,
    "eval_steps_per_second": 14.428
}