{
    "epoch": 10.0,
    "eval_gen_len": 2.9913333333333334,
    "eval_loss": 1.3016437292099,
    "eval_pearson": 85.3181,
    "eval_runtime": 5.8401,
    "eval_samples": 1500,
    "eval_samples_per_second": 256.847,
    "eval_spearmanr": 85.1826,
    "eval_steps_per_second": 4.11
}