{
    "epoch": 3.0,
    "eval_accuracy": 0.630094051361084,
    "eval_loss": 1.127510905265808,
    "eval_runtime": 0.6737,
    "eval_samples": 638,
    "eval_samples_per_second": 946.945,
    "eval_steps_per_second": 29.685
}