{
    "epoch": 3.0,
    "eval_combined_score": 0.8735991986003715,
    "eval_loss": 0.6088979244232178,
    "eval_pearson": 0.8727164101470707,
    "eval_runtime": 4.0017,
    "eval_samples": 1500,
    "eval_samples_per_second": 374.838,
    "eval_spearmanr": 0.8744819870536723,
    "eval_steps_per_second": 11.745
}