{
    "epoch": 3.0,
    "eval_accuracy": 0.2946624159812927,
    "eval_loss": 1.3776718378067017,
    "eval_runtime": 92.3116,
    "eval_samples": 10042,
    "eval_samples_per_second": 108.784,
    "eval_steps_per_second": 3.402
}