{
    "epoch": 3.0,
    "eval_accuracy": 0.8504901960784313,
    "eval_combined_score": 0.8729294891198331,
    "eval_f1": 0.8953687821612349,
    "eval_loss": 0.5475637912750244,
    "eval_runtime": 1.0349,
    "eval_samples": 408,
    "eval_samples_per_second": 394.26,
    "eval_steps_per_second": 12.562
}