{
    "epoch": 3.0,
    "eval_accuracy": 0.90952,
    "eval_loss": 0.3891619145870209,
    "eval_runtime": 142.8701,
    "eval_samples": 25000,
    "eval_samples_per_second": 174.984,
    "eval_steps_per_second": 5.474
}