{
    "epoch": 3.0,
    "eval_accuracy": 0.5416666865348816,
    "eval_loss": 0.683474063873291,
    "eval_runtime": 1.2478,
    "eval_samples": 384,
    "eval_samples_per_second": 307.745,
    "eval_steps_per_second": 9.617
}