{
    "epoch": 5.0,
    "eval_gen_len": 2.9953333333333334,
    "eval_loss": 1.0818769931793213,
    "eval_pearson": 73.0311,
    "eval_runtime": 14.6328,
    "eval_samples": 1500,
    "eval_samples_per_second": 102.509,
    "eval_spearmanr": 77.6885,
    "eval_steps_per_second": 3.212
}