{
    "epoch": 3.0,
    "eval_accuracy": 0.6217125654220581,
    "eval_loss": 0.6634145975112915,
    "eval_runtime": 26.7647,
    "eval_samples": 3270,
    "eval_samples_per_second": 122.176,
    "eval_steps_per_second": 3.848
}