{
    "epoch": 3.0,
    "eval_accuracy": 0.6346153616905212,
    "eval_loss": 0.6861676573753357,
    "eval_runtime": 0.2563,
    "eval_samples": 104,
    "eval_samples_per_second": 405.799,
    "eval_steps_per_second": 15.608
}