{
    "epoch": 3.0,
    "eval_accuracy": 0.5600000023841858,
    "eval_loss": 0.6924632787704468,
    "eval_runtime": 0.129,
    "eval_samples": 100,
    "eval_samples_per_second": 775.442,
    "eval_steps_per_second": 31.018
}