{
    "epoch": 3.0,
    "eval_accuracy": 0.873358348968105,
    "eval_loss": 0.6253880858421326,
    "eval_runtime": 1.8866,
    "eval_samples": 1066,
    "eval_samples_per_second": 565.035,
    "eval_steps_per_second": 18.022
}