{
    "epoch": 3.0,
    "eval_accuracy": 0.7581227436823105,
    "eval_loss": 1.1527165174484253,
    "eval_runtime": 1.6783,
    "eval_samples": 277,
    "eval_samples_per_second": 165.044,
    "eval_steps_per_second": 5.362
}