{
    "epoch": 3.0,
    "eval_accuracy": 0.5114443302154541,
    "eval_loss": 0.7093225717544556,
    "eval_runtime": 1.7083,
    "eval_samples": 1267,
    "eval_samples_per_second": 741.69,
    "eval_steps_per_second": 23.416
}