{
    "epoch": 3.0,
    "eval_combined_score": 0.8581666816866531,
    "eval_loss": 0.6787316799163818,
    "eval_pearson": 0.8555875886339057,
    "eval_runtime": 4.1515,
    "eval_samples": 1500,
    "eval_samples_per_second": 361.315,
    "eval_spearmanr": 0.8607457747394006,
    "eval_steps_per_second": 11.321
}