{
    "epoch": 3.0,
    "eval_accuracy": 0.5357142686843872,
    "eval_loss": 0.9542333483695984,
    "eval_runtime": 0.1397,
    "eval_samples": 56,
    "eval_samples_per_second": 400.781,
    "eval_steps_per_second": 14.314
}