{
    "epoch": 3.0,
    "eval_accuracy": 0.6175190210342407,
    "eval_loss": 0.6677781343460083,
    "eval_runtime": 8.0445,
    "eval_samples": 1838,
    "eval_samples_per_second": 228.478,
    "eval_steps_per_second": 7.21
}