{
    "epoch": 3.0,
    "eval_accuracy": 0.6217125654220581,
    "eval_loss": 0.6640027761459351,
    "eval_runtime": 35.8433,
    "eval_samples": 3270,
    "eval_samples_per_second": 91.23,
    "eval_steps_per_second": 2.874
}