{
    "epoch": 3.0,
    "eval_accuracy": 0.7778906726275148,
    "eval_loss": 0.6320635676383972,
    "eval_runtime": 26.3136,
    "eval_samples": 9842,
    "eval_samples_per_second": 374.027,
    "eval_steps_per_second": 11.705
}