{
    "epoch": 3.0,
    "eval_accuracy": 0.7678571343421936,
    "eval_loss": 0.6296054124832153,
    "eval_runtime": 0.199,
    "eval_samples": 56,
    "eval_samples_per_second": 281.346,
    "eval_steps_per_second": 10.048
}