{
    "epoch": 15.0,
    "eval_gen_len": 2.994666666666667,
    "eval_loss": 1.0916842222213745,
    "eval_pearson": 82.2857,
    "eval_runtime": 6.2159,
    "eval_samples": 1500,
    "eval_samples_per_second": 241.316,
    "eval_spearmanr": 82.2411,
    "eval_steps_per_second": 7.561
}