{
    "epoch": 3.0,
    "eval_accuracy": 0.6666666865348816,
    "eval_loss": 0.6027688384056091,
    "eval_runtime": 0.3232,
    "eval_samples": 384,
    "eval_samples_per_second": 1188.088,
    "eval_steps_per_second": 37.128
}