{
    "epoch": 3.0,
    "eval_accuracy": 0.9079754601226994,
    "eval_loss": 0.49485206604003906,
    "eval_runtime": 2.2755,
    "eval_samples": 1304,
    "eval_samples_per_second": 573.068,
    "eval_steps_per_second": 18.018
}