{
    "epoch": 3.0,
    "eval_accuracy": 0.49723756313323975,
    "eval_loss": 0.6946360468864441,
    "eval_runtime": 1.7419,
    "eval_samples": 1267,
    "eval_samples_per_second": 727.369,
    "eval_steps_per_second": 22.964
}