{
    "epoch": 3.0,
    "eval_accuracy": 0.8008409596834034,
    "eval_combined_score": 0.7721875839313946,
    "eval_f1": 0.7435342081793859,
    "eval_loss": 0.684380054473877,
    "eval_runtime": 99.7869,
    "eval_samples": 40430,
    "eval_samples_per_second": 405.163,
    "eval_steps_per_second": 12.667
}