{
    "epoch": 15.0,
    "eval_gen_len": 2.994666666666667,
    "eval_loss": 1.0957120656967163,
    "eval_pearson": 84.3845,
    "eval_runtime": 6.1248,
    "eval_samples": 1500,
    "eval_samples_per_second": 244.905,
    "eval_spearmanr": 83.7779,
    "eval_steps_per_second": 7.674
}