{
    "epoch": 3.0,
    "eval_accuracy": 0.6346153616905212,
    "eval_loss": 0.6792659759521484,
    "eval_runtime": 0.2547,
    "eval_samples": 104,
    "eval_samples_per_second": 408.244,
    "eval_steps_per_second": 15.702
}