{
    "epoch": 3.0,
    "eval_accuracy": 0.8038090526836508,
    "eval_combined_score": 0.772474332490249,
    "eval_f1": 0.7411396122968473,
    "eval_loss": 0.778623640537262,
    "eval_runtime": 99.2602,
    "eval_samples": 40430,
    "eval_samples_per_second": 407.313,
    "eval_steps_per_second": 12.734
}