{
    "epoch": 15.0,
    "eval_gen_len": 2.997333333333333,
    "eval_loss": 1.3509334325790405,
    "eval_pearson": 77.1582,
    "eval_runtime": 2.5135,
    "eval_samples": 1500,
    "eval_samples_per_second": 596.783,
    "eval_spearmanr": 76.742,
    "eval_steps_per_second": 9.549
}