{
    "epoch": 3.0,
    "eval_accuracy": 0.609717845916748,
    "eval_loss": 1.005407691001892,
    "eval_runtime": 0.707,
    "eval_samples": 638,
    "eval_samples_per_second": 902.422,
    "eval_steps_per_second": 28.289
}