{
    "epoch": 3.0,
    "eval_accuracy": 0.6899999976158142,
    "eval_loss": 0.6038221716880798,
    "eval_runtime": 0.1292,
    "eval_samples": 100,
    "eval_samples_per_second": 774.038,
    "eval_steps_per_second": 30.962
}