{
    "epoch": 3.0,
    "eval_accuracy": 0.6346153616905212,
    "eval_loss": 0.6740403771400452,
    "eval_runtime": 0.2567,
    "eval_samples": 104,
    "eval_samples_per_second": 405.074,
    "eval_steps_per_second": 15.58
}