{
    "epoch": 20.0,
    "eval_average_metrics": 74.45252163556441,
    "eval_loss": 1.0356005430221558,
    "eval_pearson": 73.35596749440815,
    "eval_runtime": 7.9601,
    "eval_samples_per_second": 188.439,
    "eval_spearmanr": 75.54907577672067
}