{
    "epoch": 3.0,
    "eval_accuracy": 0.5987460613250732,
    "eval_loss": 0.893632173538208,
    "eval_runtime": 0.6748,
    "eval_samples": 638,
    "eval_samples_per_second": 945.518,
    "eval_steps_per_second": 29.64
}