{
    "epoch": 3.0,
    "eval_accuracy": 0.3382442592968909,
    "eval_loss": 1.098997712135315,
    "eval_runtime": 25.2416,
    "eval_samples": 9842,
    "eval_samples_per_second": 389.912,
    "eval_steps_per_second": 12.202
}