{
    "epoch": 3.0,
    "eval_accuracy": 0.3466666666666667,
    "eval_loss": 1.3129222393035889,
    "eval_runtime": 4.0053,
    "eval_samples": 1200,
    "eval_samples_per_second": 299.603,
    "eval_steps_per_second": 9.487
}