{
    "epoch": 3.0,
    "eval_accuracy": 0.6346153616905212,
    "eval_loss": 0.6738026738166809,
    "eval_runtime": 0.2549,
    "eval_samples": 104,
    "eval_samples_per_second": 407.988,
    "eval_steps_per_second": 15.692
}