{
    "epoch": 15.0,
    "eval_gen_len": 2.9993333333333334,
    "eval_loss": 1.167288064956665,
    "eval_pearson": 79.6897,
    "eval_runtime": 3.3862,
    "eval_samples": 1500,
    "eval_samples_per_second": 442.97,
    "eval_spearmanr": 79.5326,
    "eval_steps_per_second": 7.088
}