{
    "epoch": 3.0,
    "eval_accuracy": 0.620959997177124,
    "eval_loss": 0.6659316420555115,
    "eval_runtime": 147.3536,
    "eval_samples": 25000,
    "eval_samples_per_second": 169.66,
    "eval_steps_per_second": 5.307
}