{
    "epoch": 3.0,
    "eval_accuracy": 0.4344933331012726,
    "eval_loss": 1.145033359527588,
    "eval_runtime": 5.6516,
    "eval_samples": 1954,
    "eval_samples_per_second": 345.744,
    "eval_steps_per_second": 10.97
}