{
    "epoch": 3.0,
    "eval_accuracy": 0.8578431372549019,
    "eval_combined_score": 0.8780443756449948,
    "eval_f1": 0.8982456140350877,
    "eval_loss": 0.6202526688575745,
    "eval_runtime": 1.0895,
    "eval_samples": 408,
    "eval_samples_per_second": 374.47,
    "eval_steps_per_second": 11.932
}