{
    "epoch": 3.0,
    "eval_combined_score": 0.8088468795070808,
    "eval_loss": 0.8572147488594055,
    "eval_pearson": 0.8060338259349739,
    "eval_runtime": 3.9149,
    "eval_samples": 1500,
    "eval_samples_per_second": 383.151,
    "eval_spearmanr": 0.8116599330791877,
    "eval_steps_per_second": 48.022
}