{
    "epoch": 3.0,
    "eval_accuracy": 0.6346153616905212,
    "eval_loss": 0.6817249059677124,
    "eval_runtime": 0.2562,
    "eval_samples": 104,
    "eval_samples_per_second": 405.878,
    "eval_steps_per_second": 15.611
}