{
    "epoch": 3.0,
    "eval_accuracy": 0.7581227436823105,
    "eval_loss": 1.1892173290252686,
    "eval_runtime": 1.6793,
    "eval_samples": 277,
    "eval_samples_per_second": 164.949,
    "eval_steps_per_second": 5.359
}