{
    "epoch": 3.0,
    "eval_accuracy": 0.6351351351351351,
    "eval_loss": 0.9008280038833618,
    "eval_runtime": 24.5175,
    "eval_samples": 9842,
    "eval_samples_per_second": 401.428,
    "eval_steps_per_second": 12.562
}