{
    "epoch": 3.0,
    "eval_accuracy": 0.48303190408453567,
    "eval_loss": 1.035016417503357,
    "eval_runtime": 23.8522,
    "eval_samples": 9842,
    "eval_samples_per_second": 412.625,
    "eval_steps_per_second": 12.913
}