{
    "epoch": 3.0,
    "eval_accuracy": 0.33916666666666667,
    "eval_loss": 1.1154296398162842,
    "eval_runtime": 3.8345,
    "eval_samples": 1200,
    "eval_samples_per_second": 312.949,
    "eval_steps_per_second": 9.91
}