{
    "epoch": 3.0,
    "eval_accuracy": 0.9140400290489197,
    "eval_loss": 0.42024680972099304,
    "eval_runtime": 205.5886,
    "eval_samples": 25000,
    "eval_samples_per_second": 121.602,
    "eval_steps_per_second": 3.804
}