{
    "epoch": 3.0,
    "eval_accuracy": 0.6399999856948853,
    "eval_loss": 0.6325298547744751,
    "eval_runtime": 0.124,
    "eval_samples": 100,
    "eval_samples_per_second": 806.696,
    "eval_steps_per_second": 32.268
}