{
    "epoch": 3.0,
    "eval_accuracy": 0.8504601226993865,
    "eval_loss": 0.6665878891944885,
    "eval_runtime": 2.5662,
    "eval_samples": 1304,
    "eval_samples_per_second": 508.153,
    "eval_steps_per_second": 15.977
}