{
    "epoch": 3.0,
    "eval_accuracy": 0.8553921568627451,
    "eval_combined_score": 0.8765695619669012,
    "eval_f1": 0.8977469670710572,
    "eval_loss": 0.7907374501228333,
    "eval_runtime": 1.0983,
    "eval_samples": 408,
    "eval_samples_per_second": 371.488,
    "eval_steps_per_second": 46.436
}