{
    "epoch": 3.0,
    "eval_accuracy": 0.6425076723098755,
    "eval_loss": 0.7220199704170227,
    "eval_runtime": 25.8769,
    "eval_samples": 3270,
    "eval_samples_per_second": 126.367,
    "eval_steps_per_second": 3.98
}