{
    "epoch": 3.0,
    "eval_accuracy": 0.5941240191459656,
    "eval_loss": 0.6841901540756226,
    "eval_runtime": 8.4666,
    "eval_samples": 1838,
    "eval_samples_per_second": 217.089,
    "eval_steps_per_second": 6.85
}