{
    "epoch": 3.0,
    "eval_accuracy": 0.5757420659065247,
    "eval_loss": 1.012713074684143,
    "eval_runtime": 5.4034,
    "eval_samples": 1954,
    "eval_samples_per_second": 361.621,
    "eval_steps_per_second": 11.474
}