{
    "epoch": 3.0,
    "eval_accuracy": 0.7871382636655948,
    "eval_combined_score": 0.7611528344423493,
    "eval_f1": 0.7351674052191038,
    "eval_loss": 0.750009298324585,
    "eval_runtime": 99.8907,
    "eval_samples": 40430,
    "eval_samples_per_second": 404.742,
    "eval_steps_per_second": 12.654
}