{
    "epoch": 3.0,
    "eval_accuracy": 0.8414790408200622,
    "eval_loss": 0.709351122379303,
    "eval_runtime": 13.9201,
    "eval_samples": 5463,
    "eval_samples_per_second": 392.454,
    "eval_steps_per_second": 12.284
}