{
    "epoch": 15.0,
    "eval_gen_len": 2.9926666666666666,
    "eval_loss": 1.1499149799346924,
    "eval_pearson": 85.3642,
    "eval_runtime": 6.122,
    "eval_samples": 1500,
    "eval_samples_per_second": 245.017,
    "eval_spearmanr": 85.0852,
    "eval_steps_per_second": 7.677
}