{
    "epoch": 3.0,
    "eval_accuracy": 0.6705954074375127,
    "eval_loss": 0.8302171230316162,
    "eval_runtime": 26.4116,
    "eval_samples": 9842,
    "eval_samples_per_second": 372.64,
    "eval_steps_per_second": 46.608
}