{
    "epoch": 3.0,
    "eval_accuracy": 0.8865030674846626,
    "eval_loss": 0.46997979283332825,
    "eval_runtime": 2.1141,
    "eval_samples": 1304,
    "eval_samples_per_second": 616.804,
    "eval_steps_per_second": 19.393
}