{
    "epoch": 3.0,
    "eval_accuracy": 0.277434766292572,
    "eval_loss": 1.3796427249908447,
    "eval_runtime": 92.2119,
    "eval_samples": 10042,
    "eval_samples_per_second": 108.901,
    "eval_steps_per_second": 3.405
}