{
    "epoch": 3.0,
    "eval_accuracy": 0.7321428656578064,
    "eval_loss": 0.8469427824020386,
    "eval_runtime": 0.1351,
    "eval_samples": 56,
    "eval_samples_per_second": 414.613,
    "eval_steps_per_second": 14.808
}