{
    "epoch": 3.0,
    "eval_accuracy": 0.29748743772506714,
    "eval_loss": 1.3635977506637573,
    "eval_runtime": 37.1653,
    "eval_samples": 2985,
    "eval_samples_per_second": 80.317,
    "eval_steps_per_second": 2.529
}