{
    "epoch": 3.0,
    "eval_accuracy": 0.5078125,
    "eval_loss": 0.6931471824645996,
    "eval_runtime": 1.2577,
    "eval_samples": 384,
    "eval_samples_per_second": 305.319,
    "eval_steps_per_second": 9.541
}