{
    "epoch": 3.0,
    "eval_accuracy": 0.7990196078431373,
    "eval_combined_score": 0.8300182784978398,
    "eval_f1": 0.8610169491525423,
    "eval_loss": 0.5539868474006653,
    "eval_runtime": 1.071,
    "eval_samples": 408,
    "eval_samples_per_second": 380.944,
    "eval_steps_per_second": 47.618
}