{
    "epoch": 3.0,
    "eval_accuracy": 0.7552083134651184,
    "eval_loss": 0.48667481541633606,
    "eval_runtime": 1.2908,
    "eval_samples": 384,
    "eval_samples_per_second": 297.481,
    "eval_steps_per_second": 9.296
}