{
    "epoch": 3.0,
    "eval_accuracy": 0.875,
    "eval_combined_score": 0.8929973821989529,
    "eval_f1": 0.9109947643979057,
    "eval_loss": 0.5557348728179932,
    "eval_runtime": 1.0958,
    "eval_samples": 408,
    "eval_samples_per_second": 372.315,
    "eval_steps_per_second": 11.863
}