{
    "epoch": 3.0,
    "eval_accuracy": 0.4713541567325592,
    "eval_loss": 0.6919973492622375,
    "eval_runtime": 1.4492,
    "eval_samples": 384,
    "eval_samples_per_second": 264.979,
    "eval_steps_per_second": 8.281
}