{
    "epoch": 3.0,
    "eval_accuracy": 0.7737730061349694,
    "eval_loss": 0.620659589767456,
    "eval_runtime": 2.135,
    "eval_samples": 1304,
    "eval_samples_per_second": 610.765,
    "eval_steps_per_second": 19.203
}