{
    "epoch": 3.0,
    "eval_accuracy": 0.8123175859510264,
    "eval_combined_score": 0.7856531393101593,
    "eval_f1": 0.7589886926692924,
    "eval_loss": 0.8465045690536499,
    "eval_runtime": 102.4165,
    "eval_samples": 40430,
    "eval_samples_per_second": 394.761,
    "eval_steps_per_second": 12.342
}