{
    "epoch": 3.0,
    "eval_accuracy": 0.8052352187442797,
    "eval_loss": 0.6214438080787659,
    "eval_runtime": 13.7754,
    "eval_samples": 5463,
    "eval_samples_per_second": 396.577,
    "eval_steps_per_second": 12.413
}