{
    "epoch": 3.0,
    "eval_accuracy": 0.8450000286102295,
    "eval_loss": 0.4933852255344391,
    "eval_runtime": 128.8027,
    "eval_samples": 25000,
    "eval_samples_per_second": 194.095,
    "eval_steps_per_second": 6.071
}