{
    "epoch": 3.0,
    "eval_accuracy": 0.6779109937004674,
    "eval_loss": 0.7634758353233337,
    "eval_runtime": 26.2289,
    "eval_samples": 9842,
    "eval_samples_per_second": 375.236,
    "eval_steps_per_second": 11.743
}