{
    "epoch": 3.0,
    "eval_accuracy": 0.5052083134651184,
    "eval_loss": 0.6932666897773743,
    "eval_runtime": 1.3701,
    "eval_samples": 384,
    "eval_samples_per_second": 280.268,
    "eval_steps_per_second": 8.758
}