{
    "epoch": 3.0,
    "eval_accuracy": 0.898639976978302,
    "eval_loss": 0.44906994700431824,
    "eval_runtime": 129.6032,
    "eval_samples": 25000,
    "eval_samples_per_second": 192.897,
    "eval_steps_per_second": 6.034
}