{
    "epoch": 3.0,
    "eval_accuracy": 0.7966856294830571,
    "eval_combined_score": 0.7732438922358975,
    "eval_f1": 0.749802154988738,
    "eval_loss": 0.5935681462287903,
    "eval_runtime": 106.7126,
    "eval_samples": 40430,
    "eval_samples_per_second": 378.868,
    "eval_steps_per_second": 11.845
}