{
    "epoch": 3.0,
    "eval_accuracy": 0.8774509803921569,
    "eval_combined_score": 0.8962084833933572,
    "eval_f1": 0.9149659863945577,
    "eval_loss": 0.6139472723007202,
    "eval_runtime": 1.0293,
    "eval_samples": 408,
    "eval_samples_per_second": 396.378,
    "eval_steps_per_second": 12.63
}