{
    "epoch": 15.0,
    "eval_gen_len": 2.998666666666667,
    "eval_loss": 0.9610922932624817,
    "eval_pearson": 87.9177,
    "eval_runtime": 20.306,
    "eval_samples": 1500,
    "eval_samples_per_second": 73.87,
    "eval_spearmanr": 88.1114,
    "eval_steps_per_second": 4.629
}