{
    "epoch": 3.0,
    "eval_accuracy": 0.7280484788523374,
    "eval_combined_score": 0.6659518200422738,
    "eval_f1": 0.6038551612322104,
    "eval_loss": 0.5808559060096741,
    "eval_runtime": 100.0416,
    "eval_samples": 40430,
    "eval_samples_per_second": 404.132,
    "eval_steps_per_second": 12.635
}