{
    "epoch": 3.0,
    "eval_accuracy": 0.36083333333333334,
    "eval_loss": 1.1595795154571533,
    "eval_runtime": 3.9454,
    "eval_samples": 1200,
    "eval_samples_per_second": 304.149,
    "eval_steps_per_second": 9.631
}