{
    "epoch": 3.0,
    "eval_accuracy": 0.8455882352941176,
    "eval_combined_score": 0.8703814720563767,
    "eval_f1": 0.8951747088186357,
    "eval_loss": 0.8304530382156372,
    "eval_runtime": 1.0712,
    "eval_samples": 408,
    "eval_samples_per_second": 380.893,
    "eval_steps_per_second": 12.136
}