{
    "epoch": 15.0,
    "eval_gen_len": 2.9993333333333334,
    "eval_loss": 0.9855917692184448,
    "eval_pearson": 87.0928,
    "eval_runtime": 20.3908,
    "eval_samples": 1500,
    "eval_samples_per_second": 73.563,
    "eval_spearmanr": 86.9973,
    "eval_steps_per_second": 4.61
}