{
    "epoch": 3.0,
    "eval_accuracy": 0.8320552147239264,
    "eval_loss": 0.5871254205703735,
    "eval_runtime": 2.2116,
    "eval_samples": 1304,
    "eval_samples_per_second": 589.627,
    "eval_steps_per_second": 18.539
}