{
    "epoch": 3.0,
    "eval_combined_score": 0.8710051466965931,
    "eval_loss": 0.6466288566589355,
    "eval_pearson": 0.8712458854142058,
    "eval_runtime": 3.7413,
    "eval_samples": 1500,
    "eval_samples_per_second": 400.926,
    "eval_spearmanr": 0.8707644079789805,
    "eval_steps_per_second": 12.562
}