{
    "epoch": 3.0,
    "eval_accuracy": 0.3439099192619324,
    "eval_loss": 1.0986121892929077,
    "eval_runtime": 5.4552,
    "eval_samples": 1954,
    "eval_samples_per_second": 358.187,
    "eval_steps_per_second": 11.365
}