{
    "epoch": 3.0,
    "eval_accuracy": 0.6119791865348816,
    "eval_loss": 0.6894972324371338,
    "eval_runtime": 1.3717,
    "eval_samples": 384,
    "eval_samples_per_second": 279.938,
    "eval_steps_per_second": 8.748
}