{
    "epoch": 3.0,
    "eval_accuracy": 0.8182280024385288,
    "eval_loss": 0.5944144129753113,
    "eval_runtime": 23.9524,
    "eval_samples": 9842,
    "eval_samples_per_second": 410.898,
    "eval_steps_per_second": 12.859
}