{
    "epoch": 3.0,
    "eval_accuracy": 0.7970813752164234,
    "eval_combined_score": 0.764128209726306,
    "eval_f1": 0.7311750442361885,
    "eval_loss": 0.8492609858512878,
    "eval_runtime": 101.399,
    "eval_samples": 40430,
    "eval_samples_per_second": 398.722,
    "eval_steps_per_second": 12.466
}