{
    "epoch": 3.0,
    "eval_accuracy": 0.4206755459308624,
    "eval_loss": 1.0660648345947266,
    "eval_runtime": 5.3825,
    "eval_samples": 1954,
    "eval_samples_per_second": 363.026,
    "eval_steps_per_second": 11.519
}