{
    "epoch": 3.0,
    "eval_accuracy": 0.5658307075500488,
    "eval_loss": 0.8175684809684753,
    "eval_runtime": 0.7118,
    "eval_samples": 638,
    "eval_samples_per_second": 896.343,
    "eval_steps_per_second": 28.099
}