{
    "epoch": 3.0,
    "eval_accuracy": 0.90504,
    "eval_loss": 0.4631534516811371,
    "eval_runtime": 137.6478,
    "eval_samples": 25000,
    "eval_samples_per_second": 181.623,
    "eval_steps_per_second": 5.681
}