{
    "epoch": 3.0,
    "eval_accuracy": 0.3390284776687622,
    "eval_loss": 1.3533505201339722,
    "eval_runtime": 37.7867,
    "eval_samples": 2985,
    "eval_samples_per_second": 78.996,
    "eval_steps_per_second": 2.488
}