{
    "epoch": 3.0,
    "eval_accuracy": 0.3283333333333333,
    "eval_loss": 1.1206486225128174,
    "eval_runtime": 3.851,
    "eval_samples": 1200,
    "eval_samples_per_second": 311.605,
    "eval_steps_per_second": 9.867
}