{
    "epoch": 3.0,
    "eval_accuracy": 0.8500823723228995,
    "eval_loss": 0.6816486716270447,
    "eval_runtime": 13.8532,
    "eval_samples": 5463,
    "eval_samples_per_second": 394.351,
    "eval_steps_per_second": 12.344
}