{
    "epoch": 3.0,
    "eval_accuracy": 0.7786930258099946,
    "eval_loss": 0.4985322058200836,
    "eval_runtime": 14.9788,
    "eval_samples": 5463,
    "eval_samples_per_second": 364.716,
    "eval_steps_per_second": 45.598
}