{
    "epoch": 3.0,
    "eval_accuracy": 0.494080513715744,
    "eval_loss": 0.693459153175354,
    "eval_runtime": 1.9129,
    "eval_samples": 1267,
    "eval_samples_per_second": 662.33,
    "eval_steps_per_second": 20.91
}