{
    "epoch": 3.0,
    "eval_accuracy": 0.91548,
    "eval_loss": 0.3935985267162323,
    "eval_runtime": 141.0196,
    "eval_samples": 25000,
    "eval_samples_per_second": 177.28,
    "eval_steps_per_second": 5.545
}