{
    "epoch": 3.0,
    "eval_accuracy": 0.8677298311444653,
    "eval_loss": 0.5807514786720276,
    "eval_runtime": 1.7091,
    "eval_samples": 1066,
    "eval_samples_per_second": 623.713,
    "eval_steps_per_second": 19.893
}