{
    "epoch": 3.0,
    "eval_accuracy": 0.7539450902794954,
    "eval_combined_score": 0.7162097784946282,
    "eval_f1": 0.6784744667097609,
    "eval_loss": 0.5781204700469971,
    "eval_runtime": 108.5959,
    "eval_samples": 40430,
    "eval_samples_per_second": 372.298,
    "eval_steps_per_second": 46.539
}