{
    "epoch": 3.0,
    "eval_accuracy": 0.9026073619631901,
    "eval_loss": 0.47979819774627686,
    "eval_runtime": 2.2207,
    "eval_samples": 1304,
    "eval_samples_per_second": 587.201,
    "eval_steps_per_second": 18.463
}