{
    "epoch": 3.0,
    "eval_accuracy": 0.8374314163787848,
    "eval_loss": 0.7765753269195557,
    "eval_runtime": 24.8611,
    "eval_samples": 9842,
    "eval_samples_per_second": 395.879,
    "eval_steps_per_second": 12.389
}