{
    "epoch": 3.0,
    "eval_accuracy": 0.33916666666666667,
    "eval_loss": 1.164049506187439,
    "eval_runtime": 3.9157,
    "eval_samples": 1200,
    "eval_samples_per_second": 306.459,
    "eval_steps_per_second": 9.705
}