{
    "epoch": 3.0,
    "eval_combined_score": 0.8859049897803749,
    "eval_loss": 0.560784101486206,
    "eval_pearson": 0.8848736707560279,
    "eval_runtime": 4.1938,
    "eval_samples": 1500,
    "eval_samples_per_second": 357.673,
    "eval_spearmanr": 0.886936308804722,
    "eval_steps_per_second": 11.207
}