{
    "epoch": 3.0,
    "eval_combined_score": 0.8887443123401009,
    "eval_loss": 0.5079907774925232,
    "eval_pearson": 0.8895742280127481,
    "eval_runtime": 4.6792,
    "eval_samples": 1500,
    "eval_samples_per_second": 320.57,
    "eval_spearmanr": 0.8879143966674536,
    "eval_steps_per_second": 10.045
}