{
    "epoch": 3.0,
    "eval_accuracy": 0.3466666666666667,
    "eval_loss": 1.0973412990570068,
    "eval_runtime": 3.9377,
    "eval_samples": 1200,
    "eval_samples_per_second": 304.743,
    "eval_steps_per_second": 9.65
}