{
    "epoch": 3.0,
    "eval_accuracy": 0.7142857313156128,
    "eval_loss": 0.8366602659225464,
    "eval_runtime": 0.1411,
    "eval_samples": 56,
    "eval_samples_per_second": 396.802,
    "eval_steps_per_second": 14.172
}