{
    "epoch": 15.0,
    "eval_gen_len": 2.998666666666667,
    "eval_loss": 1.0442407131195068,
    "eval_pearson": 81.2241,
    "eval_runtime": 6.2015,
    "eval_samples": 1500,
    "eval_samples_per_second": 241.877,
    "eval_spearmanr": 80.7162,
    "eval_steps_per_second": 7.579
}