{
    "epoch": 15.0,
    "eval_gen_len": 2.997333333333333,
    "eval_loss": 1.0707311630249023,
    "eval_pearson": 85.4866,
    "eval_runtime": 6.3703,
    "eval_samples": 1500,
    "eval_samples_per_second": 235.466,
    "eval_spearmanr": 85.247,
    "eval_steps_per_second": 7.378
}