{
    "epoch": 3.0,
    "eval_accuracy": 0.5011839270591736,
    "eval_loss": 0.6931442022323608,
    "eval_runtime": 1.9804,
    "eval_samples": 1267,
    "eval_samples_per_second": 639.779,
    "eval_steps_per_second": 20.198
}