{
    "epoch": 3.0,
    "eval_accuracy": 0.5614798665046692,
    "eval_loss": 0.691295862197876,
    "eval_runtime": 8.3936,
    "eval_samples": 1838,
    "eval_samples_per_second": 218.978,
    "eval_steps_per_second": 6.91
}