{
    "epoch": 15.0,
    "eval_gen_len": 2.9913333333333334,
    "eval_loss": 1.153009295463562,
    "eval_pearson": 85.4541,
    "eval_runtime": 6.8209,
    "eval_samples": 1500,
    "eval_samples_per_second": 219.913,
    "eval_spearmanr": 85.3927,
    "eval_steps_per_second": 6.891
}