{
    "epoch": 3.0,
    "eval_accuracy": 0.6289372078845763,
    "eval_loss": 0.816161572933197,
    "eval_runtime": 26.0158,
    "eval_samples": 9842,
    "eval_samples_per_second": 378.308,
    "eval_steps_per_second": 11.839
}