{
    "epoch": 3.0,
    "eval_accuracy": 0.30887773633003235,
    "eval_loss": 1.3555275201797485,
    "eval_runtime": 39.7438,
    "eval_samples": 2985,
    "eval_samples_per_second": 75.106,
    "eval_steps_per_second": 2.365
}