{
    "epoch": 3.0,
    "eval_accuracy": 0.4956590235233307,
    "eval_loss": 0.6936816573143005,
    "eval_runtime": 1.7496,
    "eval_samples": 1267,
    "eval_samples_per_second": 724.184,
    "eval_steps_per_second": 22.863
}