{
    "epoch": 3.0,
    "eval_accuracy": 0.7524509803921569,
    "eval_combined_score": 0.7901948258008484,
    "eval_f1": 0.8279386712095401,
    "eval_loss": 0.5217259526252747,
    "eval_runtime": 1.0582,
    "eval_samples": 408,
    "eval_samples_per_second": 385.578,
    "eval_steps_per_second": 12.286
}