{
    "epoch": 3.0,
    "eval_accuracy": 0.6398258805274963,
    "eval_loss": 0.6567489504814148,
    "eval_runtime": 7.6781,
    "eval_samples": 1838,
    "eval_samples_per_second": 239.382,
    "eval_steps_per_second": 7.554
}