{
    "epoch": 3.0,
    "eval_accuracy": 0.6590213775634766,
    "eval_loss": 0.7953625917434692,
    "eval_runtime": 36.3334,
    "eval_samples": 3270,
    "eval_samples_per_second": 90.0,
    "eval_steps_per_second": 2.835
}