{
    "epoch": 3.0,
    "eval_accuracy": 0.8771106941838649,
    "eval_loss": 0.6222314238548279,
    "eval_runtime": 1.7193,
    "eval_samples": 1066,
    "eval_samples_per_second": 620.011,
    "eval_steps_per_second": 19.775
}