{
    "epoch": 3.0,
    "eval_accuracy": 0.7678571343421936,
    "eval_loss": 0.627613365650177,
    "eval_runtime": 0.1391,
    "eval_samples": 56,
    "eval_samples_per_second": 402.712,
    "eval_steps_per_second": 14.383
}