{
    "epoch": 3.0,
    "eval_accuracy": 0.8386491557223265,
    "eval_loss": 0.6242091655731201,
    "eval_runtime": 1.7605,
    "eval_samples": 1066,
    "eval_samples_per_second": 605.519,
    "eval_steps_per_second": 19.313
}