{
    "epoch": 3.0,
    "eval_accuracy": 0.5500544309616089,
    "eval_loss": 0.6931470036506653,
    "eval_runtime": 7.841,
    "eval_samples": 1838,
    "eval_samples_per_second": 234.408,
    "eval_steps_per_second": 7.397
}