{
    "epoch": 20.0,
    "eval_average_metrics": 4.209945579777441,
    "eval_loss": 1.1668187379837036,
    "eval_pearson": 4.722336719162243,
    "eval_runtime": 9.2775,
    "eval_samples_per_second": 161.681,
    "eval_spearmanr": 3.697554440392639
}