{
    "epoch": 3.0,
    "eval_accuracy": 0.9141104294478528,
    "eval_loss": 0.430044949054718,
    "eval_runtime": 2.1476,
    "eval_samples": 1304,
    "eval_samples_per_second": 607.198,
    "eval_steps_per_second": 19.091
}