{
    "epoch": 3.0,
    "eval_accuracy": 0.5239390730857849,
    "eval_loss": 0.6931391358375549,
    "eval_runtime": 8.7552,
    "eval_samples": 1838,
    "eval_samples_per_second": 209.933,
    "eval_steps_per_second": 6.625
}