{
    "epoch": 3.0,
    "eval_accuracy": 0.8574108818011257,
    "eval_loss": 0.6254016757011414,
    "eval_runtime": 1.7053,
    "eval_samples": 1066,
    "eval_samples_per_second": 625.117,
    "eval_steps_per_second": 19.938
}