{
    "epoch": 15.0,
    "eval_gen_len": 2.985333333333333,
    "eval_loss": 1.1178697347640991,
    "eval_pearson": 83.6241,
    "eval_runtime": 6.0511,
    "eval_samples": 1500,
    "eval_samples_per_second": 247.889,
    "eval_spearmanr": 83.1138,
    "eval_steps_per_second": 7.767
}