{
    "epoch": 3.0,
    "eval_accuracy": 0.8088235294117647,
    "eval_combined_score": 0.8380852340936376,
    "eval_f1": 0.8673469387755103,
    "eval_loss": 0.4894998073577881,
    "eval_runtime": 1.0648,
    "eval_samples": 408,
    "eval_samples_per_second": 383.153,
    "eval_steps_per_second": 12.208
}