{
    "epoch": 3.0,
    "eval_accuracy": 0.90812,
    "eval_loss": 0.39903703331947327,
    "eval_runtime": 132.0601,
    "eval_samples": 25000,
    "eval_samples_per_second": 189.308,
    "eval_steps_per_second": 5.922
}