{
    "epoch": 20.0,
    "eval_average_metrics": 76.57249929287768,
    "eval_loss": 1.0268052816390991,
    "eval_pearson": 77.17853500330304,
    "eval_runtime": 7.5473,
    "eval_samples_per_second": 198.745,
    "eval_spearmanr": 75.96646358245232
}