{
    "epoch": 3.0,
    "eval_combined_score": 0.8902891382489999,
    "eval_loss": 0.508513331413269,
    "eval_pearson": 0.8896566215301203,
    "eval_runtime": 3.7736,
    "eval_samples": 1500,
    "eval_samples_per_second": 397.501,
    "eval_spearmanr": 0.8909216549678795,
    "eval_steps_per_second": 12.455
}