{
    "epoch": 3.0,
    "eval_accuracy": 0.6787003610108303,
    "eval_loss": 1.022829294204712,
    "eval_runtime": 1.6869,
    "eval_samples": 277,
    "eval_samples_per_second": 164.204,
    "eval_steps_per_second": 5.335
}