{
    "epoch": 3.0,
    "eval_accuracy": 0.71100914478302,
    "eval_loss": 1.0572788715362549,
    "eval_runtime": 25.6544,
    "eval_samples": 3270,
    "eval_samples_per_second": 127.464,
    "eval_steps_per_second": 4.015
}