{
    "epoch": 15.0,
    "eval_gen_len": 2.9926666666666666,
    "eval_loss": 1.1666538715362549,
    "eval_pearson": 83.4796,
    "eval_runtime": 2.7476,
    "eval_samples": 1500,
    "eval_samples_per_second": 545.931,
    "eval_spearmanr": 83.2183,
    "eval_steps_per_second": 8.735
}