{
    "epoch": 3.0,
    "eval_accuracy": 0.6028880866425993,
    "eval_loss": 0.9305254817008972,
    "eval_runtime": 1.6886,
    "eval_samples": 277,
    "eval_samples_per_second": 164.045,
    "eval_steps_per_second": 5.33
}