{
    "epoch": 3.0,
    "eval_accuracy": 0.49723756313323975,
    "eval_loss": 0.6951239109039307,
    "eval_runtime": 3.2277,
    "eval_samples": 1267,
    "eval_samples_per_second": 392.545,
    "eval_steps_per_second": 12.393
}