{
    "epoch": 3.0,
    "eval_accuracy": 0.5416666865348816,
    "eval_loss": 0.6920272707939148,
    "eval_runtime": 1.2418,
    "eval_samples": 384,
    "eval_samples_per_second": 309.229,
    "eval_steps_per_second": 9.663
}