{
    "epoch": 3.0,
    "eval_accuracy": 0.91376,
    "eval_loss": 0.4149162769317627,
    "eval_runtime": 141.1845,
    "eval_samples": 25000,
    "eval_samples_per_second": 177.073,
    "eval_steps_per_second": 5.539
}