{
    "epoch": 3.0,
    "eval_accuracy": 0.8799019607843137,
    "eval_combined_score": 0.8977823056933616,
    "eval_f1": 0.9156626506024096,
    "eval_loss": 0.6663880348205566,
    "eval_runtime": 1.0311,
    "eval_samples": 408,
    "eval_samples_per_second": 395.71,
    "eval_steps_per_second": 12.608
}