{
    "epoch": 3.0,
    "eval_accuracy": 0.5538628697395325,
    "eval_loss": 0.6884337067604065,
    "eval_runtime": 8.1769,
    "eval_samples": 1838,
    "eval_samples_per_second": 224.78,
    "eval_steps_per_second": 7.093
}