{
    "epoch": 3.0,
    "eval_accuracy": 0.6495412588119507,
    "eval_loss": 0.7140307426452637,
    "eval_runtime": 25.9494,
    "eval_samples": 3270,
    "eval_samples_per_second": 126.014,
    "eval_steps_per_second": 3.969
}