{
    "epoch": 15.0,
    "eval_gen_len": 2.994666666666667,
    "eval_loss": 1.1150106191635132,
    "eval_pearson": 84.3692,
    "eval_runtime": 6.2438,
    "eval_samples": 1500,
    "eval_samples_per_second": 240.239,
    "eval_spearmanr": 84.0146,
    "eval_steps_per_second": 7.527
}