{
    "epoch": 3.0,
    "eval_accuracy": 0.5403684973716736,
    "eval_loss": 1.1854132413864136,
    "eval_runtime": 36.7027,
    "eval_samples": 2985,
    "eval_samples_per_second": 81.329,
    "eval_steps_per_second": 2.561
}