{
    "epoch": 3.0,
    "eval_combined_score": 0.8644524270660103,
    "eval_loss": 0.6373384594917297,
    "eval_pearson": 0.8649272070583818,
    "eval_runtime": 4.0586,
    "eval_samples": 1500,
    "eval_samples_per_second": 369.589,
    "eval_spearmanr": 0.8639776470736388,
    "eval_steps_per_second": 11.58
}