{
    "epoch": 3.0,
    "eval_accuracy": 0.8834355828220859,
    "eval_loss": 0.6074387431144714,
    "eval_runtime": 2.7173,
    "eval_samples": 1304,
    "eval_samples_per_second": 479.885,
    "eval_steps_per_second": 15.088
}