{
    "epoch": 3.0,
    "eval_accuracy": 0.9087423312883436,
    "eval_loss": 0.4252617359161377,
    "eval_runtime": 2.1198,
    "eval_samples": 1304,
    "eval_samples_per_second": 615.144,
    "eval_steps_per_second": 19.341
}