{
    "epoch": 3.0,
    "eval_accuracy": 0.2686767280101776,
    "eval_loss": 1.4851990938186646,
    "eval_runtime": 37.4427,
    "eval_samples": 2985,
    "eval_samples_per_second": 79.722,
    "eval_steps_per_second": 2.511
}