{
    "epoch": 3.0,
    "eval_accuracy": 0.6785714030265808,
    "eval_loss": 0.7750117182731628,
    "eval_runtime": 0.1386,
    "eval_samples": 56,
    "eval_samples_per_second": 403.905,
    "eval_steps_per_second": 14.425
}