{
    "epoch": 20.0,
    "eval_average_metrics": 78.14668752419814,
    "eval_loss": 1.0314379930496216,
    "eval_pearson": 77.6043019269799,
    "eval_runtime": 8.0808,
    "eval_samples_per_second": 185.626,
    "eval_spearmanr": 78.6890731214164
}