{
    "epoch": 3.0,
    "eval_accuracy": 0.5631768953068592,
    "eval_loss": 0.7561489939689636,
    "eval_runtime": 1.7808,
    "eval_samples": 277,
    "eval_samples_per_second": 155.545,
    "eval_steps_per_second": 5.054
}