{
    "epoch": 15.0,
    "eval_gen_len": 2.989333333333333,
    "eval_loss": 1.1149718761444092,
    "eval_pearson": 84.452,
    "eval_runtime": 7.0034,
    "eval_samples": 1500,
    "eval_samples_per_second": 214.181,
    "eval_spearmanr": 84.067,
    "eval_steps_per_second": 6.711
}