{
    "epoch": 3.0,
    "eval_accuracy": 0.8121316805527332,
    "eval_loss": 0.655346691608429,
    "eval_runtime": 24.6448,
    "eval_samples": 9842,
    "eval_samples_per_second": 399.354,
    "eval_steps_per_second": 12.498
}