{
    "epoch": 3.0,
    "eval_accuracy": 0.8301299652205748,
    "eval_loss": 0.5773451328277588,
    "eval_runtime": 13.4456,
    "eval_samples": 5463,
    "eval_samples_per_second": 406.303,
    "eval_steps_per_second": 12.718
}