{
    "epoch": 3.0,
    "eval_accuracy": 0.5554950833320618,
    "eval_loss": 0.6930858492851257,
    "eval_runtime": 7.8711,
    "eval_samples": 1838,
    "eval_samples_per_second": 233.513,
    "eval_steps_per_second": 7.369
}