{
    "epoch": 3.0,
    "eval_accuracy": 0.5067087411880493,
    "eval_loss": 0.6969173550605774,
    "eval_runtime": 1.9149,
    "eval_samples": 1267,
    "eval_samples_per_second": 661.649,
    "eval_steps_per_second": 20.889
}