{
    "epoch": 3.0,
    "eval_accuracy": 0.5812274368231047,
    "eval_loss": 0.6880179643630981,
    "eval_runtime": 1.6836,
    "eval_samples": 277,
    "eval_samples_per_second": 164.53,
    "eval_steps_per_second": 5.346
}