{
    "epoch": 3.0,
    "eval_accuracy": 0.34495121240615845,
    "eval_loss": 1.3531525135040283,
    "eval_runtime": 90.3676,
    "eval_samples": 10042,
    "eval_samples_per_second": 111.124,
    "eval_steps_per_second": 3.475
}