{
    "epoch": 3.0,
    "eval_accuracy": 0.3541666666666667,
    "eval_loss": 1.0997692346572876,
    "eval_runtime": 3.8764,
    "eval_samples": 1200,
    "eval_samples_per_second": 309.569,
    "eval_steps_per_second": 9.803
}