{
    "epoch": 3.0,
    "eval_accuracy": 0.7877071481573089,
    "eval_combined_score": 0.763258035294077,
    "eval_f1": 0.7388089224308451,
    "eval_loss": 0.5691534280776978,
    "eval_runtime": 107.8505,
    "eval_samples": 40430,
    "eval_samples_per_second": 374.871,
    "eval_steps_per_second": 46.861
}