{
    "epoch": 3.0,
    "eval_accuracy": 0.526115357875824,
    "eval_loss": 0.6931442022323608,
    "eval_runtime": 7.8876,
    "eval_samples": 1838,
    "eval_samples_per_second": 233.024,
    "eval_steps_per_second": 7.353
}