{
    "epoch": 10.0,
    "eval_gen_len": 2.9953333333333334,
    "eval_loss": 1.2067570686340332,
    "eval_pearson": 87.3266,
    "eval_runtime": 5.8876,
    "eval_samples": 1500,
    "eval_samples_per_second": 254.774,
    "eval_spearmanr": 87.0883,
    "eval_steps_per_second": 4.076
}