{
    "epoch": 15.0,
    "eval_gen_len": 3.001333333333333,
    "eval_loss": 1.287522554397583,
    "eval_pearson": 78.0514,
    "eval_runtime": 2.8429,
    "eval_samples": 1500,
    "eval_samples_per_second": 527.637,
    "eval_spearmanr": 77.3344,
    "eval_steps_per_second": 8.442
}