{
    "epoch": 3.0,
    "eval_accuracy": 0.7142857313156128,
    "eval_loss": 0.787038266658783,
    "eval_runtime": 0.1685,
    "eval_samples": 56,
    "eval_samples_per_second": 332.352,
    "eval_steps_per_second": 11.87
}