{
    "epoch": 3.0,
    "eval_accuracy": 0.7454785612680349,
    "eval_loss": 0.7179017066955566,
    "eval_runtime": 24.3242,
    "eval_samples": 9842,
    "eval_samples_per_second": 404.618,
    "eval_steps_per_second": 12.662
}