{
    "epoch": 3.0,
    "eval_combined_score": 0.33192172338501175,
    "eval_loss": 2.850534439086914,
    "eval_pearson": 0.3850487452262098,
    "eval_runtime": 3.8971,
    "eval_samples": 1500,
    "eval_samples_per_second": 384.898,
    "eval_spearmanr": 0.2787947015438137,
    "eval_steps_per_second": 12.06
}