{
    "epoch": 15.0,
    "eval_gen_len": 2.994666666666667,
    "eval_loss": 1.2712516784667969,
    "eval_pearson": 79.4899,
    "eval_runtime": 2.9259,
    "eval_samples": 1500,
    "eval_samples_per_second": 512.657,
    "eval_spearmanr": 79.1713,
    "eval_steps_per_second": 8.203
}