{
    "epoch": 3.0,
    "eval_accuracy": 0.776173285198556,
    "eval_loss": 0.9622359871864319,
    "eval_runtime": 1.6904,
    "eval_samples": 277,
    "eval_samples_per_second": 163.869,
    "eval_steps_per_second": 5.324
}