{
    "epoch": 3.0,
    "eval_accuracy": 0.4857621490955353,
    "eval_loss": 1.3562533855438232,
    "eval_runtime": 37.1488,
    "eval_samples": 2985,
    "eval_samples_per_second": 80.353,
    "eval_steps_per_second": 2.53
}