{
    "epoch": 15.0,
    "eval_gen_len": 2.993333333333333,
    "eval_loss": 1.2566027641296387,
    "eval_pearson": 79.1791,
    "eval_runtime": 2.4717,
    "eval_samples": 1500,
    "eval_samples_per_second": 606.862,
    "eval_spearmanr": 79.1092,
    "eval_steps_per_second": 9.71
}