{
    "epoch": 3.0,
    "eval_accuracy": 0.8627450980392157,
    "eval_combined_score": 0.8829296424452133,
    "eval_f1": 0.903114186851211,
    "eval_loss": 0.7181875109672546,
    "eval_runtime": 22.0239,
    "eval_samples": 408,
    "eval_samples_per_second": 18.525,
    "eval_steps_per_second": 0.59
}