{
    "epoch": 15.0,
    "eval_gen_len": 2.997333333333333,
    "eval_loss": 1.0903857946395874,
    "eval_pearson": 84.6948,
    "eval_runtime": 6.3231,
    "eval_samples": 1500,
    "eval_samples_per_second": 237.225,
    "eval_spearmanr": 84.3096,
    "eval_steps_per_second": 7.433
}