{
    "epoch": 3.0,
    "eval_accuracy": 0.5209155678749084,
    "eval_loss": 0.6912923455238342,
    "eval_runtime": 2.0546,
    "eval_samples": 1267,
    "eval_samples_per_second": 616.658,
    "eval_steps_per_second": 19.468
}