{
    "epoch": 3.0,
    "eval_accuracy": 0.8630393996247655,
    "eval_loss": 0.6536149382591248,
    "eval_runtime": 1.7232,
    "eval_samples": 1066,
    "eval_samples_per_second": 618.634,
    "eval_steps_per_second": 19.731
}