{
    "epoch": 10.0,
    "eval_gen_len": 2.994666666666667,
    "eval_loss": 1.312424659729004,
    "eval_pearson": 83.4034,
    "eval_runtime": 11.093,
    "eval_samples": 1500,
    "eval_samples_per_second": 135.221,
    "eval_spearmanr": 83.3811,
    "eval_steps_per_second": 2.164
}