{
    "epoch": 3.0,
    "eval_accuracy": 0.3333333333333333,
    "eval_loss": 1.111780047416687,
    "eval_runtime": 4.1419,
    "eval_samples": 1200,
    "eval_samples_per_second": 289.719,
    "eval_steps_per_second": 9.174
}