{
    "epoch": 15.0,
    "eval_gen_len": 2.998666666666667,
    "eval_loss": 0.9674891829490662,
    "eval_pearson": 87.3113,
    "eval_runtime": 19.9088,
    "eval_samples": 1500,
    "eval_samples_per_second": 75.343,
    "eval_spearmanr": 87.5165,
    "eval_steps_per_second": 4.722
}