{
    "epoch": 3.0,
    "eval_accuracy": 0.875,
    "eval_combined_score": 0.8926845342706502,
    "eval_f1": 0.9103690685413005,
    "eval_loss": 0.5256533622741699,
    "eval_runtime": 1.0869,
    "eval_samples": 408,
    "eval_samples_per_second": 375.368,
    "eval_steps_per_second": 11.96
}