{
    "epoch": 3.0,
    "eval_accuracy": 0.7200000286102295,
    "eval_loss": 0.6409167647361755,
    "eval_runtime": 0.1294,
    "eval_samples": 100,
    "eval_samples_per_second": 773.051,
    "eval_steps_per_second": 30.922
}