{
    "epoch": 3.0,
    "eval_accuracy": 0.798243878308187,
    "eval_combined_score": 0.7733548788068734,
    "eval_f1": 0.7484658793055599,
    "eval_loss": 0.6793299317359924,
    "eval_runtime": 101.5415,
    "eval_samples": 40430,
    "eval_samples_per_second": 398.162,
    "eval_steps_per_second": 12.448
}