{
    "epoch": 3.0,
    "eval_accuracy": 0.5603889226913452,
    "eval_loss": 1.0497223138809204,
    "eval_runtime": 5.457,
    "eval_samples": 1954,
    "eval_samples_per_second": 358.069,
    "eval_steps_per_second": 11.361
}