{
    "epoch": 3.0,
    "eval_accuracy": 0.803635913925303,
    "eval_combined_score": 0.7749279528070399,
    "eval_f1": 0.7462199916887767,
    "eval_loss": 0.7474954724311829,
    "eval_runtime": 99.3208,
    "eval_samples": 40430,
    "eval_samples_per_second": 407.065,
    "eval_steps_per_second": 12.726
}