{
    "epoch": 3.0,
    "eval_accuracy": 0.5799999833106995,
    "eval_loss": 0.6754729747772217,
    "eval_runtime": 0.1237,
    "eval_samples": 100,
    "eval_samples_per_second": 808.481,
    "eval_steps_per_second": 32.339
}