{
    "epoch": 15.0,
    "eval_gen_len": 2.994666666666667,
    "eval_loss": 1.2791744470596313,
    "eval_pearson": 77.1422,
    "eval_runtime": 2.6109,
    "eval_samples": 1500,
    "eval_samples_per_second": 574.509,
    "eval_spearmanr": 77.0631,
    "eval_steps_per_second": 9.192
}