{
    "epoch": 3.0,
    "eval_accuracy": 0.6017410159111023,
    "eval_loss": 0.6736762523651123,
    "eval_runtime": 8.8055,
    "eval_samples": 1838,
    "eval_samples_per_second": 208.733,
    "eval_steps_per_second": 6.587
}