{
    "epoch": 3.0,
    "eval_accuracy": 0.5286458134651184,
    "eval_loss": 0.6930505633354187,
    "eval_runtime": 1.2693,
    "eval_samples": 384,
    "eval_samples_per_second": 302.524,
    "eval_steps_per_second": 9.454
}