{
    "epoch": 15.0,
    "eval_gen_len": 2.997333333333333,
    "eval_loss": 1.0283927917480469,
    "eval_pearson": 83.7558,
    "eval_runtime": 6.0216,
    "eval_samples": 1500,
    "eval_samples_per_second": 249.105,
    "eval_spearmanr": 83.5484,
    "eval_steps_per_second": 7.805
}