{
    "epoch": 3.0,
    "eval_accuracy": 0.30631348490715027,
    "eval_loss": 1.3690606355667114,
    "eval_runtime": 92.1626,
    "eval_samples": 10042,
    "eval_samples_per_second": 108.96,
    "eval_steps_per_second": 3.407
}