{
    "epoch": 3.0,
    "eval_accuracy": 0.42937564849853516,
    "eval_loss": 1.1037235260009766,
    "eval_runtime": 5.4059,
    "eval_samples": 1954,
    "eval_samples_per_second": 361.459,
    "eval_steps_per_second": 11.469
}