{
    "epoch": 3.0,
    "eval_accuracy": 0.8035714030265808,
    "eval_loss": 0.6429338455200195,
    "eval_runtime": 0.1377,
    "eval_samples": 56,
    "eval_samples_per_second": 406.548,
    "eval_steps_per_second": 14.52
}