{
    "epoch": 3.0,
    "eval_accuracy": 0.5987460613250732,
    "eval_loss": 1.096839189529419,
    "eval_runtime": 0.6767,
    "eval_samples": 638,
    "eval_samples_per_second": 942.772,
    "eval_steps_per_second": 29.554
}