{
    "epoch": 3.0,
    "eval_accuracy": 0.851782363977486,
    "eval_loss": 0.6717283129692078,
    "eval_runtime": 1.775,
    "eval_samples": 1066,
    "eval_samples_per_second": 600.554,
    "eval_steps_per_second": 19.155
}