{
    "epoch": 3.0,
    "eval_accuracy": 0.8788343558282209,
    "eval_loss": 0.46306148171424866,
    "eval_runtime": 2.1332,
    "eval_samples": 1304,
    "eval_samples_per_second": 611.28,
    "eval_steps_per_second": 19.22
}