{
    "epoch": 15.0,
    "eval_gen_len": 2.986666666666667,
    "eval_loss": 1.1336160898208618,
    "eval_pearson": 87.387,
    "eval_runtime": 6.3369,
    "eval_samples": 1500,
    "eval_samples_per_second": 236.711,
    "eval_spearmanr": 87.0365,
    "eval_steps_per_second": 7.417
}