{
    "epoch": 15.0,
    "eval_gen_len": 2.997333333333333,
    "eval_loss": 1.272344946861267,
    "eval_pearson": 81.5756,
    "eval_runtime": 2.6668,
    "eval_samples": 1500,
    "eval_samples_per_second": 562.466,
    "eval_spearmanr": 81.2407,
    "eval_steps_per_second": 8.999
}