{
    "epoch": 5.0,
    "eval_gen_len": 2.9993333333333334,
    "eval_loss": 0.9690317511558533,
    "eval_pearson": 86.7292,
    "eval_runtime": 13.4096,
    "eval_samples": 1500,
    "eval_samples_per_second": 111.86,
    "eval_spearmanr": 87.1445,
    "eval_steps_per_second": 3.505
}