{
    "epoch": 3.0,
    "eval_accuracy": 0.81888,
    "eval_loss": 0.4373350739479065,
    "eval_runtime": 129.8993,
    "eval_samples": 25000,
    "eval_samples_per_second": 192.457,
    "eval_steps_per_second": 6.02
}