{
    "epoch": 15.0,
    "eval_gen_len": 2.994666666666667,
    "eval_loss": 1.049702525138855,
    "eval_pearson": 81.8638,
    "eval_runtime": 6.1834,
    "eval_samples": 1500,
    "eval_samples_per_second": 242.584,
    "eval_spearmanr": 81.3792,
    "eval_steps_per_second": 7.601
}