{
    "epoch": 3.0,
    "eval_accuracy": 0.5138121843338013,
    "eval_loss": 0.69312983751297,
    "eval_runtime": 1.8911,
    "eval_samples": 1267,
    "eval_samples_per_second": 669.964,
    "eval_steps_per_second": 21.151
}