{
    "epoch": 3.0,
    "eval_accuracy": 0.5799999833106995,
    "eval_loss": 0.684887707233429,
    "eval_runtime": 0.2039,
    "eval_samples": 100,
    "eval_samples_per_second": 490.462,
    "eval_steps_per_second": 19.618
}