{
    "epoch": 3.0,
    "eval_combined_score": 0.07807582331388807,
    "eval_loss": 2.5035746097564697,
    "eval_pearson": 0.07231971812552682,
    "eval_runtime": 3.7121,
    "eval_samples": 1500,
    "eval_samples_per_second": 404.079,
    "eval_spearmanr": 0.08383192850224934,
    "eval_steps_per_second": 12.661
}