{
    "epoch": 3.0,
    "eval_accuracy": 0.4988161027431488,
    "eval_loss": 0.6931668519973755,
    "eval_runtime": 1.8837,
    "eval_samples": 1267,
    "eval_samples_per_second": 672.617,
    "eval_steps_per_second": 21.235
}