{
    "epoch": 3.0,
    "eval_accuracy": 0.5546875,
    "eval_loss": 0.6931076049804688,
    "eval_runtime": 1.301,
    "eval_samples": 384,
    "eval_samples_per_second": 295.165,
    "eval_steps_per_second": 9.224
}