{
    "epoch": 3.0,
    "eval_accuracy": 0.6532208900629953,
    "eval_loss": 0.7927486300468445,
    "eval_runtime": 27.9902,
    "eval_samples": 9842,
    "eval_samples_per_second": 351.623,
    "eval_steps_per_second": 43.98
}