{
    "epoch": 3.0,
    "eval_accuracy": 0.31457287073135376,
    "eval_loss": 1.383309245109558,
    "eval_runtime": 36.8126,
    "eval_samples": 2985,
    "eval_samples_per_second": 81.086,
    "eval_steps_per_second": 2.553
}