{
    "epoch": 3.0,
    "eval_combined_score": 0.8944750893996911,
    "eval_loss": 0.47606161236763,
    "eval_pearson": 0.8949877690667094,
    "eval_runtime": 3.8676,
    "eval_samples": 1500,
    "eval_samples_per_second": 387.838,
    "eval_spearmanr": 0.8939624097326729,
    "eval_steps_per_second": 12.152
}