{
    "epoch": 3.0,
    "eval_accuracy": 0.9194785276073619,
    "eval_loss": 0.4188978374004364,
    "eval_runtime": 2.1871,
    "eval_samples": 1304,
    "eval_samples_per_second": 596.215,
    "eval_steps_per_second": 18.746
}