{
    "epoch": 3.0,
    "eval_accuracy": 0.7909473163492456,
    "eval_combined_score": 0.7653387810421477,
    "eval_f1": 0.7397302457350496,
    "eval_loss": 0.5770740509033203,
    "eval_runtime": 107.3387,
    "eval_samples": 40430,
    "eval_samples_per_second": 376.658,
    "eval_steps_per_second": 11.776
}