{
    "epoch": 3.0,
    "eval_accuracy": 0.5489662885665894,
    "eval_loss": 0.6930912137031555,
    "eval_runtime": 7.7659,
    "eval_samples": 1838,
    "eval_samples_per_second": 236.677,
    "eval_steps_per_second": 7.469
}