{
    "epoch": 3.0,
    "eval_accuracy": 0.4703173041343689,
    "eval_loss": 1.0843693017959595,
    "eval_runtime": 5.5164,
    "eval_samples": 1954,
    "eval_samples_per_second": 354.215,
    "eval_steps_per_second": 11.239
}