{
    "epoch": 3.0,
    "eval_accuracy": 0.5270758122743683,
    "eval_loss": 0.6916580200195312,
    "eval_runtime": 1.8371,
    "eval_samples": 277,
    "eval_samples_per_second": 150.782,
    "eval_steps_per_second": 4.899
}