{
    "epoch": 3.0,
    "eval_accuracy": 0.41965198516845703,
    "eval_loss": 1.1256673336029053,
    "eval_runtime": 6.1352,
    "eval_samples": 1954,
    "eval_samples_per_second": 318.492,
    "eval_steps_per_second": 10.106
}