{
    "epoch": 20.0,
    "eval_average_metrics": 79.73980977736227,
    "eval_loss": 1.0730570554733276,
    "eval_pearson": 79.65469161991643,
    "eval_runtime": 9.6915,
    "eval_samples_per_second": 154.775,
    "eval_spearmanr": 79.82492793480812
}