{
    "epoch": 3.0,
    "eval_accuracy": 0.5675041675567627,
    "eval_loss": 1.1471455097198486,
    "eval_runtime": 37.0299,
    "eval_samples": 2985,
    "eval_samples_per_second": 80.611,
    "eval_steps_per_second": 2.538
}