{
    "epoch": 3.0,
    "eval_accuracy": 0.91624,
    "eval_loss": 0.4333888590335846,
    "eval_runtime": 137.9495,
    "eval_samples": 25000,
    "eval_samples_per_second": 181.226,
    "eval_steps_per_second": 5.669
}