{
    "epoch": 3.0,
    "eval_accuracy": 0.8578431372549019,
    "eval_combined_score": 0.8787485582468281,
    "eval_f1": 0.8996539792387542,
    "eval_loss": 0.7127230167388916,
    "eval_runtime": 1.1546,
    "eval_samples": 408,
    "eval_samples_per_second": 353.361,
    "eval_steps_per_second": 11.259
}