{
    "epoch": 3.0,
    "eval_accuracy": 0.9026073619631901,
    "eval_loss": 0.5076768398284912,
    "eval_runtime": 2.1398,
    "eval_samples": 1304,
    "eval_samples_per_second": 609.41,
    "eval_steps_per_second": 19.161
}