{
    "epoch": 3.0,
    "eval_accuracy": 0.7058823529411765,
    "eval_combined_score": 0.7625797306874558,
    "eval_f1": 0.8192771084337349,
    "eval_loss": 0.6010241508483887,
    "eval_runtime": 1.0041,
    "eval_samples": 408,
    "eval_samples_per_second": 406.335,
    "eval_steps_per_second": 12.947
}