{
    "epoch": 3.0,
    "eval_accuracy": 0.4680067002773285,
    "eval_loss": 1.2894879579544067,
    "eval_runtime": 36.9481,
    "eval_samples": 2985,
    "eval_samples_per_second": 80.789,
    "eval_steps_per_second": 2.544
}