{
    "epoch": 15.0,
    "eval_gen_len": 2.998666666666667,
    "eval_loss": 1.0810807943344116,
    "eval_pearson": 85.2733,
    "eval_runtime": 5.9005,
    "eval_samples": 1500,
    "eval_samples_per_second": 254.215,
    "eval_spearmanr": 85.1032,
    "eval_steps_per_second": 7.965
}