{
    "epoch": 3.0,
    "eval_accuracy": 0.6551724076271057,
    "eval_loss": 1.2664682865142822,
    "eval_runtime": 0.6749,
    "eval_samples": 638,
    "eval_samples_per_second": 945.358,
    "eval_steps_per_second": 29.635
}