{
    "epoch": 3.0,
    "eval_accuracy": 0.6600000262260437,
    "eval_loss": 0.6653005480766296,
    "eval_runtime": 0.1306,
    "eval_samples": 100,
    "eval_samples_per_second": 765.455,
    "eval_steps_per_second": 30.618
}