{
    "epoch": 3.0,
    "eval_accuracy": 0.8350723045945451,
    "eval_loss": 0.5954765677452087,
    "eval_runtime": 14.6368,
    "eval_samples": 5463,
    "eval_samples_per_second": 373.238,
    "eval_steps_per_second": 46.663
}