{
    "epoch": 3.0,
    "eval_combined_score": 0.8476068378879946,
    "eval_loss": 0.695284366607666,
    "eval_pearson": 0.8444746651843736,
    "eval_runtime": 4.4293,
    "eval_samples": 1500,
    "eval_samples_per_second": 338.658,
    "eval_spearmanr": 0.8507390105916156,
    "eval_steps_per_second": 42.445
}