{
    "epoch": 3.0,
    "eval_accuracy": 0.8592870544090057,
    "eval_loss": 0.6591765880584717,
    "eval_runtime": 1.7348,
    "eval_samples": 1066,
    "eval_samples_per_second": 614.481,
    "eval_steps_per_second": 19.599
}