{
    "epoch": 3.0,
    "eval_accuracy": 0.8504901960784313,
    "eval_combined_score": 0.8716422860884248,
    "eval_f1": 0.8927943760984183,
    "eval_loss": 0.7108046412467957,
    "eval_runtime": 1.0828,
    "eval_samples": 408,
    "eval_samples_per_second": 376.793,
    "eval_steps_per_second": 12.006
}