{
    "epoch": 3.0,
    "eval_accuracy": 0.7400000095367432,
    "eval_loss": 0.502654492855072,
    "eval_runtime": 0.1279,
    "eval_samples": 100,
    "eval_samples_per_second": 781.864,
    "eval_steps_per_second": 31.275
}