{
    "epoch": 3.0,
    "eval_accuracy": 0.8848039215686274,
    "eval_combined_score": 0.9013897443794272,
    "eval_f1": 0.917975567190227,
    "eval_loss": 0.577609121799469,
    "eval_runtime": 1.0288,
    "eval_samples": 408,
    "eval_samples_per_second": 396.585,
    "eval_steps_per_second": 12.636
}