{
    "epoch": 15.0,
    "eval_gen_len": 2.997333333333333,
    "eval_loss": 1.2039629220962524,
    "eval_pearson": 78.7807,
    "eval_runtime": 3.4529,
    "eval_samples": 1500,
    "eval_samples_per_second": 434.414,
    "eval_spearmanr": 78.2223,
    "eval_steps_per_second": 6.951
}