{
    "epoch": 3.0,
    "eval_accuracy": 0.6442006230354309,
    "eval_loss": 0.7818522453308105,
    "eval_runtime": 0.6822,
    "eval_samples": 638,
    "eval_samples_per_second": 935.162,
    "eval_steps_per_second": 29.315
}