{
    "epoch": 3.0,
    "eval_accuracy": 0.550000011920929,
    "eval_loss": 0.6763777732849121,
    "eval_runtime": 0.1327,
    "eval_samples": 100,
    "eval_samples_per_second": 753.542,
    "eval_steps_per_second": 30.142
}