{
    "epoch": 3.0,
    "eval_accuracy": 0.6414580941200256,
    "eval_loss": 0.6544974446296692,
    "eval_runtime": 7.8402,
    "eval_samples": 1838,
    "eval_samples_per_second": 234.432,
    "eval_steps_per_second": 7.398
}