{
    "epoch": 3.0,
    "eval_accuracy": 0.7647058823529411,
    "eval_combined_score": 0.796022005924672,
    "eval_f1": 0.8273381294964028,
    "eval_loss": 0.6096577644348145,
    "eval_runtime": 1.139,
    "eval_samples": 408,
    "eval_samples_per_second": 358.223,
    "eval_steps_per_second": 44.778
}