{
    "epoch": 3.0,
    "eval_accuracy": 0.5736677050590515,
    "eval_loss": 0.77494215965271,
    "eval_runtime": 0.7143,
    "eval_samples": 638,
    "eval_samples_per_second": 893.231,
    "eval_steps_per_second": 28.001
}