{
    "epoch": 3.0,
    "eval_combined_score": 0.8424987841841568,
    "eval_loss": 0.6915249228477478,
    "eval_pearson": 0.8428746285282335,
    "eval_runtime": 3.7418,
    "eval_samples": 1500,
    "eval_samples_per_second": 400.877,
    "eval_spearmanr": 0.8421229398400801,
    "eval_steps_per_second": 12.561
}