{
    "epoch": 3.0,
    "eval_accuracy": 0.799876329458323,
    "eval_combined_score": 0.7747253757230022,
    "eval_f1": 0.7495744219876813,
    "eval_loss": 0.716924786567688,
    "eval_runtime": 101.3078,
    "eval_samples": 40430,
    "eval_samples_per_second": 399.081,
    "eval_steps_per_second": 12.477
}