{
    "epoch": 3.0,
    "eval_accuracy": 0.5723612904548645,
    "eval_loss": 0.6812029480934143,
    "eval_runtime": 8.2108,
    "eval_samples": 1838,
    "eval_samples_per_second": 223.851,
    "eval_steps_per_second": 7.064
}