{
    "epoch": 3.0,
    "eval_accuracy": 0.8504901960784313,
    "eval_combined_score": 0.8731083459024636,
    "eval_f1": 0.8957264957264958,
    "eval_loss": 0.6932856440544128,
    "eval_runtime": 1.0384,
    "eval_samples": 408,
    "eval_samples_per_second": 392.898,
    "eval_steps_per_second": 12.519
}