{
    "epoch": 3.0,
    "eval_accuracy": 0.36917921900749207,
    "eval_loss": 1.343186378479004,
    "eval_runtime": 36.8399,
    "eval_samples": 2985,
    "eval_samples_per_second": 81.026,
    "eval_steps_per_second": 2.552
}