{
    "epoch": 3.0,
    "eval_accuracy": 0.5451263537906137,
    "eval_loss": 0.8001505136489868,
    "eval_runtime": 1.7049,
    "eval_samples": 277,
    "eval_samples_per_second": 162.47,
    "eval_steps_per_second": 5.279
}