{
    "epoch": 3.0,
    "eval_combined_score": 0.8729370329316515,
    "eval_loss": 0.6407573223114014,
    "eval_pearson": 0.8723528997565467,
    "eval_runtime": 4.3504,
    "eval_samples": 1500,
    "eval_samples_per_second": 344.795,
    "eval_spearmanr": 0.8735211661067561,
    "eval_steps_per_second": 10.804
}