{
    "epoch": 3.0,
    "eval_accuracy": 0.9033742331288344,
    "eval_loss": 0.5145025253295898,
    "eval_runtime": 2.1438,
    "eval_samples": 1304,
    "eval_samples_per_second": 608.267,
    "eval_steps_per_second": 19.125
}