{
    "epoch": 3.0,
    "eval_combined_score": 0.8581776310432612,
    "eval_loss": 0.635036826133728,
    "eval_pearson": 0.8569155523042298,
    "eval_runtime": 3.9514,
    "eval_samples": 1500,
    "eval_samples_per_second": 379.608,
    "eval_spearmanr": 0.8594397097822926,
    "eval_steps_per_second": 47.578
}