{
    "epoch": 3.0,
    "eval_accuracy": 0.5587595105171204,
    "eval_loss": 0.687977135181427,
    "eval_runtime": 7.8129,
    "eval_samples": 1838,
    "eval_samples_per_second": 235.251,
    "eval_steps_per_second": 7.424
}