{
    "epoch": 3.0,
    "eval_accuracy": 0.9024400115013123,
    "eval_loss": 0.47384557127952576,
    "eval_runtime": 130.1971,
    "eval_samples": 25000,
    "eval_samples_per_second": 192.017,
    "eval_steps_per_second": 6.006
}