{
    "epoch": 3.0,
    "eval_accuracy": 0.6636085510253906,
    "eval_loss": 0.7027085423469543,
    "eval_runtime": 26.6353,
    "eval_samples": 3270,
    "eval_samples_per_second": 122.769,
    "eval_steps_per_second": 3.867
}