{
    "epoch": 3.0,
    "eval_accuracy": 0.5286591649055481,
    "eval_loss": 1.0517590045928955,
    "eval_runtime": 5.4658,
    "eval_samples": 1954,
    "eval_samples_per_second": 357.494,
    "eval_steps_per_second": 11.343
}