{
    "epoch": 3.0,
    "eval_accuracy": 0.4107142984867096,
    "eval_loss": 0.9389809370040894,
    "eval_runtime": 0.1353,
    "eval_samples": 56,
    "eval_samples_per_second": 413.96,
    "eval_steps_per_second": 14.784
}