{
    "epoch": 3.0,
    "eval_accuracy": 0.5734493732452393,
    "eval_loss": 0.692023515701294,
    "eval_runtime": 7.8512,
    "eval_samples": 1838,
    "eval_samples_per_second": 234.105,
    "eval_steps_per_second": 7.387
}