{
    "epoch": 3.0,
    "eval_accuracy": 0.34032753109931946,
    "eval_loss": 1.0986121892929077,
    "eval_runtime": 5.5119,
    "eval_samples": 1954,
    "eval_samples_per_second": 354.507,
    "eval_steps_per_second": 11.248
}