{
    "epoch": 3.0,
    "eval_accuracy": 0.2702648937702179,
    "eval_loss": 1.3858124017715454,
    "eval_runtime": 40.0852,
    "eval_samples": 10042,
    "eval_samples_per_second": 250.517,
    "eval_steps_per_second": 7.833
}