{
    "epoch": 3.0,
    "eval_accuracy": 0.5843307971954346,
    "eval_loss": 0.692742109298706,
    "eval_runtime": 7.8657,
    "eval_samples": 1838,
    "eval_samples_per_second": 233.673,
    "eval_steps_per_second": 7.374
}