{
    "epoch": 3.0,
    "eval_accuracy": 0.26140210032463074,
    "eval_loss": 1.386293649673462,
    "eval_runtime": 89.7638,
    "eval_samples": 10042,
    "eval_samples_per_second": 111.871,
    "eval_steps_per_second": 3.498
}