{
    "epoch": 3.0,
    "eval_accuracy": 0.5654941201210022,
    "eval_loss": 1.129335641860962,
    "eval_runtime": 37.3556,
    "eval_samples": 2985,
    "eval_samples_per_second": 79.908,
    "eval_steps_per_second": 2.516
}