{
    "epoch": 3.0,
    "eval_accuracy": 0.8611632270168855,
    "eval_loss": 0.6041220426559448,
    "eval_runtime": 0.5206,
    "eval_samples": 1066,
    "eval_samples_per_second": 2047.708,
    "eval_steps_per_second": 65.312
}