{
    "epoch": 3.0,
    "eval_accuracy": 0.8112540192926045,
    "eval_combined_score": 0.7844577124314018,
    "eval_f1": 0.7576614055701992,
    "eval_loss": 0.8257741928100586,
    "eval_runtime": 100.2729,
    "eval_samples": 40430,
    "eval_samples_per_second": 403.2,
    "eval_steps_per_second": 12.606
}