{
    "epoch": 3.0,
    "eval_accuracy": 0.50187617260788,
    "eval_loss": 0.692568302154541,
    "eval_runtime": 0.8831,
    "eval_samples": 1066,
    "eval_samples_per_second": 1207.052,
    "eval_steps_per_second": 38.499
}