{
    "epoch": 10.0,
    "eval_gen_len": 2.9926666666666666,
    "eval_loss": 1.3294429779052734,
    "eval_pearson": 85.2222,
    "eval_runtime": 6.0327,
    "eval_samples": 1500,
    "eval_samples_per_second": 248.645,
    "eval_spearmanr": 85.2652,
    "eval_steps_per_second": 3.978
}