{
    "epoch": 3.0,
    "eval_accuracy": 0.25134435296058655,
    "eval_loss": 1.3897264003753662,
    "eval_runtime": 40.691,
    "eval_samples": 10042,
    "eval_samples_per_second": 246.787,
    "eval_steps_per_second": 7.717
}