{
    "epoch": 3.0,
    "eval_accuracy": 0.7254901960784313,
    "eval_combined_score": 0.7697218422252623,
    "eval_f1": 0.8139534883720931,
    "eval_loss": 0.5568497776985168,
    "eval_runtime": 1.0285,
    "eval_samples": 408,
    "eval_samples_per_second": 396.699,
    "eval_steps_per_second": 12.64
}