{
    "epoch": 3.0,
    "eval_combined_score": 0.8438519680324634,
    "eval_loss": 0.8926961421966553,
    "eval_pearson": 0.8427584142082875,
    "eval_runtime": 3.6504,
    "eval_samples": 1500,
    "eval_samples_per_second": 410.909,
    "eval_spearmanr": 0.8449455218566394,
    "eval_steps_per_second": 12.875
}