{
    "epoch": 3.0,
    "eval_accuracy": 0.6217125654220581,
    "eval_loss": 0.7007267475128174,
    "eval_runtime": 25.8163,
    "eval_samples": 3270,
    "eval_samples_per_second": 126.664,
    "eval_steps_per_second": 3.99
}