{
    "epoch": 3.0,
    "eval_accuracy": 0.7893148651991095,
    "eval_combined_score": 0.7603549603493025,
    "eval_f1": 0.7313950554994954,
    "eval_loss": 0.7401906847953796,
    "eval_runtime": 100.4847,
    "eval_samples": 40430,
    "eval_samples_per_second": 402.35,
    "eval_steps_per_second": 12.579
}