{
    "epoch": 3.0,
    "eval_accuracy": 0.6100000143051147,
    "eval_loss": 0.6301140189170837,
    "eval_runtime": 0.1276,
    "eval_samples": 100,
    "eval_samples_per_second": 783.426,
    "eval_steps_per_second": 31.337
}