{
    "epoch": 3.0,
    "eval_accuracy": 0.91472,
    "eval_loss": 0.425773561000824,
    "eval_runtime": 137.9525,
    "eval_samples": 25000,
    "eval_samples_per_second": 181.222,
    "eval_steps_per_second": 5.669
}