{
    "epoch": 3.0,
    "eval_accuracy": 0.6346153616905212,
    "eval_loss": 0.6810730695724487,
    "eval_runtime": 0.3519,
    "eval_samples": 104,
    "eval_samples_per_second": 295.549,
    "eval_steps_per_second": 11.367
}