{
    "epoch": 5.0,
    "eval_gen_len": 2.9993333333333334,
    "eval_loss": 0.9606688022613525,
    "eval_pearson": 85.539,
    "eval_runtime": 12.5266,
    "eval_samples": 1500,
    "eval_samples_per_second": 119.745,
    "eval_spearmanr": 85.4654,
    "eval_steps_per_second": 3.752
}