{
    "epoch": 3.0,
    "eval_accuracy": 0.9145200252532959,
    "eval_loss": 0.45416367053985596,
    "eval_runtime": 129.7854,
    "eval_samples": 25000,
    "eval_samples_per_second": 192.626,
    "eval_steps_per_second": 6.025
}