{
    "epoch": 3.0,
    "eval_accuracy": 0.6363636255264282,
    "eval_loss": 1.2307311296463013,
    "eval_runtime": 0.6976,
    "eval_samples": 638,
    "eval_samples_per_second": 914.594,
    "eval_steps_per_second": 28.671
}