{
    "epoch": 3.0,
    "eval_accuracy": 0.6214067339897156,
    "eval_loss": 0.6611377596855164,
    "eval_runtime": 40.68,
    "eval_samples": 3270,
    "eval_samples_per_second": 80.383,
    "eval_steps_per_second": 2.532
}