{
    "epoch": 3.0,
    "eval_accuracy": 0.7678571343421936,
    "eval_loss": 0.8059297800064087,
    "eval_runtime": 0.1397,
    "eval_samples": 56,
    "eval_samples_per_second": 400.993,
    "eval_steps_per_second": 14.321
}