{
    "epoch": 3.0,
    "eval_combined_score": 0.8428097337352013,
    "eval_loss": 0.6905965805053711,
    "eval_pearson": 0.8411223747484531,
    "eval_runtime": 3.8806,
    "eval_samples": 1500,
    "eval_samples_per_second": 386.538,
    "eval_spearmanr": 0.8444970927219495,
    "eval_steps_per_second": 12.112
}