{
    "epoch": 15.0,
    "eval_gen_len": 2.9993333333333334,
    "eval_loss": 1.2505598068237305,
    "eval_pearson": 82.3522,
    "eval_runtime": 2.7468,
    "eval_samples": 1500,
    "eval_samples_per_second": 546.094,
    "eval_spearmanr": 81.9828,
    "eval_steps_per_second": 8.738
}