{
    "epoch": 3.0,
    "eval_accuracy": 0.5890480875968933,
    "eval_loss": 0.9890010952949524,
    "eval_runtime": 5.4069,
    "eval_samples": 1954,
    "eval_samples_per_second": 361.388,
    "eval_steps_per_second": 11.467
}