{
    "epoch": 3.0,
    "eval_accuracy": 0.6964285969734192,
    "eval_loss": 0.8900530934333801,
    "eval_runtime": 0.1397,
    "eval_samples": 56,
    "eval_samples_per_second": 400.83,
    "eval_steps_per_second": 14.315
}