{
    "epoch": 3.0,
    "eval_accuracy": 0.774548602522879,
    "eval_combined_score": 0.7547695767375262,
    "eval_f1": 0.7349905509521732,
    "eval_loss": 0.629713773727417,
    "eval_runtime": 102.7529,
    "eval_samples": 40430,
    "eval_samples_per_second": 393.468,
    "eval_steps_per_second": 12.301
}