{
    "epoch": 3.0,
    "eval_accuracy": 0.6217125654220581,
    "eval_loss": 0.7024780511856079,
    "eval_runtime": 26.0612,
    "eval_samples": 3270,
    "eval_samples_per_second": 125.474,
    "eval_steps_per_second": 3.952
}