{
    "epoch": 15.0,
    "eval_gen_len": 2.997333333333333,
    "eval_loss": 1.0742390155792236,
    "eval_pearson": 83.6589,
    "eval_runtime": 6.0758,
    "eval_samples": 1500,
    "eval_samples_per_second": 246.882,
    "eval_spearmanr": 83.1488,
    "eval_steps_per_second": 7.736
}