{
    "epoch": 3.0,
    "eval_accuracy": 0.5369967222213745,
    "eval_loss": 0.6930828094482422,
    "eval_runtime": 7.8309,
    "eval_samples": 1838,
    "eval_samples_per_second": 234.713,
    "eval_steps_per_second": 7.407
}