{
    "epoch": 3.0,
    "eval_accuracy": 0.4946000366099213,
    "eval_loss": 0.6931723356246948,
    "eval_runtime": 13.4996,
    "eval_samples": 5463,
    "eval_samples_per_second": 404.678,
    "eval_steps_per_second": 12.667
}