{
    "epoch": 3.0,
    "eval_accuracy": 0.8447739337360425,
    "eval_loss": 0.7162210941314697,
    "eval_runtime": 13.6173,
    "eval_samples": 5463,
    "eval_samples_per_second": 401.18,
    "eval_steps_per_second": 12.558
}