{
    "epoch": 3.0,
    "eval_accuracy": 0.3386775553226471,
    "eval_loss": 1.3524168729782104,
    "eval_runtime": 92.2771,
    "eval_samples": 10042,
    "eval_samples_per_second": 108.824,
    "eval_steps_per_second": 3.403
}