{
    "epoch": 3.0,
    "eval_combined_score": 0.8718962929435632,
    "eval_loss": 0.6635165810585022,
    "eval_pearson": 0.8702178289961033,
    "eval_runtime": 3.8436,
    "eval_samples": 1500,
    "eval_samples_per_second": 390.259,
    "eval_spearmanr": 0.8735747568910232,
    "eval_steps_per_second": 12.228
}