{
    "epoch": 3.0,
    "eval_accuracy": 0.800109829763866,
    "eval_loss": 0.565037727355957,
    "eval_runtime": 14.6055,
    "eval_samples": 5463,
    "eval_samples_per_second": 374.037,
    "eval_steps_per_second": 11.708
}