{
    "epoch": 3.0,
    "eval_accuracy": 0.7883255008656938,
    "eval_combined_score": 0.758657018594225,
    "eval_f1": 0.7289885363227563,
    "eval_loss": 0.5113493800163269,
    "eval_runtime": 101.6729,
    "eval_samples": 40430,
    "eval_samples_per_second": 397.648,
    "eval_steps_per_second": 12.432
}