{
    "epoch": 3.0,
    "eval_accuracy": 0.7942369527578531,
    "eval_combined_score": 0.7655844663229545,
    "eval_f1": 0.736931979888056,
    "eval_loss": 0.5705611705780029,
    "eval_runtime": 100.0037,
    "eval_samples": 40430,
    "eval_samples_per_second": 404.285,
    "eval_steps_per_second": 12.64
}