{
    "epoch": 3.0,
    "eval_accuracy": 0.6838235294117647,
    "eval_combined_score": 0.7480253018237863,
    "eval_f1": 0.8122270742358079,
    "eval_loss": 0.5815081000328064,
    "eval_runtime": 1.0359,
    "eval_samples": 408,
    "eval_samples_per_second": 393.853,
    "eval_steps_per_second": 12.549
}