{
    "epoch": 3.0,
    "eval_accuracy": 0.5504187345504761,
    "eval_loss": 1.2010235786437988,
    "eval_runtime": 36.7263,
    "eval_samples": 2985,
    "eval_samples_per_second": 81.277,
    "eval_steps_per_second": 2.559
}