{
    "epoch": 3.0,
    "eval_accuracy": 0.5699999928474426,
    "eval_loss": 0.6792752146720886,
    "eval_runtime": 0.1316,
    "eval_samples": 100,
    "eval_samples_per_second": 760.124,
    "eval_steps_per_second": 30.405
}