{
    "epoch": 3.0,
    "eval_accuracy": 0.25124478340148926,
    "eval_loss": 1.3871543407440186,
    "eval_runtime": 95.6037,
    "eval_samples": 10042,
    "eval_samples_per_second": 105.038,
    "eval_steps_per_second": 3.284
}