{
    "epoch": 3.0,
    "eval_accuracy": 0.5647442936897278,
    "eval_loss": 0.6828474402427673,
    "eval_runtime": 7.8529,
    "eval_samples": 1838,
    "eval_samples_per_second": 234.052,
    "eval_steps_per_second": 7.386
}