{
    "epoch": 3.0,
    "eval_accuracy": 0.6562691330909729,
    "eval_loss": 0.7966362237930298,
    "eval_runtime": 36.5708,
    "eval_samples": 3270,
    "eval_samples_per_second": 89.416,
    "eval_steps_per_second": 2.816
}