{
    "epoch": 3.0,
    "eval_accuracy": 0.7622549019607843,
    "eval_combined_score": 0.7990631531800536,
    "eval_f1": 0.8358714043993231,
    "eval_loss": 0.5890719294548035,
    "eval_runtime": 1.1206,
    "eval_samples": 408,
    "eval_samples_per_second": 364.098,
    "eval_steps_per_second": 45.512
}