{
    "epoch": 15.0,
    "eval_gen_len": 2.993333333333333,
    "eval_loss": 1.303796648979187,
    "eval_pearson": 79.5382,
    "eval_runtime": 2.4404,
    "eval_samples": 1500,
    "eval_samples_per_second": 614.65,
    "eval_spearmanr": 79.1956,
    "eval_steps_per_second": 9.834
}