{
    "epoch": 3.0,
    "eval_combined_score": 0.8710873457262331,
    "eval_loss": 0.5975092053413391,
    "eval_pearson": 0.8675366580278984,
    "eval_runtime": 3.9196,
    "eval_samples": 1500,
    "eval_samples_per_second": 382.694,
    "eval_spearmanr": 0.874638033424568,
    "eval_steps_per_second": 11.991
}