{
    "epoch": 3.0,
    "eval_accuracy": 0.5487364620938628,
    "eval_loss": 0.6870236396789551,
    "eval_runtime": 1.7312,
    "eval_samples": 277,
    "eval_samples_per_second": 160.002,
    "eval_steps_per_second": 5.199
}