{
    "epoch": 3.0,
    "eval_accuracy": 0.7916666666666666,
    "eval_combined_score": 0.8226835915088926,
    "eval_f1": 0.8537005163511187,
    "eval_loss": 0.5374153852462769,
    "eval_runtime": 1.4196,
    "eval_samples": 408,
    "eval_samples_per_second": 287.407,
    "eval_steps_per_second": 9.158
}