{
    "epoch": 3.0,
    "eval_accuracy": 0.3382442592968909,
    "eval_loss": 1.0990811586380005,
    "eval_runtime": 24.0571,
    "eval_samples": 9842,
    "eval_samples_per_second": 409.11,
    "eval_steps_per_second": 12.803
}