{
    "epoch": 3.0,
    "eval_accuracy": 0.8250045762401611,
    "eval_loss": 0.6175915598869324,
    "eval_runtime": 18.1997,
    "eval_samples": 5463,
    "eval_samples_per_second": 300.17,
    "eval_steps_per_second": 9.396
}