{
    "epoch": 3.0,
    "eval_accuracy": 0.8630393996247655,
    "eval_loss": 0.6643866300582886,
    "eval_runtime": 1.7492,
    "eval_samples": 1066,
    "eval_samples_per_second": 609.415,
    "eval_steps_per_second": 19.437
}