{
    "epoch": 3.0,
    "eval_accuracy": 0.8186274509803921,
    "eval_combined_score": 0.8461737937495817,
    "eval_f1": 0.8737201365187712,
    "eval_loss": 0.7579530477523804,
    "eval_runtime": 1.1452,
    "eval_samples": 408,
    "eval_samples_per_second": 356.264,
    "eval_steps_per_second": 11.352
}