{
    "epoch": 3.0,
    "eval_accuracy": 0.42169907689094543,
    "eval_loss": 1.0975806713104248,
    "eval_runtime": 5.372,
    "eval_samples": 1954,
    "eval_samples_per_second": 363.741,
    "eval_steps_per_second": 11.541
}