{
    "epoch": 3.0,
    "eval_accuracy": 0.7905763047242147,
    "eval_combined_score": 0.7627883870965444,
    "eval_f1": 0.7350004694688741,
    "eval_loss": 0.7423633933067322,
    "eval_runtime": 100.5609,
    "eval_samples": 40430,
    "eval_samples_per_second": 402.045,
    "eval_steps_per_second": 12.569
}