{
    "epoch": 3.0,
    "eval_accuracy": 0.3705192506313324,
    "eval_loss": 1.33052659034729,
    "eval_runtime": 36.8935,
    "eval_samples": 2985,
    "eval_samples_per_second": 80.909,
    "eval_steps_per_second": 2.548
}