{
    "epoch": 3.0,
    "eval_combined_score": 0.8742695992258387,
    "eval_loss": 0.5906611084938049,
    "eval_pearson": 0.8741770210891215,
    "eval_runtime": 4.5298,
    "eval_samples": 1500,
    "eval_samples_per_second": 331.138,
    "eval_spearmanr": 0.874362177362556,
    "eval_steps_per_second": 10.376
}