{
    "epoch": 3.0,
    "eval_accuracy": 0.6321101188659668,
    "eval_loss": 0.7407315969467163,
    "eval_runtime": 27.9478,
    "eval_samples": 3270,
    "eval_samples_per_second": 117.004,
    "eval_steps_per_second": 3.685
}