{
    "epoch": 3.0,
    "eval_accuracy": 0.5082873106002808,
    "eval_loss": 0.6948632597923279,
    "eval_runtime": 3.1792,
    "eval_samples": 1267,
    "eval_samples_per_second": 398.524,
    "eval_steps_per_second": 12.582
}