{
    "epoch": 3.0,
    "eval_accuracy": 0.36314907670021057,
    "eval_loss": 1.3527748584747314,
    "eval_runtime": 36.835,
    "eval_samples": 2985,
    "eval_samples_per_second": 81.037,
    "eval_steps_per_second": 2.552
}