{
    "epoch": 15.0,
    "eval_gen_len": 2.997333333333333,
    "eval_loss": 1.2479232549667358,
    "eval_pearson": 82.6861,
    "eval_runtime": 2.7144,
    "eval_samples": 1500,
    "eval_samples_per_second": 552.598,
    "eval_spearmanr": 82.1361,
    "eval_steps_per_second": 8.842
}