{
    "epoch": 3.0,
    "eval_accuracy": 0.2816171944141388,
    "eval_loss": 1.3829712867736816,
    "eval_runtime": 92.0079,
    "eval_samples": 10042,
    "eval_samples_per_second": 109.143,
    "eval_steps_per_second": 3.413
}