{
    "epoch": 3.0,
    "eval_accuracy": 0.8504901960784313,
    "eval_combined_score": 0.8723854793217114,
    "eval_f1": 0.8942807625649914,
    "eval_loss": 0.659337043762207,
    "eval_runtime": 1.0838,
    "eval_samples": 408,
    "eval_samples_per_second": 376.454,
    "eval_steps_per_second": 47.057
}