{
    "epoch": 3.0,
    "eval_accuracy": 0.2519263029098511,
    "eval_loss": 1.3946274518966675,
    "eval_runtime": 36.9745,
    "eval_samples": 2985,
    "eval_samples_per_second": 80.731,
    "eval_steps_per_second": 2.542
}