{
    "epoch": 3.0,
    "eval_accuracy": 0.3382442592968909,
    "eval_loss": 1.0986077785491943,
    "eval_runtime": 23.949,
    "eval_samples": 9842,
    "eval_samples_per_second": 410.957,
    "eval_steps_per_second": 12.861
}