{
    "epoch": 3.0,
    "eval_accuracy": 0.805967417170053,
    "eval_loss": 0.5492802262306213,
    "eval_runtime": 13.5018,
    "eval_samples": 5463,
    "eval_samples_per_second": 404.613,
    "eval_steps_per_second": 12.665
}