{
    "epoch": 15.0,
    "eval_gen_len": 3.082666666666667,
    "eval_loss": 1.3443419933319092,
    "eval_pearson": 79.6784,
    "eval_runtime": 3.7469,
    "eval_samples": 1500,
    "eval_samples_per_second": 400.334,
    "eval_spearmanr": 79.2653,
    "eval_steps_per_second": 6.405
}