{
    "epoch": 3.0,
    "eval_combined_score": 0.8859790331605979,
    "eval_loss": 0.5465127229690552,
    "eval_pearson": 0.8864539755854401,
    "eval_runtime": 3.9069,
    "eval_samples": 1500,
    "eval_samples_per_second": 383.936,
    "eval_spearmanr": 0.8855040907357556,
    "eval_steps_per_second": 12.03
}