{
    "epoch": 3.0,
    "eval_accuracy": 0.8627450980392157,
    "eval_combined_score": 0.881012836789392,
    "eval_f1": 0.8992805755395683,
    "eval_loss": 0.7159048318862915,
    "eval_runtime": 1.101,
    "eval_samples": 408,
    "eval_samples_per_second": 370.573,
    "eval_steps_per_second": 46.322
}