{
    "epoch": 3.0,
    "eval_accuracy": 0.4599665105342865,
    "eval_loss": 1.2833051681518555,
    "eval_runtime": 37.2602,
    "eval_samples": 2985,
    "eval_samples_per_second": 80.112,
    "eval_steps_per_second": 2.523
}