{
    "epoch": 3.0,
    "eval_accuracy": 0.6299999952316284,
    "eval_loss": 0.6279222965240479,
    "eval_runtime": 0.1328,
    "eval_samples": 100,
    "eval_samples_per_second": 752.945,
    "eval_steps_per_second": 30.118
}