{
    "epoch": 5.0,
    "eval_gen_len": 2.9993333333333334,
    "eval_loss": 0.9731442332267761,
    "eval_pearson": 82.9249,
    "eval_runtime": 13.1204,
    "eval_samples": 1500,
    "eval_samples_per_second": 114.325,
    "eval_spearmanr": 82.7054,
    "eval_steps_per_second": 3.582
}