{
    "epoch": 20.0,
    "eval_average_metrics": 42.76205289321763,
    "eval_loss": 1.1722050905227661,
    "eval_pearson": 48.694143149410856,
    "eval_runtime": 8.6007,
    "eval_samples_per_second": 174.404,
    "eval_spearmanr": 36.8299626370244
}