{
    "epoch": 3.0,
    "eval_accuracy": 0.8276773013615119,
    "eval_loss": 0.6207051873207092,
    "eval_runtime": 24.4624,
    "eval_samples": 9842,
    "eval_samples_per_second": 402.332,
    "eval_steps_per_second": 12.591
}