{
    "epoch": 3.0,
    "eval_accuracy": 0.7217645982061138,
    "eval_loss": 0.5560953617095947,
    "eval_runtime": 18.039,
    "eval_samples": 5463,
    "eval_samples_per_second": 302.843,
    "eval_steps_per_second": 9.479
}