{
    "epoch": 3.0,
    "eval_accuracy": 0.25602468848228455,
    "eval_loss": 1.390110969543457,
    "eval_runtime": 45.6284,
    "eval_samples": 10042,
    "eval_samples_per_second": 220.082,
    "eval_steps_per_second": 6.882
}