{
    "epoch": 3.0,
    "eval_combined_score": 0.8592907126616389,
    "eval_loss": 0.6644834280014038,
    "eval_pearson": 0.8565105215566904,
    "eval_runtime": 4.3261,
    "eval_samples": 1500,
    "eval_samples_per_second": 346.729,
    "eval_spearmanr": 0.8620709037665873,
    "eval_steps_per_second": 10.864
}