{
    "epoch": 3.0,
    "eval_accuracy": 0.8386491557223265,
    "eval_loss": 0.6230276226997375,
    "eval_runtime": 1.7037,
    "eval_samples": 1066,
    "eval_samples_per_second": 625.702,
    "eval_steps_per_second": 19.957
}