{
    "epoch": 3.0,
    "eval_accuracy": 0.6057692170143127,
    "eval_loss": 0.6749557852745056,
    "eval_runtime": 0.2608,
    "eval_samples": 104,
    "eval_samples_per_second": 398.751,
    "eval_steps_per_second": 15.337
}