{
    "epoch": 3.0,
    "eval_accuracy": 0.5445031497663076,
    "eval_loss": 0.9872726202011108,
    "eval_runtime": 24.2056,
    "eval_samples": 9842,
    "eval_samples_per_second": 406.6,
    "eval_steps_per_second": 12.724
}