{
    "epoch": 3.0,
    "eval_accuracy": 0.270351767539978,
    "eval_loss": 1.379927158355713,
    "eval_runtime": 41.5403,
    "eval_samples": 2985,
    "eval_samples_per_second": 71.858,
    "eval_steps_per_second": 2.263
}