{
    "epoch": 3.0,
    "eval_accuracy": 0.3313232958316803,
    "eval_loss": 1.3575176000595093,
    "eval_runtime": 40.3727,
    "eval_samples": 2985,
    "eval_samples_per_second": 73.936,
    "eval_steps_per_second": 2.328
}