{
    "epoch": 3.0,
    "eval_accuracy": 0.8686679174484052,
    "eval_loss": 0.5521033406257629,
    "eval_runtime": 1.7213,
    "eval_samples": 1066,
    "eval_samples_per_second": 619.286,
    "eval_steps_per_second": 19.752
}