{
    "epoch": 15.0,
    "eval_gen_len": 2.985333333333333,
    "eval_loss": 1.0776927471160889,
    "eval_pearson": 84.2194,
    "eval_runtime": 6.352,
    "eval_samples": 1500,
    "eval_samples_per_second": 236.147,
    "eval_spearmanr": 84.2548,
    "eval_steps_per_second": 7.399
}