{
    "epoch": 3.0,
    "eval_accuracy": 0.2442740499973297,
    "eval_loss": 1.3935900926589966,
    "eval_runtime": 40.0181,
    "eval_samples": 10042,
    "eval_samples_per_second": 250.936,
    "eval_steps_per_second": 7.846
}