{
    "epoch": 3.0,
    "eval_combined_score": 0.8729942295953217,
    "eval_loss": 0.5731895565986633,
    "eval_pearson": 0.8732860160680976,
    "eval_runtime": 4.1845,
    "eval_samples": 1500,
    "eval_samples_per_second": 358.466,
    "eval_spearmanr": 0.8727024431225456,
    "eval_steps_per_second": 11.232
}