{
    "epoch": 3.0,
    "eval_accuracy": 0.4806629717350006,
    "eval_loss": 0.6939062476158142,
    "eval_runtime": 1.961,
    "eval_samples": 1267,
    "eval_samples_per_second": 646.09,
    "eval_steps_per_second": 20.397
}