{
    "epoch": 3.0,
    "eval_accuracy": 0.2504481077194214,
    "eval_loss": 1.3910897970199585,
    "eval_runtime": 56.0546,
    "eval_samples": 10042,
    "eval_samples_per_second": 179.147,
    "eval_steps_per_second": 5.602
}