{
    "epoch": 3.0,
    "eval_combined_score": 0.8735716596144727,
    "eval_loss": 0.6024119257926941,
    "eval_pearson": 0.8724159957072495,
    "eval_runtime": 3.7194,
    "eval_samples": 1500,
    "eval_samples_per_second": 403.293,
    "eval_spearmanr": 0.874727323521696,
    "eval_steps_per_second": 12.637
}