{
    "epoch": 3.0,
    "eval_accuracy": 0.6332288384437561,
    "eval_loss": 1.3034573793411255,
    "eval_runtime": 0.7015,
    "eval_samples": 638,
    "eval_samples_per_second": 909.444,
    "eval_steps_per_second": 28.509
}