{
    "epoch": 3.0,
    "eval_accuracy": 0.5343330502510071,
    "eval_loss": 0.7468152642250061,
    "eval_runtime": 1.9088,
    "eval_samples": 1267,
    "eval_samples_per_second": 663.78,
    "eval_steps_per_second": 20.956
}