{
    "epoch": 3.0,
    "eval_accuracy": 0.5130228996276855,
    "eval_loss": 0.6931112408638,
    "eval_runtime": 1.8778,
    "eval_samples": 1267,
    "eval_samples_per_second": 674.717,
    "eval_steps_per_second": 21.301
}