{
    "epoch": 3.0,
    "eval_accuracy": 0.6714801444043321,
    "eval_loss": 0.6804968118667603,
    "eval_runtime": 1.8137,
    "eval_samples": 277,
    "eval_samples_per_second": 152.727,
    "eval_steps_per_second": 4.962
}