{
    "epoch": 3.0,
    "eval_accuracy": 0.5233950018882751,
    "eval_loss": 0.6931436657905579,
    "eval_runtime": 8.4899,
    "eval_samples": 1838,
    "eval_samples_per_second": 216.493,
    "eval_steps_per_second": 6.832
}