{
    "epoch": 3.0,
    "eval_accuracy": 0.6253918409347534,
    "eval_loss": 0.8834380507469177,
    "eval_runtime": 0.671,
    "eval_samples": 638,
    "eval_samples_per_second": 950.798,
    "eval_steps_per_second": 29.806
}