{
    "epoch": 3.0,
    "eval_accuracy": 0.7625482625482626,
    "eval_loss": 0.6618083715438843,
    "eval_runtime": 24.1673,
    "eval_samples": 9842,
    "eval_samples_per_second": 407.244,
    "eval_steps_per_second": 12.744
}