{
    "epoch": 3.0,
    "eval_accuracy": 0.8680981595092024,
    "eval_loss": 0.5558357238769531,
    "eval_runtime": 2.1766,
    "eval_samples": 1304,
    "eval_samples_per_second": 599.107,
    "eval_steps_per_second": 18.837
}