{
    "epoch": 20.0,
    "eval_average_metrics": 78.38942065651634,
    "eval_loss": 1.0089843273162842,
    "eval_pearson": 78.2692248505554,
    "eval_runtime": 10.3132,
    "eval_samples_per_second": 145.444,
    "eval_spearmanr": 78.50961646247727
}