{
    "epoch": 3.0,
    "eval_accuracy": 0.30921274423599243,
    "eval_loss": 1.3860653638839722,
    "eval_runtime": 37.0239,
    "eval_samples": 2985,
    "eval_samples_per_second": 80.624,
    "eval_steps_per_second": 2.539
}