{
    "epoch": 3.0,
    "eval_combined_score": 0.8118147818967525,
    "eval_loss": 0.8650410771369934,
    "eval_pearson": 0.807342818080968,
    "eval_runtime": 4.5632,
    "eval_samples": 1500,
    "eval_samples_per_second": 328.717,
    "eval_spearmanr": 0.816286745712537,
    "eval_steps_per_second": 41.199
}