{
    "epoch": 3.0,
    "eval_accuracy": 0.7362849369280238,
    "eval_combined_score": 0.7050750513589097,
    "eval_f1": 0.6738651657897956,
    "eval_loss": 0.5231547951698303,
    "eval_runtime": 107.0316,
    "eval_samples": 40430,
    "eval_samples_per_second": 377.739,
    "eval_steps_per_second": 11.81
}