{
    "epoch": 3.0,
    "eval_accuracy": 0.8563060589419733,
    "eval_loss": 0.6468784213066101,
    "eval_runtime": 13.7334,
    "eval_samples": 5463,
    "eval_samples_per_second": 397.79,
    "eval_steps_per_second": 12.451
}