{
    "epoch": 3.0,
    "eval_accuracy": 0.8578431372549019,
    "eval_combined_score": 0.8778652305992819,
    "eval_f1": 0.8978873239436619,
    "eval_loss": 0.6490935683250427,
    "eval_runtime": 1.1261,
    "eval_samples": 408,
    "eval_samples_per_second": 362.327,
    "eval_steps_per_second": 45.291
}