{
    "epoch": 3.0,
    "eval_accuracy": 0.32055366039276123,
    "eval_loss": 1.3729305267333984,
    "eval_runtime": 95.5333,
    "eval_samples": 10042,
    "eval_samples_per_second": 105.115,
    "eval_steps_per_second": 3.287
}