{
    "epoch": 3.0,
    "eval_accuracy": 0.5379061371841155,
    "eval_loss": 0.7067433595657349,
    "eval_runtime": 1.6911,
    "eval_samples": 277,
    "eval_samples_per_second": 163.797,
    "eval_steps_per_second": 5.322
}