{
    "epoch": 3.0,
    "eval_accuracy": 0.6299999952316284,
    "eval_loss": 0.635732889175415,
    "eval_runtime": 0.1342,
    "eval_samples": 100,
    "eval_samples_per_second": 744.946,
    "eval_steps_per_second": 29.798
}