{
    "epoch": 3.0,
    "eval_accuracy": 0.6399999856948853,
    "eval_loss": 0.6333808302879333,
    "eval_runtime": 0.138,
    "eval_samples": 100,
    "eval_samples_per_second": 724.604,
    "eval_steps_per_second": 28.984
}