{
    "epoch": 3.0,
    "eval_accuracy": 0.71875,
    "eval_loss": 0.48782411217689514,
    "eval_runtime": 1.2708,
    "eval_samples": 384,
    "eval_samples_per_second": 302.176,
    "eval_steps_per_second": 9.443
}