{
    "epoch": 3.0,
    "eval_accuracy": 0.24935272336006165,
    "eval_loss": 1.388542890548706,
    "eval_runtime": 40.1502,
    "eval_samples": 10042,
    "eval_samples_per_second": 250.111,
    "eval_steps_per_second": 7.821
}