{
    "epoch": 3.0,
    "eval_accuracy": 0.8978800177574158,
    "eval_loss": 0.35870125889778137,
    "eval_runtime": 128.1546,
    "eval_samples": 25000,
    "eval_samples_per_second": 195.077,
    "eval_steps_per_second": 6.102
}