{
    "epoch": 3.0,
    "eval_accuracy": 0.48934489488601685,
    "eval_loss": 0.6990640163421631,
    "eval_runtime": 3.2321,
    "eval_samples": 1267,
    "eval_samples_per_second": 392.009,
    "eval_steps_per_second": 12.376
}