{
    "epoch": 3.0,
    "eval_accuracy": 0.7545126353790613,
    "eval_loss": 1.2319198846817017,
    "eval_runtime": 1.6801,
    "eval_samples": 277,
    "eval_samples_per_second": 164.871,
    "eval_steps_per_second": 5.357
}