{
    "epoch": 3.0,
    "eval_accuracy": 0.5138121843338013,
    "eval_loss": 0.6930248141288757,
    "eval_runtime": 1.9064,
    "eval_samples": 1267,
    "eval_samples_per_second": 664.601,
    "eval_steps_per_second": 20.982
}