{
    "epoch": 3.0,
    "eval_accuracy": 0.8075686371506308,
    "eval_combined_score": 0.7816569796327058,
    "eval_f1": 0.7557453221147808,
    "eval_loss": 0.7799778580665588,
    "eval_runtime": 107.1533,
    "eval_samples": 40430,
    "eval_samples_per_second": 377.31,
    "eval_steps_per_second": 47.166
}