{
    "epoch": 3.0,
    "eval_accuracy": 0.8224418817499543,
    "eval_loss": 0.5857143998146057,
    "eval_runtime": 13.5951,
    "eval_samples": 5463,
    "eval_samples_per_second": 401.837,
    "eval_steps_per_second": 12.578
}