{
    "epoch": 3.0,
    "eval_accuracy": 0.8667917448405253,
    "eval_loss": 0.6782526969909668,
    "eval_runtime": 0.5224,
    "eval_samples": 1066,
    "eval_samples_per_second": 2040.465,
    "eval_steps_per_second": 65.08
}