{
    "epoch": 3.0,
    "eval_accuracy": 0.8627450980392157,
    "eval_combined_score": 0.8819025843552969,
    "eval_f1": 0.901060070671378,
    "eval_loss": 0.46776437759399414,
    "eval_runtime": 1.0636,
    "eval_samples": 408,
    "eval_samples_per_second": 383.597,
    "eval_steps_per_second": 12.222
}