{
    "epoch": 3.0,
    "eval_accuracy": 0.6173285198555957,
    "eval_loss": 0.7977563738822937,
    "eval_runtime": 1.6756,
    "eval_samples": 277,
    "eval_samples_per_second": 165.319,
    "eval_steps_per_second": 5.371
}