{
    "epoch": 3.0,
    "eval_accuracy": 0.91184,
    "eval_loss": 0.45756202936172485,
    "eval_runtime": 134.7394,
    "eval_samples": 25000,
    "eval_samples_per_second": 185.543,
    "eval_steps_per_second": 5.804
}