{
    "epoch": 10.0,
    "eval_gen_len": 2.9993333333333334,
    "eval_loss": 1.2848832607269287,
    "eval_pearson": 84.6729,
    "eval_runtime": 5.6993,
    "eval_samples": 1500,
    "eval_samples_per_second": 263.189,
    "eval_spearmanr": 84.2668,
    "eval_steps_per_second": 4.211
}