{
    "epoch": 3.0,
    "eval_accuracy": 0.8166023166023166,
    "eval_loss": 0.6406508684158325,
    "eval_runtime": 24.1002,
    "eval_samples": 9842,
    "eval_samples_per_second": 408.379,
    "eval_steps_per_second": 12.78
}