{
    "epoch": 3.0,
    "eval_accuracy": 0.6785714030265808,
    "eval_loss": 0.8930886387825012,
    "eval_runtime": 0.1405,
    "eval_samples": 56,
    "eval_samples_per_second": 398.688,
    "eval_steps_per_second": 14.239
}