{
    "epoch": 3.0,
    "eval_accuracy": 0.319597989320755,
    "eval_loss": 1.4051460027694702,
    "eval_runtime": 37.7043,
    "eval_samples": 2985,
    "eval_samples_per_second": 79.169,
    "eval_steps_per_second": 2.493
}