{
    "epoch": 3.0,
    "eval_accuracy": 0.2810197174549103,
    "eval_loss": 1.3862940073013306,
    "eval_runtime": 91.3773,
    "eval_samples": 10042,
    "eval_samples_per_second": 109.896,
    "eval_steps_per_second": 3.436
}