{
    "epoch": 3.0,
    "eval_accuracy": 0.8700980392156863,
    "eval_combined_score": 0.8891218099024705,
    "eval_f1": 0.9081455805892548,
    "eval_loss": 0.6116479635238647,
    "eval_runtime": 1.2593,
    "eval_samples": 408,
    "eval_samples_per_second": 323.989,
    "eval_steps_per_second": 10.323
}