{
    "epoch": 3.0,
    "eval_accuracy": 0.4729241877256318,
    "eval_loss": 0.6943046450614929,
    "eval_runtime": 1.699,
    "eval_samples": 277,
    "eval_samples_per_second": 163.04,
    "eval_steps_per_second": 5.297
}