{
    "epoch": 3.0,
    "eval_accuracy": 0.8214285969734192,
    "eval_loss": 0.5347687005996704,
    "eval_runtime": 0.1411,
    "eval_samples": 56,
    "eval_samples_per_second": 396.897,
    "eval_steps_per_second": 14.175
}