{
    "epoch": 3.0,
    "eval_accuracy": 0.5407523512840271,
    "eval_loss": 0.7309165596961975,
    "eval_runtime": 0.682,
    "eval_samples": 638,
    "eval_samples_per_second": 935.462,
    "eval_steps_per_second": 29.325
}