{
    "epoch": 15.0,
    "eval_gen_len": 2.9993333333333334,
    "eval_loss": 1.0810397863388062,
    "eval_pearson": 84.5788,
    "eval_runtime": 6.7559,
    "eval_samples": 1500,
    "eval_samples_per_second": 222.03,
    "eval_spearmanr": 84.3656,
    "eval_steps_per_second": 6.957
}