{
    "epoch": 3.0,
    "eval_accuracy": 0.6346153616905212,
    "eval_loss": 0.6786553263664246,
    "eval_runtime": 0.2533,
    "eval_samples": 104,
    "eval_samples_per_second": 410.562,
    "eval_steps_per_second": 15.791
}