{
    "epoch": 3.0,
    "eval_accuracy": 0.8581288343558282,
    "eval_loss": 0.570918083190918,
    "eval_runtime": 2.0866,
    "eval_samples": 1304,
    "eval_samples_per_second": 624.925,
    "eval_steps_per_second": 19.649
}