{
    "epoch": 3.0,
    "eval_accuracy": 0.4981949458483754,
    "eval_loss": 0.718390703201294,
    "eval_runtime": 1.7791,
    "eval_samples": 277,
    "eval_samples_per_second": 155.701,
    "eval_steps_per_second": 5.059,
    "train_loss": 0.6966990559895834,
    "train_runtime": 64.1242,
    "train_samples": 1000,
    "train_samples_per_second": 46.784,
    "train_steps_per_second": 5.848
}