{
    "epoch": 3.0,
    "eval_accuracy": 0.4981949458483754,
    "eval_loss": 0.718390703201294,
    "eval_runtime": 1.7791,
    "eval_samples": 277,
    "eval_samples_per_second": 155.701,
    "eval_steps_per_second": 5.059
}