{
    "epoch": 3.0,
    "eval_accuracy": 0.6120783686637878,
    "eval_loss": 0.6728295087814331,
    "eval_runtime": 7.7828,
    "eval_samples": 1838,
    "eval_samples_per_second": 236.162,
    "eval_steps_per_second": 7.452
}