{
    "epoch": 3.0,
    "eval_accuracy": 0.8987730061349694,
    "eval_loss": 0.4952252209186554,
    "eval_runtime": 2.111,
    "eval_samples": 1304,
    "eval_samples_per_second": 617.72,
    "eval_steps_per_second": 19.422
}