{
    "epoch": 3.0,
    "eval_accuracy": 0.4708290696144104,
    "eval_loss": 1.118909478187561,
    "eval_runtime": 5.443,
    "eval_samples": 1954,
    "eval_samples_per_second": 358.99,
    "eval_steps_per_second": 11.391
}