{
    "epoch": 20.0,
    "eval_average_metrics": 79.89076945274037,
    "eval_loss": 1.0093846321105957,
    "eval_pearson": 80.32506103781756,
    "eval_runtime": 8.4196,
    "eval_samples_per_second": 178.157,
    "eval_spearmanr": 79.45647786766318
}