{
    "epoch": 3.0,
    "eval_accuracy": 0.5003946423530579,
    "eval_loss": 0.6931746006011963,
    "eval_runtime": 1.9377,
    "eval_samples": 1267,
    "eval_samples_per_second": 653.88,
    "eval_steps_per_second": 20.643
}