{
    "epoch": 3.0,
    "eval_accuracy": 0.91092,
    "eval_loss": 0.4258939027786255,
    "eval_runtime": 130.6666,
    "eval_samples": 25000,
    "eval_samples_per_second": 191.327,
    "eval_steps_per_second": 5.985
}