{
    "epoch": 3.0,
    "eval_accuracy": 0.5216080546379089,
    "eval_loss": 1.3168785572052002,
    "eval_runtime": 37.4644,
    "eval_samples": 2985,
    "eval_samples_per_second": 79.676,
    "eval_steps_per_second": 2.509
}