{
    "epoch": 3.0,
    "eval_accuracy": 0.873358348968105,
    "eval_loss": 0.6040093898773193,
    "eval_runtime": 2.0902,
    "eval_samples": 1066,
    "eval_samples_per_second": 510.004,
    "eval_steps_per_second": 16.267
}