{
    "epoch": 3.0,
    "eval_accuracy": 0.7005208134651184,
    "eval_loss": 0.593518078327179,
    "eval_runtime": 1.2483,
    "eval_samples": 384,
    "eval_samples_per_second": 307.624,
    "eval_steps_per_second": 9.613
}