{
    "epoch": 3.0,
    "eval_accuracy": 0.6346153616905212,
    "eval_loss": 0.6703265905380249,
    "eval_runtime": 0.2608,
    "eval_samples": 104,
    "eval_samples_per_second": 398.806,
    "eval_steps_per_second": 15.339
}