{
    "epoch": 15.0,
    "eval_gen_len": 2.998666666666667,
    "eval_loss": 1.2496085166931152,
    "eval_pearson": 79.9043,
    "eval_runtime": 3.1172,
    "eval_samples": 1500,
    "eval_samples_per_second": 481.207,
    "eval_spearmanr": 79.2735,
    "eval_steps_per_second": 7.699
}