{
    "epoch": 3.0,
    "eval_accuracy": 0.4932912290096283,
    "eval_loss": 0.6931732296943665,
    "eval_runtime": 1.9792,
    "eval_samples": 1267,
    "eval_samples_per_second": 640.152,
    "eval_steps_per_second": 20.21
}