{
    "epoch": 3.0,
    "eval_accuracy": 0.7275229096412659,
    "eval_loss": 0.7249324917793274,
    "eval_runtime": 36.841,
    "eval_samples": 3270,
    "eval_samples_per_second": 88.76,
    "eval_steps_per_second": 2.796
}