{
    "epoch": 3.0,
    "eval_accuracy": 0.6964285969734192,
    "eval_loss": 0.8715918660163879,
    "eval_runtime": 0.1381,
    "eval_samples": 56,
    "eval_samples_per_second": 405.634,
    "eval_steps_per_second": 14.487
}