{
    "epoch": 3.0,
    "eval_accuracy": 0.4947916567325592,
    "eval_loss": 0.6931474804878235,
    "eval_runtime": 1.2496,
    "eval_samples": 384,
    "eval_samples_per_second": 307.29,
    "eval_steps_per_second": 9.603
}