{
    "epoch": 3.0,
    "eval_combined_score": 0.8528751639372909,
    "eval_loss": 0.6558305621147156,
    "eval_pearson": 0.852472528033162,
    "eval_runtime": 3.907,
    "eval_samples": 1500,
    "eval_samples_per_second": 383.927,
    "eval_spearmanr": 0.8532777998414198,
    "eval_steps_per_second": 12.03
}