{
    "epoch": 3.0,
    "eval_accuracy": 0.6153846383094788,
    "eval_loss": 0.6731691360473633,
    "eval_runtime": 0.258,
    "eval_samples": 104,
    "eval_samples_per_second": 403.169,
    "eval_steps_per_second": 15.507
}