{
    "epoch": 3.0,
    "eval_accuracy": 0.8491160333265596,
    "eval_loss": 0.6771864891052246,
    "eval_runtime": 24.4874,
    "eval_samples": 9842,
    "eval_samples_per_second": 401.921,
    "eval_steps_per_second": 12.578
}