{
    "epoch": 3.0,
    "eval_accuracy": 0.45087000727653503,
    "eval_loss": 1.1061400175094604,
    "eval_runtime": 5.4948,
    "eval_samples": 1954,
    "eval_samples_per_second": 355.611,
    "eval_steps_per_second": 11.283
}