{
    "epoch": 3.0,
    "eval_accuracy": 0.8987730061349694,
    "eval_loss": 0.49367162585258484,
    "eval_runtime": 0.6275,
    "eval_samples": 1304,
    "eval_samples_per_second": 2077.935,
    "eval_steps_per_second": 65.334
}