{
    "epoch": 3.0,
    "eval_accuracy": 0.571273148059845,
    "eval_loss": 0.6919991970062256,
    "eval_runtime": 7.8525,
    "eval_samples": 1838,
    "eval_samples_per_second": 234.065,
    "eval_steps_per_second": 7.386
}