{
    "epoch": 20.0,
    "eval_average_metrics": 51.3496941487041,
    "eval_loss": 1.1413671970367432,
    "eval_pearson": 52.41369970762435,
    "eval_runtime": 7.6798,
    "eval_samples_per_second": 195.318,
    "eval_spearmanr": 50.28568858978386
}