{
    "epoch": 3.0,
    "eval_accuracy": 0.3787103295326233,
    "eval_loss": 1.0986073017120361,
    "eval_runtime": 5.8162,
    "eval_samples": 1954,
    "eval_samples_per_second": 335.956,
    "eval_steps_per_second": 10.66
}