{
    "epoch": 3.0,
    "eval_accuracy": 0.7477615631956468,
    "eval_combined_score": 0.7266640129178372,
    "eval_f1": 0.7055664626400276,
    "eval_loss": 0.5584511160850525,
    "eval_runtime": 99.9625,
    "eval_samples": 40430,
    "eval_samples_per_second": 404.452,
    "eval_steps_per_second": 12.645
}