{
    "epoch": 3.0,
    "eval_accuracy": 0.8724202626641651,
    "eval_loss": 0.6386714577674866,
    "eval_runtime": 1.7563,
    "eval_samples": 1066,
    "eval_samples_per_second": 606.969,
    "eval_steps_per_second": 19.359
}