{
    "epoch": 3.0,
    "eval_accuracy": 0.5972477197647095,
    "eval_loss": 0.8417350649833679,
    "eval_runtime": 25.9727,
    "eval_samples": 3270,
    "eval_samples_per_second": 125.902,
    "eval_steps_per_second": 3.966
}