{
    "epoch": 3.0,
    "eval_accuracy": 0.6346153616905212,
    "eval_loss": 0.6775816679000854,
    "eval_runtime": 0.2592,
    "eval_samples": 104,
    "eval_samples_per_second": 401.274,
    "eval_steps_per_second": 15.434
}