{
    "epoch": 3.0,
    "eval_accuracy": 0.5161799788475037,
    "eval_loss": 0.6937518119812012,
    "eval_runtime": 1.8767,
    "eval_samples": 1267,
    "eval_samples_per_second": 675.111,
    "eval_steps_per_second": 21.314
}