{
    "epoch": 3.0,
    "eval_accuracy": 0.6425076723098755,
    "eval_loss": 0.6580920219421387,
    "eval_runtime": 25.8691,
    "eval_samples": 3270,
    "eval_samples_per_second": 126.406,
    "eval_steps_per_second": 3.982
}