{
    "epoch": 15.0,
    "eval_gen_len": 2.994666666666667,
    "eval_loss": 1.1474264860153198,
    "eval_pearson": 83.639,
    "eval_runtime": 6.2699,
    "eval_samples": 1500,
    "eval_samples_per_second": 239.24,
    "eval_spearmanr": 83.1558,
    "eval_steps_per_second": 7.496
}