{
    "epoch": 3.0,
    "eval_accuracy": 0.528291642665863,
    "eval_loss": 0.6888406872749329,
    "eval_runtime": 8.0369,
    "eval_samples": 1838,
    "eval_samples_per_second": 228.695,
    "eval_steps_per_second": 7.217
}