{
    "epoch": 3.0,
    "eval_accuracy": 0.8314113124656782,
    "eval_loss": 0.5467454195022583,
    "eval_runtime": 14.6482,
    "eval_samples": 5463,
    "eval_samples_per_second": 372.947,
    "eval_steps_per_second": 11.674
}