{
    "epoch": 3.0,
    "eval_accuracy": 0.4877663850784302,
    "eval_loss": 0.6943698525428772,
    "eval_runtime": 1.7296,
    "eval_samples": 1267,
    "eval_samples_per_second": 732.535,
    "eval_steps_per_second": 23.127
}