{
    "epoch": 3.0,
    "eval_accuracy": 0.6379204988479614,
    "eval_loss": 0.6460317969322205,
    "eval_runtime": 27.5257,
    "eval_samples": 3270,
    "eval_samples_per_second": 118.798,
    "eval_steps_per_second": 3.742
}