{
    "epoch": 3.0,
    "eval_accuracy": 0.4447287619113922,
    "eval_loss": 1.0915037393569946,
    "eval_runtime": 5.3876,
    "eval_samples": 1954,
    "eval_samples_per_second": 362.687,
    "eval_steps_per_second": 11.508
}