{
    "epoch": 3.0,
    "eval_accuracy": 0.6685015559196472,
    "eval_loss": 0.8204792737960815,
    "eval_runtime": 36.3664,
    "eval_samples": 3270,
    "eval_samples_per_second": 89.918,
    "eval_steps_per_second": 2.832
}