{
    "epoch": 3.0,
    "eval_accuracy": 0.5560391545295715,
    "eval_loss": 0.6904118657112122,
    "eval_runtime": 7.79,
    "eval_samples": 1838,
    "eval_samples_per_second": 235.945,
    "eval_steps_per_second": 7.445
}