{
    "epoch": 3.0,
    "eval_accuracy": 0.27370184659957886,
    "eval_loss": 1.386285424232483,
    "eval_runtime": 39.7012,
    "eval_samples": 2985,
    "eval_samples_per_second": 75.187,
    "eval_steps_per_second": 2.368
}