{
    "epoch": 3.0,
    "eval_accuracy": 0.7678571343421936,
    "eval_loss": 0.6824385523796082,
    "eval_runtime": 0.1417,
    "eval_samples": 56,
    "eval_samples_per_second": 395.334,
    "eval_steps_per_second": 14.119
}