{
    "epoch": 3.0,
    "eval_accuracy": 0.516245487364621,
    "eval_loss": 0.6913490891456604,
    "eval_runtime": 1.769,
    "eval_samples": 277,
    "eval_samples_per_second": 156.582,
    "eval_steps_per_second": 5.088
}