{
    "epoch": 3.0,
    "eval_accuracy": 0.2690117359161377,
    "eval_loss": 1.3923429250717163,
    "eval_runtime": 38.3986,
    "eval_samples": 2985,
    "eval_samples_per_second": 77.737,
    "eval_steps_per_second": 2.448
}