{
    "epoch": 3.0,
    "eval_accuracy": 0.875,
    "eval_combined_score": 0.8931521739130435,
    "eval_f1": 0.9113043478260869,
    "eval_loss": 0.5932906866073608,
    "eval_runtime": 1.0883,
    "eval_samples": 408,
    "eval_samples_per_second": 374.894,
    "eval_steps_per_second": 11.945
}