{
    "epoch": 3.0,
    "eval_accuracy": 0.4869791567325592,
    "eval_loss": 0.693166971206665,
    "eval_runtime": 1.4865,
    "eval_samples": 384,
    "eval_samples_per_second": 258.322,
    "eval_steps_per_second": 8.073
}