{
    "epoch": 3.0,
    "eval_combined_score": 0.8820529161363589,
    "eval_loss": 0.5327232480049133,
    "eval_pearson": 0.8826321766991676,
    "eval_runtime": 3.9585,
    "eval_samples": 1500,
    "eval_samples_per_second": 378.93,
    "eval_spearmanr": 0.8814736555735503,
    "eval_steps_per_second": 11.873
}