{
    "epoch": 3.0,
    "eval_accuracy": 0.5179542899131775,
    "eval_loss": 0.6930898427963257,
    "eval_runtime": 7.9805,
    "eval_samples": 1838,
    "eval_samples_per_second": 230.311,
    "eval_steps_per_second": 7.268
}