{
    "epoch": 3.0,
    "eval_accuracy": 0.7003610108303249,
    "eval_loss": 0.627935528755188,
    "eval_runtime": 1.827,
    "eval_samples": 277,
    "eval_samples_per_second": 151.613,
    "eval_steps_per_second": 4.926
}