{
    "epoch": 3.0,
    "eval_accuracy": 0.8627450980392157,
    "eval_combined_score": 0.8830966869506424,
    "eval_f1": 0.903448275862069,
    "eval_loss": 0.5150372385978699,
    "eval_runtime": 1.114,
    "eval_samples": 408,
    "eval_samples_per_second": 366.261,
    "eval_steps_per_second": 11.67
}