{
    "epoch": 3.0,
    "eval_accuracy": 0.8583489681050657,
    "eval_loss": 0.633064866065979,
    "eval_runtime": 1.9788,
    "eval_samples": 1066,
    "eval_samples_per_second": 538.7,
    "eval_steps_per_second": 17.182
}