{
    "epoch": 3.0,
    "eval_accuracy": 0.5270758122743683,
    "eval_loss": 0.6929793953895569,
    "eval_runtime": 1.6851,
    "eval_samples": 277,
    "eval_samples_per_second": 164.379,
    "eval_steps_per_second": 5.341
}