{
    "epoch": 3.0,
    "eval_accuracy": 0.8480392156862745,
    "eval_combined_score": 0.8696336429308567,
    "eval_f1": 0.8912280701754387,
    "eval_loss": 0.43453699350357056,
    "eval_runtime": 1.4419,
    "eval_samples": 408,
    "eval_samples_per_second": 282.968,
    "eval_steps_per_second": 9.016
}