{
    "epoch": 3.0,
    "eval_accuracy": 0.9107142686843872,
    "eval_loss": 0.44882383942604065,
    "eval_runtime": 0.2763,
    "eval_samples": 56,
    "eval_samples_per_second": 202.709,
    "eval_steps_per_second": 7.24
}