{
    "epoch": 3.0,
    "eval_combined_score": 0.8804200245661182,
    "eval_loss": 0.5442114472389221,
    "eval_pearson": 0.8805454548695416,
    "eval_runtime": 4.1095,
    "eval_samples": 1500,
    "eval_samples_per_second": 365.008,
    "eval_spearmanr": 0.8802945942626949,
    "eval_steps_per_second": 11.437
}