{
    "epoch": 3.0,
    "eval_combined_score": 0.87769591799643,
    "eval_loss": 0.6422362327575684,
    "eval_pearson": 0.87625544715476,
    "eval_runtime": 3.8412,
    "eval_samples": 1500,
    "eval_samples_per_second": 390.506,
    "eval_spearmanr": 0.8791363888381,
    "eval_steps_per_second": 12.236
}