{
    "epoch": 3.0,
    "eval_accuracy": 0.850844277673546,
    "eval_loss": 0.644235372543335,
    "eval_runtime": 0.519,
    "eval_samples": 1066,
    "eval_samples_per_second": 2054.137,
    "eval_steps_per_second": 65.517
}