{
    "epoch": 3.0,
    "eval_accuracy": 0.5321000814437866,
    "eval_loss": 0.6894150972366333,
    "eval_runtime": 7.8315,
    "eval_samples": 1838,
    "eval_samples_per_second": 234.694,
    "eval_steps_per_second": 7.406
}