{
    "epoch": 3.0,
    "eval_accuracy": 0.740072202166065,
    "eval_loss": 1.1005544662475586,
    "eval_runtime": 1.6736,
    "eval_samples": 277,
    "eval_samples_per_second": 165.514,
    "eval_steps_per_second": 5.378
}