{
    "epoch": 3.0,
    "eval_accuracy": 0.7148014440433214,
    "eval_loss": 1.1532405614852905,
    "eval_runtime": 1.6778,
    "eval_samples": 277,
    "eval_samples_per_second": 165.096,
    "eval_steps_per_second": 5.364
}