{
    "epoch": 3.0,
    "eval_accuracy": 0.6346153616905212,
    "eval_loss": 0.6754133701324463,
    "eval_runtime": 0.3076,
    "eval_samples": 104,
    "eval_samples_per_second": 338.069,
    "eval_steps_per_second": 13.003
}