{
    "epoch": 3.0,
    "eval_accuracy": 0.8406862745098039,
    "eval_combined_score": 0.8615727936744317,
    "eval_f1": 0.8824593128390597,
    "eval_loss": 0.6519778370857239,
    "eval_runtime": 1.0347,
    "eval_samples": 408,
    "eval_samples_per_second": 394.318,
    "eval_steps_per_second": 12.564
}