{
    "epoch": 3.0,
    "eval_accuracy": 0.5018050541516246,
    "eval_loss": 0.7029967308044434,
    "eval_runtime": 1.6668,
    "eval_samples": 277,
    "eval_samples_per_second": 166.182,
    "eval_steps_per_second": 5.399
}