{
    "epoch": 20.0,
    "eval_average_metrics": 74.3303349059153,
    "eval_loss": 1.0649466514587402,
    "eval_pearson": 73.7551201097622,
    "eval_runtime": 8.2856,
    "eval_samples_per_second": 181.036,
    "eval_spearmanr": 74.9055497020684
}