{
    "epoch": 3.0,
    "eval_accuracy": 0.8611963190184049,
    "eval_loss": 0.5315055251121521,
    "eval_runtime": 2.2662,
    "eval_samples": 1304,
    "eval_samples_per_second": 575.401,
    "eval_steps_per_second": 18.092
}