{
    "epoch": 3.0,
    "eval_accuracy": 0.8865030674846626,
    "eval_loss": 0.5216939449310303,
    "eval_runtime": 2.1525,
    "eval_samples": 1304,
    "eval_samples_per_second": 605.811,
    "eval_steps_per_second": 19.048
}