{
    "epoch": 3.0,
    "eval_accuracy": 0.5270758122743683,
    "eval_loss": 0.6917545199394226,
    "eval_runtime": 1.674,
    "eval_samples": 277,
    "eval_samples_per_second": 165.471,
    "eval_steps_per_second": 5.376
}