{
    "epoch": 3.0,
    "eval_accuracy": 0.6600000262260437,
    "eval_loss": 0.672393798828125,
    "eval_runtime": 0.1333,
    "eval_samples": 100,
    "eval_samples_per_second": 750.099,
    "eval_steps_per_second": 30.004
}