{
    "epoch": 3.0,
    "eval_accuracy": 0.731164976502597,
    "eval_combined_score": 0.7114253952379379,
    "eval_f1": 0.6916858139732789,
    "eval_loss": 0.5230256915092468,
    "eval_runtime": 99.6024,
    "eval_samples": 40430,
    "eval_samples_per_second": 405.914,
    "eval_steps_per_second": 12.69
}