{
    "epoch": 3.0,
    "eval_accuracy": 0.5971786975860596,
    "eval_loss": 0.7410738468170166,
    "eval_runtime": 0.7144,
    "eval_samples": 638,
    "eval_samples_per_second": 893.108,
    "eval_steps_per_second": 27.997
}