{
    "epoch": 3.0,
    "eval_combined_score": 0.8377256395675993,
    "eval_loss": 0.7357069253921509,
    "eval_pearson": 0.8364543254353813,
    "eval_runtime": 4.0378,
    "eval_samples": 1500,
    "eval_samples_per_second": 371.485,
    "eval_spearmanr": 0.8389969536998172,
    "eval_steps_per_second": 46.559
}