{
    "epoch": 3.0,
    "eval_accuracy": 0.5078125,
    "eval_loss": 0.6925341486930847,
    "eval_runtime": 1.3825,
    "eval_samples": 384,
    "eval_samples_per_second": 277.757,
    "eval_steps_per_second": 8.68
}