{
    "epoch": 3.0,
    "eval_accuracy": 0.873358348968105,
    "eval_loss": 0.6135011315345764,
    "eval_runtime": 1.9027,
    "eval_samples": 1066,
    "eval_samples_per_second": 560.245,
    "eval_steps_per_second": 17.869
}