{
    "epoch": 3.0,
    "eval_accuracy": 0.8455882352941176,
    "eval_combined_score": 0.867627742865973,
    "eval_f1": 0.8896672504378283,
    "eval_loss": 0.7967751622200012,
    "eval_runtime": 1.1995,
    "eval_samples": 408,
    "eval_samples_per_second": 340.151,
    "eval_steps_per_second": 10.838
}