{
    "epoch": 3.0,
    "eval_combined_score": 0.8468315437767552,
    "eval_loss": 0.7205600738525391,
    "eval_pearson": 0.8456132023473117,
    "eval_runtime": 3.9581,
    "eval_samples": 1500,
    "eval_samples_per_second": 378.969,
    "eval_spearmanr": 0.8480498852061986,
    "eval_steps_per_second": 11.874
}