{
    "epoch": 3.0,
    "eval_accuracy": 0.45092126727104187,
    "eval_loss": 1.3225677013397217,
    "eval_runtime": 37.796,
    "eval_samples": 2985,
    "eval_samples_per_second": 78.977,
    "eval_steps_per_second": 2.487
}