{
    "epoch": 3.0,
    "eval_accuracy": 0.45087000727653503,
    "eval_loss": 1.0499932765960693,
    "eval_runtime": 5.4333,
    "eval_samples": 1954,
    "eval_samples_per_second": 359.632,
    "eval_steps_per_second": 11.411
}