{
    "epoch": 3.0,
    "eval_accuracy": 0.9115999937057495,
    "eval_loss": 0.4576210677623749,
    "eval_runtime": 128.278,
    "eval_samples": 25000,
    "eval_samples_per_second": 194.889,
    "eval_steps_per_second": 6.096
}