{
    "epoch": 20.0,
    "eval_average_metrics": 71.051948124717,
    "eval_loss": 1.0681122541427612,
    "eval_pearson": 70.73627529344114,
    "eval_runtime": 8.1606,
    "eval_samples_per_second": 183.809,
    "eval_spearmanr": 71.36762095599286
}