{
    "epoch": 3.0,
    "eval_accuracy": 0.8392857313156128,
    "eval_loss": 0.48281100392341614,
    "eval_runtime": 0.1426,
    "eval_samples": 56,
    "eval_samples_per_second": 392.72,
    "eval_steps_per_second": 14.026
}