{
    "epoch": 3.0,
    "eval_accuracy": 0.7984417511748702,
    "eval_combined_score": 0.7714895987449009,
    "eval_f1": 0.7445374463149315,
    "eval_loss": 0.8908986449241638,
    "eval_runtime": 101.978,
    "eval_samples": 40430,
    "eval_samples_per_second": 396.458,
    "eval_steps_per_second": 12.395
}