{
    "epoch": 3.0,
    "eval_accuracy": 0.8455882352941176,
    "eval_combined_score": 0.868947963800905,
    "eval_f1": 0.8923076923076922,
    "eval_loss": 0.5152104496955872,
    "eval_runtime": 1.1082,
    "eval_samples": 408,
    "eval_samples_per_second": 368.156,
    "eval_steps_per_second": 11.73
}