{
    "epoch": 3.0,
    "eval_accuracy": 0.6346153616905212,
    "eval_loss": 0.680699348449707,
    "eval_runtime": 0.2678,
    "eval_samples": 104,
    "eval_samples_per_second": 388.358,
    "eval_steps_per_second": 14.937
}