{
    "epoch": 3.0,
    "eval_accuracy": 0.8321435108914516,
    "eval_loss": 0.726691484451294,
    "eval_runtime": 14.5152,
    "eval_samples": 5463,
    "eval_samples_per_second": 376.364,
    "eval_steps_per_second": 11.781
}