{
    "epoch": 3.0,
    "eval_accuracy": 0.7939154093494929,
    "eval_combined_score": 0.7709367717689446,
    "eval_f1": 0.7479581341883963,
    "eval_loss": 0.8960649371147156,
    "eval_runtime": 98.7153,
    "eval_samples": 40430,
    "eval_samples_per_second": 409.562,
    "eval_steps_per_second": 12.805
}