{
    "epoch": 3.0,
    "eval_accuracy": 0.7990106356665843,
    "eval_combined_score": 0.7713592256109998,
    "eval_f1": 0.7437078155554153,
    "eval_loss": 0.8023005127906799,
    "eval_runtime": 100.6147,
    "eval_samples": 40430,
    "eval_samples_per_second": 401.83,
    "eval_steps_per_second": 12.563
}