{
    "epoch": 3.0,
    "eval_accuracy": 0.8497162731100129,
    "eval_loss": 0.5661432147026062,
    "eval_runtime": 13.6139,
    "eval_samples": 5463,
    "eval_samples_per_second": 401.281,
    "eval_steps_per_second": 12.561
}