{
    "epoch": 3.0,
    "eval_accuracy": 0.8826687116564417,
    "eval_loss": 0.45522817969322205,
    "eval_runtime": 2.3683,
    "eval_samples": 1304,
    "eval_samples_per_second": 550.613,
    "eval_steps_per_second": 17.312
}