{
    "epoch": 3.0,
    "eval_accuracy": 0.917639970779419,
    "eval_loss": 0.3524273931980133,
    "eval_runtime": 140.6865,
    "eval_samples": 25000,
    "eval_samples_per_second": 177.7,
    "eval_steps_per_second": 5.558
}