{
    "epoch": 3.0,
    "eval_combined_score": 0.8830321054515464,
    "eval_loss": 0.552796483039856,
    "eval_pearson": 0.8821040482777096,
    "eval_runtime": 3.6365,
    "eval_samples": 1500,
    "eval_samples_per_second": 412.48,
    "eval_spearmanr": 0.8839601626253833,
    "eval_steps_per_second": 12.924
}