{
    "epoch": 3.0,
    "eval_accuracy": 0.568965494632721,
    "eval_loss": 0.687961220741272,
    "eval_runtime": 0.6884,
    "eval_samples": 638,
    "eval_samples_per_second": 926.798,
    "eval_steps_per_second": 29.053
}