{
    "epoch": 3.0,
    "eval_accuracy": 0.4729241877256318,
    "eval_loss": 0.6944940090179443,
    "eval_runtime": 1.692,
    "eval_samples": 277,
    "eval_samples_per_second": 163.709,
    "eval_steps_per_second": 5.319
}