{
    "epoch": 3.0,
    "eval_accuracy": 0.7150383378679198,
    "eval_combined_score": 0.6657262606602792,
    "eval_f1": 0.6164141834526385,
    "eval_loss": 0.5522727370262146,
    "eval_runtime": 108.1288,
    "eval_samples": 40430,
    "eval_samples_per_second": 373.906,
    "eval_steps_per_second": 46.741
}