{
    "epoch": 3.0,
    "eval_accuracy": 0.36833333333333335,
    "eval_loss": 1.1868560314178467,
    "eval_runtime": 3.8645,
    "eval_samples": 1200,
    "eval_samples_per_second": 310.519,
    "eval_steps_per_second": 9.833
}