{
    "epoch": 3.0,
    "eval_accuracy": 0.6050156950950623,
    "eval_loss": 1.6789053678512573,
    "eval_runtime": 0.6958,
    "eval_samples": 638,
    "eval_samples_per_second": 916.934,
    "eval_steps_per_second": 28.744
}