{
    "epoch": 10.0,
    "eval_gen_len": 2.9913333333333334,
    "eval_loss": 1.2842750549316406,
    "eval_pearson": 83.5127,
    "eval_runtime": 6.2381,
    "eval_samples": 1500,
    "eval_samples_per_second": 240.458,
    "eval_spearmanr": 83.6393,
    "eval_steps_per_second": 3.847
}