{
    "epoch": 10.0,
    "eval_gen_len": 2.994666666666667,
    "eval_loss": 1.22380793094635,
    "eval_pearson": 88.0401,
    "eval_runtime": 6.4204,
    "eval_samples": 1500,
    "eval_samples_per_second": 233.632,
    "eval_spearmanr": 87.8919,
    "eval_steps_per_second": 3.738
}