{
    "epoch": 3.0,
    "eval_accuracy": 0.8112745098039216,
    "eval_combined_score": 0.8357642966442476,
    "eval_f1": 0.8602540834845737,
    "eval_loss": 0.6537978053092957,
    "eval_runtime": 1.0915,
    "eval_samples": 408,
    "eval_samples_per_second": 373.794,
    "eval_steps_per_second": 46.724
}