{
    "epoch": 3.0,
    "eval_accuracy": 0.4631524980068207,
    "eval_loss": 1.0630453824996948,
    "eval_runtime": 5.429,
    "eval_samples": 1954,
    "eval_samples_per_second": 359.922,
    "eval_steps_per_second": 11.42
}