{
    "epoch": 3.0,
    "eval_combined_score": 0.8736813773641506,
    "eval_loss": 0.5779873728752136,
    "eval_pearson": 0.8740969891534447,
    "eval_runtime": 3.8348,
    "eval_samples": 1500,
    "eval_samples_per_second": 391.151,
    "eval_spearmanr": 0.8732657655748566,
    "eval_steps_per_second": 12.256
}