{
    "epoch": 3.0,
    "eval_accuracy": 0.34438860416412354,
    "eval_loss": 1.461846947669983,
    "eval_runtime": 36.9798,
    "eval_samples": 2985,
    "eval_samples_per_second": 80.72,
    "eval_steps_per_second": 2.542
}