{
    "epoch": 3.0,
    "eval_accuracy": 0.6088684797286987,
    "eval_loss": 0.6612173318862915,
    "eval_runtime": 36.4013,
    "eval_samples": 3270,
    "eval_samples_per_second": 89.832,
    "eval_steps_per_second": 2.83
}