{
    "epoch": 3.0,
    "eval_accuracy": 0.26598286628723145,
    "eval_loss": 1.3853344917297363,
    "eval_runtime": 40.6028,
    "eval_samples": 10042,
    "eval_samples_per_second": 247.323,
    "eval_steps_per_second": 7.733
}