{
    "epoch": 3.0,
    "eval_accuracy": 0.5067087411880493,
    "eval_loss": 0.696227490901947,
    "eval_runtime": 1.7432,
    "eval_samples": 1267,
    "eval_samples_per_second": 726.84,
    "eval_steps_per_second": 22.947
}