{
    "epoch": 3.0,
    "eval_accuracy": 0.6346153616905212,
    "eval_loss": 0.6667277216911316,
    "eval_runtime": 0.2585,
    "eval_samples": 104,
    "eval_samples_per_second": 402.256,
    "eval_steps_per_second": 15.471
}