{
    "epoch": 15.0,
    "eval_gen_len": 2.993333333333333,
    "eval_loss": 1.3273924589157104,
    "eval_pearson": 81.1877,
    "eval_runtime": 2.3363,
    "eval_samples": 1500,
    "eval_samples_per_second": 642.039,
    "eval_spearmanr": 80.7834,
    "eval_steps_per_second": 10.273
}