{
    "epoch": 3.0,
    "eval_accuracy": 0.6425462365150452,
    "eval_loss": 0.6637073159217834,
    "eval_runtime": 7.9739,
    "eval_samples": 1838,
    "eval_samples_per_second": 230.502,
    "eval_steps_per_second": 7.274
}