{
    "epoch": 3.0,
    "eval_accuracy": 0.8169503935566539,
    "eval_loss": 0.5067712068557739,
    "eval_runtime": 13.5258,
    "eval_samples": 5463,
    "eval_samples_per_second": 403.894,
    "eval_steps_per_second": 12.642
}