{
    "epoch": 3.0,
    "eval_accuracy": 0.3098827600479126,
    "eval_loss": 1.369621753692627,
    "eval_runtime": 40.246,
    "eval_samples": 2985,
    "eval_samples_per_second": 74.169,
    "eval_steps_per_second": 2.336
}