{
    "epoch": 3.0,
    "eval_accuracy": 0.7769607843137255,
    "eval_combined_score": 0.8085155415417484,
    "eval_f1": 0.8400702987697715,
    "eval_loss": 0.6104623079299927,
    "eval_runtime": 1.088,
    "eval_samples": 408,
    "eval_samples_per_second": 375.003,
    "eval_steps_per_second": 46.875
}