{
    "epoch": 3.0,
    "eval_accuracy": 0.8470919324577861,
    "eval_loss": 0.6576336622238159,
    "eval_runtime": 1.7642,
    "eval_samples": 1066,
    "eval_samples_per_second": 604.229,
    "eval_steps_per_second": 19.272
}