{
    "epoch": 3.0,
    "eval_accuracy": 0.9187116564417178,
    "eval_loss": 0.41851291060447693,
    "eval_runtime": 2.1044,
    "eval_samples": 1304,
    "eval_samples_per_second": 619.66,
    "eval_steps_per_second": 19.483
}