{
    "epoch": 3.0,
    "eval_accuracy": 0.4951033592224121,
    "eval_loss": 0.6932578682899475,
    "eval_runtime": 7.9757,
    "eval_samples": 1838,
    "eval_samples_per_second": 230.45,
    "eval_steps_per_second": 7.272
}