{
    "epoch": 3.0,
    "eval_accuracy": 0.7857142686843872,
    "eval_loss": 0.6435222625732422,
    "eval_runtime": 0.14,
    "eval_samples": 56,
    "eval_samples_per_second": 400.088,
    "eval_steps_per_second": 14.289
}