{
    "epoch": 3.0,
    "eval_accuracy": 0.6399999856948853,
    "eval_loss": 0.6889445781707764,
    "eval_runtime": 0.1324,
    "eval_samples": 100,
    "eval_samples_per_second": 755.202,
    "eval_steps_per_second": 30.208
}