{
    "epoch": 10.0,
    "eval_gen_len": 2.994666666666667,
    "eval_loss": 1.3407142162322998,
    "eval_pearson": 86.9426,
    "eval_runtime": 5.9984,
    "eval_samples": 1500,
    "eval_samples_per_second": 250.067,
    "eval_spearmanr": 86.7021,
    "eval_steps_per_second": 4.001
}