{
    "epoch": 3.0,
    "eval_accuracy": 0.8553921568627451,
    "eval_combined_score": 0.8752982098700937,
    "eval_f1": 0.8952042628774423,
    "eval_loss": 0.4537324011325836,
    "eval_runtime": 1.0617,
    "eval_samples": 408,
    "eval_samples_per_second": 384.287,
    "eval_steps_per_second": 12.244
}