{
    "epoch": 3.0,
    "eval_accuracy": 0.6700000166893005,
    "eval_loss": 0.6920953989028931,
    "eval_runtime": 0.1269,
    "eval_samples": 100,
    "eval_samples_per_second": 788.31,
    "eval_steps_per_second": 31.532
}