{
    "epoch": 3.0,
    "eval_accuracy": 0.2535351514816284,
    "eval_loss": 1.388513207435608,
    "eval_runtime": 40.2041,
    "eval_samples": 10042,
    "eval_samples_per_second": 249.775,
    "eval_steps_per_second": 7.81
}