{
    "epoch": 3.0,
    "eval_accuracy": 0.37833333333333335,
    "eval_loss": 1.272847294807434,
    "eval_runtime": 4.196,
    "eval_samples": 1200,
    "eval_samples_per_second": 285.983,
    "eval_steps_per_second": 9.056
}