{
    "epoch": 3.0,
    "eval_accuracy": 0.6346153616905212,
    "eval_loss": 0.67781662940979,
    "eval_runtime": 0.2574,
    "eval_samples": 104,
    "eval_samples_per_second": 404.047,
    "eval_steps_per_second": 15.54
}