{
    "epoch": 3.0,
    "eval_accuracy": 0.8823529411764706,
    "eval_combined_score": 0.8997971602434076,
    "eval_f1": 0.9172413793103448,
    "eval_loss": 0.6238795518875122,
    "eval_runtime": 1.1021,
    "eval_samples": 408,
    "eval_samples_per_second": 370.197,
    "eval_steps_per_second": 46.275
}