{
    "epoch": 3.0,
    "eval_accuracy": 0.8578431372549019,
    "eval_combined_score": 0.8796018407362944,
    "eval_f1": 0.901360544217687,
    "eval_loss": 0.6122853755950928,
    "eval_runtime": 1.0401,
    "eval_samples": 408,
    "eval_samples_per_second": 392.256,
    "eval_steps_per_second": 12.498
}