{
    "epoch": 3.0,
    "eval_accuracy": 0.5740072202166066,
    "eval_loss": 0.8835688829421997,
    "eval_runtime": 1.6482,
    "eval_samples": 277,
    "eval_samples_per_second": 168.067,
    "eval_steps_per_second": 5.461
}