{
    "epoch": 3.0,
    "eval_accuracy": 0.4334793984889984,
    "eval_loss": 1.2854632139205933,
    "eval_runtime": 309.6412,
    "eval_samples": 10042,
    "eval_samples_per_second": 32.431,
    "eval_steps_per_second": 1.014
}