{
    "epoch": 3.0,
    "eval_accuracy": 0.8132894014277869,
    "eval_loss": 0.47440317273139954,
    "eval_runtime": 14.4264,
    "eval_samples": 5463,
    "eval_samples_per_second": 378.68,
    "eval_steps_per_second": 11.853
}