{
    "epoch": 3.0,
    "eval_accuracy": 0.7972050457581005,
    "eval_combined_score": 0.7697886972702521,
    "eval_f1": 0.7423723487824038,
    "eval_loss": 0.8765639662742615,
    "eval_runtime": 100.2251,
    "eval_samples": 40430,
    "eval_samples_per_second": 403.392,
    "eval_steps_per_second": 12.612
}