{
    "epoch": 10.0,
    "eval_gen_len": 2.9913333333333334,
    "eval_loss": 1.2947479486465454,
    "eval_pearson": 80.2761,
    "eval_runtime": 4.0601,
    "eval_samples": 1500,
    "eval_samples_per_second": 369.452,
    "eval_spearmanr": 80.3701,
    "eval_steps_per_second": 5.911
}