{
    "epoch": 3.0,
    "eval_accuracy": 0.8621013133208255,
    "eval_loss": 0.6863276958465576,
    "eval_runtime": 0.9865,
    "eval_samples": 1066,
    "eval_samples_per_second": 1080.582,
    "eval_steps_per_second": 34.465
}