{
    "epoch": 3.0,
    "eval_accuracy": 0.7321428656578064,
    "eval_loss": 1.0596274137496948,
    "eval_runtime": 0.1378,
    "eval_samples": 56,
    "eval_samples_per_second": 406.369,
    "eval_steps_per_second": 14.513
}