{
    "epoch": 3.0,
    "eval_accuracy": 0.6895306859205776,
    "eval_loss": 0.7659127712249756,
    "eval_runtime": 1.6581,
    "eval_samples": 277,
    "eval_samples_per_second": 167.062,
    "eval_steps_per_second": 5.428
}