{"eval_accuracy": 78.60000000000001, "eval_f1": 72.74000000000001}