{
    "epoch": 3.0,
    "eval_accuracy": 0.6222570538520813,
    "eval_loss": 1.1004637479782104,
    "eval_runtime": 0.7168,
    "eval_samples": 638,
    "eval_samples_per_second": 890.094,
    "eval_steps_per_second": 27.903
}