{
    "epoch": 3.0,
    "eval_accuracy": 0.555956678700361,
    "eval_loss": 0.6921342015266418,
    "eval_runtime": 1.7313,
    "eval_samples": 277,
    "eval_samples_per_second": 159.995,
    "eval_steps_per_second": 5.198
}