{
    "epoch": 3.0,
    "eval_accuracy": 0.3516666666666667,
    "eval_loss": 1.1506937742233276,
    "eval_runtime": 3.8134,
    "eval_samples": 1200,
    "eval_samples_per_second": 314.679,
    "eval_steps_per_second": 9.965
}