{
    "epoch": 20.0,
    "eval_average_metrics": 84.7126827257488,
    "eval_loss": 0.9665406942367554,
    "eval_pearson": 84.92508480431997,
    "eval_runtime": 9.751,
    "eval_samples_per_second": 153.83,
    "eval_spearmanr": 84.50028064717763
}