{
    "epoch": 3.0,
    "eval_combined_score": 0.852041967556547,
    "eval_loss": 0.6611706018447876,
    "eval_pearson": 0.8496527608112632,
    "eval_runtime": 4.1189,
    "eval_samples": 1500,
    "eval_samples_per_second": 364.174,
    "eval_spearmanr": 0.8544311743018309,
    "eval_steps_per_second": 45.643
}