{
    "epoch": 3.0,
    "eval_accuracy": 0.5877742767333984,
    "eval_loss": 0.9646189212799072,
    "eval_runtime": 0.7033,
    "eval_samples": 638,
    "eval_samples_per_second": 907.187,
    "eval_steps_per_second": 28.438
}