{
    "epoch": 3.0,
    "eval_accuracy": 0.8504901960784313,
    "eval_combined_score": 0.872201619778346,
    "eval_f1": 0.8939130434782607,
    "eval_loss": 0.7129838466644287,
    "eval_runtime": 1.0258,
    "eval_samples": 408,
    "eval_samples_per_second": 397.722,
    "eval_steps_per_second": 12.672
}