{
    "epoch": 3.0,
    "eval_accuracy": 0.6299999952316284,
    "eval_loss": 0.5975782871246338,
    "eval_runtime": 0.1278,
    "eval_samples": 100,
    "eval_samples_per_second": 782.744,
    "eval_steps_per_second": 31.31
}