{
    "epoch": 3.0,
    "eval_accuracy": 0.8725490196078431,
    "eval_combined_score": 0.891753961858716,
    "eval_f1": 0.9109589041095889,
    "eval_loss": 0.5664125084877014,
    "eval_runtime": 1.1053,
    "eval_samples": 408,
    "eval_samples_per_second": 369.143,
    "eval_steps_per_second": 11.762
}