{
    "epoch": 3.0,
    "eval_accuracy": 0.6346153616905212,
    "eval_loss": 0.6790804266929626,
    "eval_runtime": 0.2572,
    "eval_samples": 104,
    "eval_samples_per_second": 404.312,
    "eval_steps_per_second": 15.55
}