{
    "epoch": 3.0,
    "eval_accuracy": 0.5011839270591736,
    "eval_loss": 0.6931471824645996,
    "eval_runtime": 1.8814,
    "eval_samples": 1267,
    "eval_samples_per_second": 673.436,
    "eval_steps_per_second": 21.261
}