{
    "epoch": 3.0,
    "eval_accuracy": 0.8658536585365854,
    "eval_loss": 0.5962700247764587,
    "eval_runtime": 1.8745,
    "eval_samples": 1066,
    "eval_samples_per_second": 568.685,
    "eval_steps_per_second": 18.138
}