{
    "epoch": 3.0,
    "eval_accuracy": 0.454291969537735,
    "eval_loss": 1.2891626358032227,
    "eval_runtime": 91.925,
    "eval_samples": 10042,
    "eval_samples_per_second": 109.241,
    "eval_steps_per_second": 3.416
}