{
    "epoch": 3.0,
    "eval_accuracy": 0.7799999713897705,
    "eval_loss": 0.48546192049980164,
    "eval_runtime": 0.1253,
    "eval_samples": 100,
    "eval_samples_per_second": 798.097,
    "eval_steps_per_second": 31.924
}