{
    "epoch": 3.0,
    "eval_accuracy": 0.4798737168312073,
    "eval_loss": 0.693202018737793,
    "eval_runtime": 1.9521,
    "eval_samples": 1267,
    "eval_samples_per_second": 649.029,
    "eval_steps_per_second": 20.49
}