{
    "epoch": 3.0,
    "eval_accuracy": 0.44999998807907104,
    "eval_loss": 0.6977373361587524,
    "eval_runtime": 0.126,
    "eval_samples": 100,
    "eval_samples_per_second": 793.396,
    "eval_steps_per_second": 31.736
}