{
    "epoch": 3.0,
    "eval_accuracy": 0.8214285969734192,
    "eval_loss": 0.7027698755264282,
    "eval_runtime": 0.1386,
    "eval_samples": 56,
    "eval_samples_per_second": 403.933,
    "eval_steps_per_second": 14.426
}