{
    "epoch": 3.0,
    "eval_accuracy": 0.4921875,
    "eval_loss": 0.6953458786010742,
    "eval_runtime": 1.3992,
    "eval_samples": 384,
    "eval_samples_per_second": 274.45,
    "eval_steps_per_second": 8.577
}