{
    "epoch": 3.0,
    "eval_accuracy": 0.8214285969734192,
    "eval_loss": 0.7666200995445251,
    "eval_runtime": 0.1409,
    "eval_samples": 56,
    "eval_samples_per_second": 397.439,
    "eval_steps_per_second": 14.194
}