{
    "epoch": 15.0,
    "eval_gen_len": 2.9966666666666666,
    "eval_loss": 1.1063380241394043,
    "eval_pearson": 85.4152,
    "eval_runtime": 6.1657,
    "eval_samples": 1500,
    "eval_samples_per_second": 243.28,
    "eval_spearmanr": 85.1479,
    "eval_steps_per_second": 7.623
}