{
    "epoch": 15.0,
    "eval_gen_len": 2.9953333333333334,
    "eval_loss": 1.1018626689910889,
    "eval_pearson": 86.0066,
    "eval_runtime": 6.2134,
    "eval_samples": 1500,
    "eval_samples_per_second": 241.414,
    "eval_spearmanr": 85.3779,
    "eval_steps_per_second": 7.564
}