{
    "epoch": 3.0,
    "eval_combined_score": 0.8817087675504384,
    "eval_loss": 0.54744952917099,
    "eval_pearson": 0.8821031091744376,
    "eval_runtime": 4.0972,
    "eval_samples": 1500,
    "eval_samples_per_second": 366.104,
    "eval_spearmanr": 0.8813144259264392,
    "eval_steps_per_second": 11.471
}