{
    "epoch": 3.0,
    "eval_accuracy": 0.6346153616905212,
    "eval_loss": 0.6852384209632874,
    "eval_runtime": 0.2628,
    "eval_samples": 104,
    "eval_samples_per_second": 395.668,
    "eval_steps_per_second": 15.218
}