{
    "epoch": 3.0,
    "eval_accuracy": 0.8452157598499062,
    "eval_loss": 0.6288934350013733,
    "eval_runtime": 1.7431,
    "eval_samples": 1066,
    "eval_samples_per_second": 611.571,
    "eval_steps_per_second": 19.506
}