{
    "epoch": 3.0,
    "eval_combined_score": 0.8123993058135605,
    "eval_loss": 1.0983446836471558,
    "eval_pearson": 0.802712578835348,
    "eval_runtime": 3.8143,
    "eval_samples": 1500,
    "eval_samples_per_second": 393.261,
    "eval_spearmanr": 0.822086032791773,
    "eval_steps_per_second": 12.322
}