{
    "epoch": 3.0,
    "eval_accuracy": 0.8035714030265808,
    "eval_loss": 0.8709990382194519,
    "eval_runtime": 0.1419,
    "eval_samples": 56,
    "eval_samples_per_second": 394.653,
    "eval_steps_per_second": 14.095
}