{
    "epoch": 3.0,
    "eval_accuracy": 0.8392857313156128,
    "eval_loss": 0.7018927335739136,
    "eval_runtime": 0.2808,
    "eval_samples": 56,
    "eval_samples_per_second": 199.436,
    "eval_steps_per_second": 7.123
}