{
    "epoch": 3.0,
    "eval_accuracy": 0.7193915409349493,
    "eval_combined_score": 0.7089316508661457,
    "eval_f1": 0.6984717607973422,
    "eval_loss": 0.5219364762306213,
    "eval_runtime": 100.7605,
    "eval_samples": 40430,
    "eval_samples_per_second": 401.249,
    "eval_steps_per_second": 12.545
}