{
    "epoch": 3.0,
    "eval_accuracy": 0.808088053425674,
    "eval_combined_score": 0.7770346962168475,
    "eval_f1": 0.745981339008021,
    "eval_loss": 0.8763839602470398,
    "eval_runtime": 108.5645,
    "eval_samples": 40430,
    "eval_samples_per_second": 372.405,
    "eval_steps_per_second": 46.553
}