{
    "epoch": 3.0,
    "eval_accuracy": 0.6642599277978339,
    "eval_loss": 0.7665437459945679,
    "eval_runtime": 1.7099,
    "eval_samples": 277,
    "eval_samples_per_second": 161.998,
    "eval_steps_per_second": 5.263
}