{
    "epoch": 10.0,
    "eval_gen_len": 3.0006666666666666,
    "eval_loss": 1.3856979608535767,
    "eval_pearson": 80.1858,
    "eval_runtime": 4.275,
    "eval_samples": 1500,
    "eval_samples_per_second": 350.877,
    "eval_spearmanr": 80.1224,
    "eval_steps_per_second": 5.614
}