{
    "epoch": 3.0,
    "eval_accuracy": 0.45342886447906494,
    "eval_loss": 1.0821424722671509,
    "eval_runtime": 5.5079,
    "eval_samples": 1954,
    "eval_samples_per_second": 354.761,
    "eval_steps_per_second": 11.256
}