{
    "epoch": 3.0,
    "eval_accuracy": 0.5052083134651184,
    "eval_loss": 0.6931471824645996,
    "eval_runtime": 1.2461,
    "eval_samples": 384,
    "eval_samples_per_second": 308.152,
    "eval_steps_per_second": 9.63
}