{
    "epoch": 3.0,
    "eval_accuracy": 0.5799372792243958,
    "eval_loss": 0.745693027973175,
    "eval_runtime": 0.6895,
    "eval_samples": 638,
    "eval_samples_per_second": 925.341,
    "eval_steps_per_second": 29.008
}