{
    "epoch": 3.0,
    "eval_combined_score": 0.8777322935117002,
    "eval_loss": 0.5644370913505554,
    "eval_pearson": 0.878622383040524,
    "eval_runtime": 4.0216,
    "eval_samples": 1500,
    "eval_samples_per_second": 372.985,
    "eval_spearmanr": 0.8768422039828764,
    "eval_steps_per_second": 11.687
}