{
    "epoch": 3.0,
    "eval_combined_score": 0.8622186970188764,
    "eval_loss": 0.628107488155365,
    "eval_pearson": 0.8619303618566974,
    "eval_runtime": 3.9638,
    "eval_samples": 1500,
    "eval_samples_per_second": 378.426,
    "eval_spearmanr": 0.8625070321810555,
    "eval_steps_per_second": 11.857
}