{
    "epoch": 15.0,
    "eval_gen_len": 2.998666666666667,
    "eval_loss": 1.0702115297317505,
    "eval_pearson": 88.1036,
    "eval_runtime": 8.6471,
    "eval_samples": 1500,
    "eval_samples_per_second": 173.468,
    "eval_spearmanr": 87.902,
    "eval_steps_per_second": 5.435
}