{
    "epoch": 15.0,
    "eval_gen_len": 3.001333333333333,
    "eval_loss": 1.0519421100616455,
    "eval_pearson": 82.5556,
    "eval_runtime": 21.0895,
    "eval_samples": 1500,
    "eval_samples_per_second": 71.125,
    "eval_spearmanr": 83.7676,
    "eval_steps_per_second": 4.457
}