{
    "epoch": 3.0,
    "eval_accuracy": 0.48475712537765503,
    "eval_loss": 1.2418376207351685,
    "eval_runtime": 39.7829,
    "eval_samples": 2985,
    "eval_samples_per_second": 75.032,
    "eval_steps_per_second": 2.363
}