{
    "epoch": 3.0,
    "eval_accuracy": 0.5706243515014648,
    "eval_loss": 1.0217130184173584,
    "eval_runtime": 5.4828,
    "eval_samples": 1954,
    "eval_samples_per_second": 356.389,
    "eval_steps_per_second": 11.308
}