{
    "epoch": 3.0,
    "eval_accuracy": 0.49619150161743164,
    "eval_loss": 0.6931456327438354,
    "eval_runtime": 7.9015,
    "eval_samples": 1838,
    "eval_samples_per_second": 232.615,
    "eval_steps_per_second": 7.34
}