{
    "epoch": 3.0,
    "eval_accuracy": 0.290280818939209,
    "eval_loss": 1.3813579082489014,
    "eval_runtime": 91.0939,
    "eval_samples": 10042,
    "eval_samples_per_second": 110.238,
    "eval_steps_per_second": 3.447
}