{
    "epoch": 3.0,
    "eval_accuracy": 0.25124478340148926,
    "eval_loss": 1.3862947225570679,
    "eval_runtime": 93.5156,
    "eval_samples": 10042,
    "eval_samples_per_second": 107.383,
    "eval_steps_per_second": 3.358
}