{
    "epoch": 3.0,
    "eval_combined_score": 0.852261436486,
    "eval_loss": 0.6896963119506836,
    "eval_pearson": 0.8513453045163878,
    "eval_runtime": 3.8081,
    "eval_samples": 1500,
    "eval_samples_per_second": 393.894,
    "eval_spearmanr": 0.8531775684556122,
    "eval_steps_per_second": 12.342
}