{
    "epoch": 3.0,
    "eval_accuracy": 0.553275465965271,
    "eval_loss": 0.8068599700927734,
    "eval_runtime": 1.9806,
    "eval_samples": 1267,
    "eval_samples_per_second": 639.715,
    "eval_steps_per_second": 20.196
}