{
    "epoch": 3.0,
    "eval_accuracy": 0.43350082635879517,
    "eval_loss": 1.3376127481460571,
    "eval_runtime": 37.3433,
    "eval_samples": 2985,
    "eval_samples_per_second": 79.934,
    "eval_steps_per_second": 2.517
}