{
    "epoch": 3.0,
    "eval_accuracy": 0.4956590235233307,
    "eval_loss": 0.6943592429161072,
    "eval_runtime": 3.0409,
    "eval_samples": 1267,
    "eval_samples_per_second": 416.655,
    "eval_steps_per_second": 13.154
}