{
    "epoch": 10.0,
    "eval_gen_len": 2.985333333333333,
    "eval_loss": 1.2802034616470337,
    "eval_pearson": 85.7392,
    "eval_runtime": 6.0636,
    "eval_samples": 1500,
    "eval_samples_per_second": 247.377,
    "eval_spearmanr": 85.5434,
    "eval_steps_per_second": 3.958
}