{
    "epoch": 3.0,
    "eval_accuracy": 0.7979470690081623,
    "eval_combined_score": 0.7692945174548383,
    "eval_f1": 0.7406419659015144,
    "eval_loss": 0.8144726157188416,
    "eval_runtime": 100.821,
    "eval_samples": 40430,
    "eval_samples_per_second": 401.008,
    "eval_steps_per_second": 12.537
}