{
    "epoch": 3.0,
    "eval_accuracy": 0.34833333333333333,
    "eval_loss": 1.1072295904159546,
    "eval_runtime": 3.9434,
    "eval_samples": 1200,
    "eval_samples_per_second": 304.308,
    "eval_steps_per_second": 9.636
}