{
    "epoch": 15.0,
    "eval_gen_len": 2.998666666666667,
    "eval_loss": 1.2648227214813232,
    "eval_pearson": 78.139,
    "eval_runtime": 3.2892,
    "eval_samples": 1500,
    "eval_samples_per_second": 456.035,
    "eval_spearmanr": 77.6587,
    "eval_steps_per_second": 7.297
}