{
    "epoch": 3.0,
    "eval_accuracy": 0.8195488721804511,
    "eval_loss": 0.6510916948318481,
    "eval_runtime": 24.4583,
    "eval_samples": 9842,
    "eval_samples_per_second": 402.399,
    "eval_steps_per_second": 12.593
}