{
    "epoch": 3.0,
    "eval_accuracy": 0.5505985021591187,
    "eval_loss": 0.6908615827560425,
    "eval_runtime": 8.3934,
    "eval_samples": 1838,
    "eval_samples_per_second": 218.98,
    "eval_steps_per_second": 6.91
}