{
    "epoch": 3.0,
    "eval_accuracy": 0.8639774859287055,
    "eval_loss": 0.7118011713027954,
    "eval_runtime": 1.7666,
    "eval_samples": 1066,
    "eval_samples_per_second": 603.411,
    "eval_steps_per_second": 19.246
}