{
    "epoch": 3.0,
    "eval_accuracy": 0.9087423312883436,
    "eval_loss": 0.5120890140533447,
    "eval_runtime": 2.1637,
    "eval_samples": 1304,
    "eval_samples_per_second": 602.658,
    "eval_steps_per_second": 18.949
}