{
    "epoch": 3.0,
    "eval_accuracy": 0.8002928793703094,
    "eval_loss": 0.5736844539642334,
    "eval_runtime": 13.8028,
    "eval_samples": 5463,
    "eval_samples_per_second": 395.789,
    "eval_steps_per_second": 12.389
}