{
    "epoch": 3.0,
    "eval_accuracy": 0.5772578716278076,
    "eval_loss": 0.689960241317749,
    "eval_runtime": 8.6777,
    "eval_samples": 1838,
    "eval_samples_per_second": 211.808,
    "eval_steps_per_second": 6.684
}