{
    "epoch": 3.0,
    "eval_accuracy": 0.5104166865348816,
    "eval_loss": 0.6884220242500305,
    "eval_runtime": 1.2746,
    "eval_samples": 384,
    "eval_samples_per_second": 301.268,
    "eval_steps_per_second": 9.415
}