{
    "epoch": 3.0,
    "eval_accuracy": 0.5614798665046692,
    "eval_loss": 0.6882942914962769,
    "eval_runtime": 7.9645,
    "eval_samples": 1838,
    "eval_samples_per_second": 230.774,
    "eval_steps_per_second": 7.282
}