{
    "epoch": 10.0,
    "eval_gen_len": 2.993333333333333,
    "eval_loss": 1.452943205833435,
    "eval_pearson": 83.516,
    "eval_runtime": 4.3072,
    "eval_samples": 1500,
    "eval_samples_per_second": 348.256,
    "eval_spearmanr": 83.2094,
    "eval_steps_per_second": 5.572
}