{
    "epoch": 3.0,
    "eval_accuracy": 0.6207951307296753,
    "eval_loss": 0.6668861508369446,
    "eval_runtime": 26.389,
    "eval_samples": 3270,
    "eval_samples_per_second": 123.915,
    "eval_steps_per_second": 3.903
}