{
    "epoch": 3.0,
    "eval_accuracy": 0.3382442592968909,
    "eval_loss": 1.0986419916152954,
    "eval_runtime": 24.8679,
    "eval_samples": 9842,
    "eval_samples_per_second": 395.771,
    "eval_steps_per_second": 12.385
}