{
    "epoch": 3.0,
    "eval_accuracy": 0.8895705521472392,
    "eval_loss": 0.5265427827835083,
    "eval_runtime": 2.2438,
    "eval_samples": 1304,
    "eval_samples_per_second": 581.168,
    "eval_steps_per_second": 18.273
}