{
    "epoch": 3.0,
    "eval_combined_score": 0.8873018218059459,
    "eval_loss": 0.5320705771446228,
    "eval_pearson": 0.8880229524899916,
    "eval_runtime": 3.9709,
    "eval_samples": 1500,
    "eval_samples_per_second": 377.753,
    "eval_spearmanr": 0.8865806911219002,
    "eval_steps_per_second": 11.836
}