{
    "epoch": 3.0,
    "eval_accuracy": 0.7142857313156128,
    "eval_loss": 0.7602384686470032,
    "eval_runtime": 0.1406,
    "eval_samples": 56,
    "eval_samples_per_second": 398.17,
    "eval_steps_per_second": 14.22
}