{
    "epoch": 3.0,
    "eval_accuracy": 0.3882746994495392,
    "eval_loss": 1.3545856475830078,
    "eval_runtime": 37.1055,
    "eval_samples": 2985,
    "eval_samples_per_second": 80.446,
    "eval_steps_per_second": 2.533
}