{
    "epoch": 3.0,
    "eval_accuracy": 0.6534296028880866,
    "eval_loss": 1.2027630805969238,
    "eval_runtime": 1.7639,
    "eval_samples": 277,
    "eval_samples_per_second": 157.038,
    "eval_steps_per_second": 5.102
}