{
    "epoch": 3.0,
    "eval_accuracy": 0.44999998807907104,
    "eval_loss": 0.7057115435600281,
    "eval_runtime": 0.127,
    "eval_samples": 100,
    "eval_samples_per_second": 787.567,
    "eval_steps_per_second": 31.503
}