{
    "epoch": 3.0,
    "eval_accuracy": 0.6346153616905212,
    "eval_loss": 0.6792583465576172,
    "eval_runtime": 0.2558,
    "eval_samples": 104,
    "eval_samples_per_second": 406.506,
    "eval_steps_per_second": 15.635
}