{
    "epoch": 3.0,
    "eval_accuracy": 0.264787882566452,
    "eval_loss": 1.3862922191619873,
    "eval_runtime": 93.8181,
    "eval_samples": 10042,
    "eval_samples_per_second": 107.037,
    "eval_steps_per_second": 3.347
}