{
    "epoch": 3.0,
    "eval_accuracy": 0.5812274368231047,
    "eval_loss": 0.7775152921676636,
    "eval_runtime": 1.85,
    "eval_samples": 277,
    "eval_samples_per_second": 149.733,
    "eval_steps_per_second": 4.865
}