{
    "epoch": 3.0,
    "eval_accuracy": 0.8658536585365854,
    "eval_loss": 0.6713939309120178,
    "eval_runtime": 0.6353,
    "eval_samples": 1066,
    "eval_samples_per_second": 1677.818,
    "eval_steps_per_second": 53.514
}