{
    "epoch": 3.0,
    "eval_accuracy": 0.6189602613449097,
    "eval_loss": 0.6621055603027344,
    "eval_runtime": 25.7389,
    "eval_samples": 3270,
    "eval_samples_per_second": 127.045,
    "eval_steps_per_second": 4.002
}