{
    "epoch": 3.0,
    "eval_accuracy": 0.7402526084568918,
    "eval_loss": 0.5516700148582458,
    "eval_runtime": 13.5493,
    "eval_samples": 5463,
    "eval_samples_per_second": 403.196,
    "eval_steps_per_second": 12.621
}