{
    "epoch": 3.0,
    "eval_accuracy": 0.6678700361010831,
    "eval_loss": 0.9308815598487854,
    "eval_runtime": 1.6886,
    "eval_samples": 277,
    "eval_samples_per_second": 164.043,
    "eval_steps_per_second": 5.33
}