{
    "epoch": 3.0,
    "eval_accuracy": 0.3330623856939646,
    "eval_loss": 1.0988330841064453,
    "eval_runtime": 24.4131,
    "eval_samples": 9842,
    "eval_samples_per_second": 403.145,
    "eval_steps_per_second": 12.616
}