{
    "epoch": 3.0,
    "eval_accuracy": 0.5527747273445129,
    "eval_loss": 0.6929223537445068,
    "eval_runtime": 7.8175,
    "eval_samples": 1838,
    "eval_samples_per_second": 235.114,
    "eval_steps_per_second": 7.419
}