{
    "epoch": 3.0,
    "eval_accuracy": 0.815112540192926,
    "eval_combined_score": 0.7827691177476265,
    "eval_f1": 0.750425695302327,
    "eval_loss": 0.8637575507164001,
    "eval_runtime": 110.0765,
    "eval_samples": 40430,
    "eval_samples_per_second": 367.29,
    "eval_steps_per_second": 45.914
}