{
    "epoch": 3.0,
    "eval_accuracy": 0.8489840746842394,
    "eval_loss": 0.6775681376457214,
    "eval_runtime": 15.0843,
    "eval_samples": 5463,
    "eval_samples_per_second": 362.165,
    "eval_steps_per_second": 45.279
}