{
    "epoch": 3.0,
    "eval_accuracy": 0.843558282208589,
    "eval_loss": 0.5222379565238953,
    "eval_runtime": 2.191,
    "eval_samples": 1304,
    "eval_samples_per_second": 595.17,
    "eval_steps_per_second": 18.713
}