{
    "epoch": 3.0,
    "eval_accuracy": 0.897239263803681,
    "eval_loss": 0.5184327363967896,
    "eval_runtime": 2.2192,
    "eval_samples": 1304,
    "eval_samples_per_second": 587.587,
    "eval_steps_per_second": 18.475
}