{
    "epoch": 3.0,
    "eval_accuracy": 0.8928571343421936,
    "eval_loss": 0.32064104080200195,
    "eval_runtime": 0.1922,
    "eval_samples": 56,
    "eval_samples_per_second": 291.288,
    "eval_steps_per_second": 10.403
}