{
    "epoch": 3.0,
    "eval_accuracy": 0.6324158906936646,
    "eval_loss": 0.6642279028892517,
    "eval_runtime": 36.3739,
    "eval_samples": 3270,
    "eval_samples_per_second": 89.9,
    "eval_steps_per_second": 2.832
}