{
    "epoch": 3.0,
    "eval_accuracy": 0.5407523512840271,
    "eval_loss": 0.6919808983802795,
    "eval_runtime": 0.6967,
    "eval_samples": 638,
    "eval_samples_per_second": 915.758,
    "eval_steps_per_second": 28.707
}