{
    "epoch": 3.0,
    "eval_accuracy": 0.37916666666666665,
    "eval_loss": 1.2798792123794556,
    "eval_runtime": 3.8596,
    "eval_samples": 1200,
    "eval_samples_per_second": 310.912,
    "eval_steps_per_second": 9.846
}