{
    "epoch": 3.0,
    "eval_accuracy": 0.3996215760707855,
    "eval_loss": 1.3814491033554077,
    "eval_runtime": 91.2603,
    "eval_samples": 10042,
    "eval_samples_per_second": 110.037,
    "eval_steps_per_second": 3.441
}