{
    "epoch": 10.0,
    "eval_gen_len": 2.9926666666666666,
    "eval_loss": 1.2366777658462524,
    "eval_pearson": 88.804,
    "eval_runtime": 5.6572,
    "eval_samples": 1500,
    "eval_samples_per_second": 265.15,
    "eval_spearmanr": 88.53,
    "eval_steps_per_second": 4.242
}