{
    "epoch": 3.0,
    "eval_accuracy": 0.8086303939962477,
    "eval_loss": 0.6527038216590881,
    "eval_runtime": 2.282,
    "eval_samples": 1066,
    "eval_samples_per_second": 467.143,
    "eval_steps_per_second": 14.899
}