{
    "epoch": 3.0,
    "eval_accuracy": 0.8757668711656442,
    "eval_loss": 0.5925241112709045,
    "eval_runtime": 2.2291,
    "eval_samples": 1304,
    "eval_samples_per_second": 585.0,
    "eval_steps_per_second": 18.393
}