{
    "epoch": 3.0,
    "eval_accuracy": 0.8455882352941176,
    "eval_combined_score": 0.8693136422650554,
    "eval_f1": 0.8930390492359932,
    "eval_loss": 0.4468562602996826,
    "eval_runtime": 1.0605,
    "eval_samples": 408,
    "eval_samples_per_second": 384.712,
    "eval_steps_per_second": 12.258
}