{
    "epoch": 3.0,
    "eval_accuracy": 0.8621013133208255,
    "eval_loss": 0.5709954500198364,
    "eval_runtime": 0.5125,
    "eval_samples": 1066,
    "eval_samples_per_second": 2079.911,
    "eval_steps_per_second": 66.339
}