{
    "epoch": 3.0,
    "eval_accuracy": 0.7501113034875093,
    "eval_combined_score": 0.7068125210193583,
    "eval_f1": 0.6635137385512073,
    "eval_loss": 0.501370370388031,
    "eval_runtime": 99.9298,
    "eval_samples": 40430,
    "eval_samples_per_second": 404.584,
    "eval_steps_per_second": 12.649
}