{
    "epoch": 3.0,
    "eval_combined_score": 0.8568194496862414,
    "eval_loss": 0.6323776245117188,
    "eval_pearson": 0.8562447354840106,
    "eval_runtime": 3.8218,
    "eval_samples": 1500,
    "eval_samples_per_second": 392.485,
    "eval_spearmanr": 0.857394163888472,
    "eval_steps_per_second": 12.298
}