{
    "epoch": 3.0,
    "eval_accuracy": 0.2669786810874939,
    "eval_loss": 1.384810209274292,
    "eval_runtime": 40.6069,
    "eval_samples": 10042,
    "eval_samples_per_second": 247.298,
    "eval_steps_per_second": 7.733
}