{
    "epoch": 3.0,
    "eval_accuracy": 0.4000000059604645,
    "eval_loss": 1.3201643228530884,
    "eval_runtime": 36.8951,
    "eval_samples": 2985,
    "eval_samples_per_second": 80.905,
    "eval_steps_per_second": 2.548
}