{
    "epoch": 3.0,
    "eval_accuracy": 0.5457018613815308,
    "eval_loss": 0.6884934902191162,
    "eval_runtime": 7.7497,
    "eval_samples": 1838,
    "eval_samples_per_second": 237.17,
    "eval_steps_per_second": 7.484
}