{
    "epoch": 3.0,
    "eval_accuracy": 0.25931090116500854,
    "eval_loss": 1.3862863779067993,
    "eval_runtime": 91.38,
    "eval_samples": 10042,
    "eval_samples_per_second": 109.893,
    "eval_steps_per_second": 3.436
}