{
    "epoch": 3.0,
    "eval_accuracy": 0.5972364544868469,
    "eval_loss": 0.9961643218994141,
    "eval_runtime": 5.6198,
    "eval_samples": 1954,
    "eval_samples_per_second": 347.701,
    "eval_steps_per_second": 11.032
}