{
    "epoch": 3.0,
    "eval_accuracy": 0.5025125741958618,
    "eval_loss": 1.349117636680603,
    "eval_runtime": 38.0988,
    "eval_samples": 2985,
    "eval_samples_per_second": 78.349,
    "eval_steps_per_second": 2.467
}