{
    "epoch": 3.0,
    "eval_accuracy": 0.5805222988128662,
    "eval_loss": 0.6839057803153992,
    "eval_runtime": 8.5819,
    "eval_samples": 1838,
    "eval_samples_per_second": 214.172,
    "eval_steps_per_second": 6.758
}