{
    "epoch": 3.0,
    "eval_accuracy": 0.6217125654220581,
    "eval_loss": 0.660821795463562,
    "eval_runtime": 26.9185,
    "eval_samples": 3270,
    "eval_samples_per_second": 121.478,
    "eval_steps_per_second": 3.826
}