{
    "epoch": 3.0,
    "eval_accuracy": 0.6346153616905212,
    "eval_loss": 0.6832553148269653,
    "eval_runtime": 0.294,
    "eval_samples": 104,
    "eval_samples_per_second": 353.776,
    "eval_steps_per_second": 13.607
}