{
    "epoch": 3.0,
    "eval_accuracy": 0.91108,
    "eval_loss": 0.41273635625839233,
    "eval_runtime": 128.125,
    "eval_samples": 25000,
    "eval_samples_per_second": 195.122,
    "eval_steps_per_second": 6.103
}