{
    "epoch": 3.0,
    "eval_combined_score": 0.8876124437864714,
    "eval_loss": 0.5110794901847839,
    "eval_pearson": 0.8882783545618856,
    "eval_runtime": 3.8295,
    "eval_samples": 1500,
    "eval_samples_per_second": 391.693,
    "eval_spearmanr": 0.8869465330110571,
    "eval_steps_per_second": 12.273
}