{
    "epoch": 5.0,
    "eval_gen_len": 2.9993333333333334,
    "eval_loss": 0.9349090456962585,
    "eval_pearson": 88.677,
    "eval_runtime": 11.4484,
    "eval_samples": 1500,
    "eval_samples_per_second": 131.023,
    "eval_spearmanr": 88.8825,
    "eval_steps_per_second": 4.105
}