{
    "epoch": 3.0,
    "eval_accuracy": 0.7928765767994064,
    "eval_combined_score": 0.7649700643353978,
    "eval_f1": 0.7370635518713892,
    "eval_loss": 0.5013420581817627,
    "eval_runtime": 107.8241,
    "eval_samples": 40430,
    "eval_samples_per_second": 374.963,
    "eval_steps_per_second": 11.723
}