{
    "epoch": 3.0,
    "eval_accuracy": 0.4457522928714752,
    "eval_loss": 1.057140827178955,
    "eval_runtime": 5.4944,
    "eval_samples": 1954,
    "eval_samples_per_second": 355.634,
    "eval_steps_per_second": 11.284
}