{
    "epoch": 15.0,
    "eval_gen_len": 2.9953333333333334,
    "eval_loss": 1.0324628353118896,
    "eval_pearson": 80.3628,
    "eval_runtime": 8.0451,
    "eval_samples": 1500,
    "eval_samples_per_second": 186.448,
    "eval_spearmanr": 78.9663,
    "eval_steps_per_second": 5.842
}