{
    "epoch": 3.0,
    "eval_accuracy": 0.30416666666666664,
    "eval_loss": 1.1718655824661255,
    "eval_runtime": 3.9065,
    "eval_samples": 1200,
    "eval_samples_per_second": 307.184,
    "eval_steps_per_second": 9.727
}