{
    "epoch": 15.0,
    "eval_gen_len": 2.990666666666667,
    "eval_loss": 1.2757948637008667,
    "eval_pearson": 81.4675,
    "eval_runtime": 3.8079,
    "eval_samples": 1500,
    "eval_samples_per_second": 393.919,
    "eval_spearmanr": 80.9469,
    "eval_steps_per_second": 6.303
}