{
    "epoch": 3.0,
    "eval_accuracy": 0.7857142686843872,
    "eval_loss": 0.6640877723693848,
    "eval_runtime": 0.1406,
    "eval_samples": 56,
    "eval_samples_per_second": 398.38,
    "eval_steps_per_second": 14.228
}