{
    "epoch": 15.0,
    "eval_gen_len": 2.9993333333333334,
    "eval_loss": 0.9568138122558594,
    "eval_pearson": 86.9397,
    "eval_runtime": 23.309,
    "eval_samples": 1500,
    "eval_samples_per_second": 64.353,
    "eval_spearmanr": 87.187,
    "eval_steps_per_second": 4.033
}