{
    "epoch": 3.0,
    "eval_accuracy": 0.5234375,
    "eval_loss": 0.6931471228599548,
    "eval_runtime": 1.2995,
    "eval_samples": 384,
    "eval_samples_per_second": 295.491,
    "eval_steps_per_second": 9.234
}