{
    "epoch": 3.0,
    "eval_accuracy": 0.3382442592968909,
    "eval_loss": 1.0988597869873047,
    "eval_runtime": 24.9218,
    "eval_samples": 9842,
    "eval_samples_per_second": 394.916,
    "eval_steps_per_second": 12.359
}