{
    "epoch": 3.0,
    "eval_accuracy": 0.5837867259979248,
    "eval_loss": 0.6764664053916931,
    "eval_runtime": 7.8923,
    "eval_samples": 1838,
    "eval_samples_per_second": 232.885,
    "eval_steps_per_second": 7.349
}