{
    "epoch": 3.0,
    "eval_accuracy": 0.4073694944381714,
    "eval_loss": 1.0932379961013794,
    "eval_runtime": 5.495,
    "eval_samples": 1954,
    "eval_samples_per_second": 355.598,
    "eval_steps_per_second": 11.283
}