{
    "epoch": 3.0,
    "eval_accuracy": 0.6415902376174927,
    "eval_loss": 0.7580229043960571,
    "eval_runtime": 25.9613,
    "eval_samples": 3270,
    "eval_samples_per_second": 125.957,
    "eval_steps_per_second": 3.967
}