{
    "epoch": 5.0,
    "eval_gen_len": 2.989333333333333,
    "eval_loss": 0.9610707759857178,
    "eval_pearson": 86.4948,
    "eval_runtime": 11.6507,
    "eval_samples": 1500,
    "eval_samples_per_second": 128.747,
    "eval_spearmanr": 86.8308,
    "eval_steps_per_second": 4.034
}