{
    "epoch": 3.0,
    "eval_accuracy": 0.6137614846229553,
    "eval_loss": 0.7647731304168701,
    "eval_runtime": 26.26,
    "eval_samples": 3270,
    "eval_samples_per_second": 124.524,
    "eval_steps_per_second": 3.922
}