{
    "epoch": 3.0,
    "eval_accuracy": 0.5487804878048781,
    "eval_loss": 0.6919539570808411,
    "eval_runtime": 1.2346,
    "eval_samples": 1066,
    "eval_samples_per_second": 863.421,
    "eval_steps_per_second": 27.539
}