{
    "epoch": 3.0,
    "eval_accuracy": 0.7644570863220381,
    "eval_combined_score": 0.7382678477717524,
    "eval_f1": 0.7120786092214665,
    "eval_loss": 0.6441784501075745,
    "eval_runtime": 104.0013,
    "eval_samples": 40430,
    "eval_samples_per_second": 388.745,
    "eval_steps_per_second": 12.154
}