{
    "epoch": 3.0,
    "eval_accuracy": 0.5505985021591187,
    "eval_loss": 0.6930953860282898,
    "eval_runtime": 7.8174,
    "eval_samples": 1838,
    "eval_samples_per_second": 235.118,
    "eval_steps_per_second": 7.419
}