{
    "epoch": 3.0,
    "eval_accuracy": 0.7672767746722731,
    "eval_combined_score": 0.7299518040817508,
    "eval_f1": 0.6926268334912286,
    "eval_loss": 0.7077237963676453,
    "eval_runtime": 106.7061,
    "eval_samples": 40430,
    "eval_samples_per_second": 378.891,
    "eval_steps_per_second": 11.846
}