{
    "epoch": 3.0,
    "eval_accuracy": 0.609717845916748,
    "eval_loss": 0.8247130513191223,
    "eval_runtime": 0.6836,
    "eval_samples": 638,
    "eval_samples_per_second": 933.308,
    "eval_steps_per_second": 29.257
}