{
    "epoch": 3.0,
    "eval_accuracy": 0.5544069409370422,
    "eval_loss": 0.6887563467025757,
    "eval_runtime": 7.6882,
    "eval_samples": 1838,
    "eval_samples_per_second": 239.067,
    "eval_steps_per_second": 7.544
}