{
    "epoch": 3.0,
    "eval_combined_score": 0.8697017981603523,
    "eval_loss": 0.5917934775352478,
    "eval_pearson": 0.8691298239111979,
    "eval_runtime": 3.6932,
    "eval_samples": 1500,
    "eval_samples_per_second": 406.151,
    "eval_spearmanr": 0.8702737724095069,
    "eval_steps_per_second": 12.726
}