{
    "epoch": 3.0,
    "eval_accuracy": 0.7958694039079891,
    "eval_combined_score": 0.7643953342959899,
    "eval_f1": 0.7329212646839908,
    "eval_loss": 0.554535984992981,
    "eval_runtime": 111.0096,
    "eval_samples": 40430,
    "eval_samples_per_second": 364.203,
    "eval_steps_per_second": 11.386
}