{
    "epoch": 3.0,
    "eval_accuracy": 0.6964285969734192,
    "eval_loss": 0.8611130118370056,
    "eval_runtime": 0.1378,
    "eval_samples": 56,
    "eval_samples_per_second": 406.43,
    "eval_steps_per_second": 14.515
}