{
    "epoch": 3.0,
    "eval_accuracy": 0.8214285969734192,
    "eval_loss": 0.5816930532455444,
    "eval_runtime": 0.1408,
    "eval_samples": 56,
    "eval_samples_per_second": 397.635,
    "eval_steps_per_second": 14.201
}