{
    "epoch": 3.0,
    "eval_accuracy": 0.48934489488601685,
    "eval_loss": 0.696129322052002,
    "eval_runtime": 1.7333,
    "eval_samples": 1267,
    "eval_samples_per_second": 730.986,
    "eval_steps_per_second": 23.078
}