{
    "epoch": 3.0,
    "eval_accuracy": 0.8987730061349694,
    "eval_loss": 0.4566476345062256,
    "eval_runtime": 2.1453,
    "eval_samples": 1304,
    "eval_samples_per_second": 607.828,
    "eval_steps_per_second": 19.111
}