{
    "epoch": 3.0,
    "eval_accuracy": 0.49013417959213257,
    "eval_loss": 0.6956314444541931,
    "eval_runtime": 3.0812,
    "eval_samples": 1267,
    "eval_samples_per_second": 411.2,
    "eval_steps_per_second": 12.982
}