{
    "epoch": 3.0,
    "eval_accuracy": 0.5792521845153424,
    "eval_loss": 0.9048000574111938,
    "eval_runtime": 25.1583,
    "eval_samples": 9842,
    "eval_samples_per_second": 391.203,
    "eval_steps_per_second": 12.242
}