{
    "epoch": 3.0,
    "eval_accuracy": 0.8949386503067485,
    "eval_loss": 0.504737913608551,
    "eval_runtime": 2.1437,
    "eval_samples": 1304,
    "eval_samples_per_second": 608.298,
    "eval_steps_per_second": 19.126
}