{
    "epoch": 3.0,
    "eval_accuracy": 0.8592870544090057,
    "eval_loss": 0.6485382914543152,
    "eval_runtime": 1.7367,
    "eval_samples": 1066,
    "eval_samples_per_second": 613.804,
    "eval_steps_per_second": 19.577
}