{
    "epoch": 3.0,
    "eval_accuracy": 0.8088962108731467,
    "eval_loss": 0.6375918984413147,
    "eval_runtime": 15.1479,
    "eval_samples": 5463,
    "eval_samples_per_second": 360.643,
    "eval_steps_per_second": 45.089
}