{
    "epoch": 3.0,
    "eval_accuracy": 0.6299999952316284,
    "eval_loss": 0.6406785845756531,
    "eval_runtime": 0.1245,
    "eval_samples": 100,
    "eval_samples_per_second": 803.11,
    "eval_steps_per_second": 32.124
}