{
    "epoch": 3.0,
    "eval_accuracy": 0.7949542418995795,
    "eval_combined_score": 0.7691251050954515,
    "eval_f1": 0.7432959682913236,
    "eval_loss": 0.4940667748451233,
    "eval_runtime": 105.1584,
    "eval_samples": 40430,
    "eval_samples_per_second": 384.467,
    "eval_steps_per_second": 12.02
}