{
    "epoch": 3.0,
    "eval_combined_score": 0.8833557168748722,
    "eval_loss": 0.5645488500595093,
    "eval_pearson": 0.8815816101758567,
    "eval_runtime": 4.2808,
    "eval_samples": 1500,
    "eval_samples_per_second": 350.399,
    "eval_spearmanr": 0.8851298235738879,
    "eval_steps_per_second": 10.979
}