{
    "epoch": 3.0,
    "eval_accuracy": 0.5799999833106995,
    "eval_loss": 0.6929354071617126,
    "eval_runtime": 0.1341,
    "eval_samples": 100,
    "eval_samples_per_second": 745.968,
    "eval_steps_per_second": 29.839
}