{
    "epoch": 3.0,
    "eval_accuracy": 0.36783918738365173,
    "eval_loss": 1.3440132141113281,
    "eval_runtime": 36.5674,
    "eval_samples": 2985,
    "eval_samples_per_second": 81.63,
    "eval_steps_per_second": 2.571
}