{
    "epoch": 3.0,
    "eval_accuracy": 0.7979132344865458,
    "eval_loss": 0.5423322916030884,
    "eval_runtime": 13.9187,
    "eval_samples": 5463,
    "eval_samples_per_second": 392.495,
    "eval_steps_per_second": 12.286
}