{
    "epoch": 3.0,
    "eval_accuracy": 0.2581159174442291,
    "eval_loss": 1.4081659317016602,
    "eval_runtime": 40.9759,
    "eval_samples": 10042,
    "eval_samples_per_second": 245.071,
    "eval_steps_per_second": 7.663
}