{
    "epoch": 3.0,
    "eval_accuracy": 0.484360009431839,
    "eval_loss": 0.6953641176223755,
    "eval_runtime": 128.6632,
    "eval_samples": 25000,
    "eval_samples_per_second": 194.306,
    "eval_steps_per_second": 6.078
}