{
    "epoch": 3.0,
    "eval_accuracy": 0.9107142686843872,
    "eval_loss": 0.4244568645954132,
    "eval_runtime": 0.2838,
    "eval_samples": 56,
    "eval_samples_per_second": 197.287,
    "eval_steps_per_second": 7.046
}