{
    "epoch": 3.0,
    "eval_accuracy": 0.5877742767333984,
    "eval_loss": 0.7871831059455872,
    "eval_runtime": 0.6763,
    "eval_samples": 638,
    "eval_samples_per_second": 943.322,
    "eval_steps_per_second": 29.571
}