{
    "epoch": 3.0,
    "eval_accuracy": 0.8455882352941176,
    "eval_combined_score": 0.8698529411764706,
    "eval_f1": 0.8941176470588236,
    "eval_loss": 0.8685460090637207,
    "eval_runtime": 1.0506,
    "eval_samples": 408,
    "eval_samples_per_second": 388.356,
    "eval_steps_per_second": 12.374
}