{
    "epoch": 3.0,
    "eval_accuracy": 0.5299999713897705,
    "eval_loss": 0.6931473612785339,
    "eval_runtime": 0.1288,
    "eval_samples": 100,
    "eval_samples_per_second": 776.667,
    "eval_steps_per_second": 31.067
}