{
    "epoch": 3.0,
    "eval_accuracy": 0.4932912290096283,
    "eval_loss": 0.698896586894989,
    "eval_runtime": 3.0738,
    "eval_samples": 1267,
    "eval_samples_per_second": 412.193,
    "eval_steps_per_second": 13.013
}