{
    "epoch": 3.0,
    "eval_accuracy": 0.6823104693140795,
    "eval_loss": 0.6492164134979248,
    "eval_runtime": 1.7443,
    "eval_samples": 277,
    "eval_samples_per_second": 158.804,
    "eval_steps_per_second": 5.16
}