{
    "epoch": 3.0,
    "eval_combined_score": 0.8889559470066228,
    "eval_loss": 0.5352457761764526,
    "eval_pearson": 0.885863071008711,
    "eval_runtime": 3.9801,
    "eval_samples": 1500,
    "eval_samples_per_second": 376.873,
    "eval_spearmanr": 0.8920488230045348,
    "eval_steps_per_second": 11.809
}