{
    "epoch": 3.0,
    "eval_accuracy": 0.7564679693297056,
    "eval_combined_score": 0.7152962736699497,
    "eval_f1": 0.6741245780101939,
    "eval_loss": 0.6072289347648621,
    "eval_runtime": 110.3127,
    "eval_samples": 40430,
    "eval_samples_per_second": 366.504,
    "eval_steps_per_second": 45.815
}