{
    "epoch": 3.0,
    "eval_accuracy": 0.5146014094352722,
    "eval_loss": 0.7064634561538696,
    "eval_runtime": 3.1019,
    "eval_samples": 1267,
    "eval_samples_per_second": 408.464,
    "eval_steps_per_second": 12.895
}