{
    "epoch": 3.0,
    "eval_combined_score": 0.8657433336829092,
    "eval_loss": 0.6465151309967041,
    "eval_pearson": 0.8632835760987727,
    "eval_runtime": 3.7546,
    "eval_samples": 1500,
    "eval_samples_per_second": 399.512,
    "eval_spearmanr": 0.8682030912670458,
    "eval_steps_per_second": 12.518
}