{
    "epoch": 3.0,
    "eval_accuracy": 0.2522405982017517,
    "eval_loss": 1.3879635334014893,
    "eval_runtime": 44.7284,
    "eval_samples": 10042,
    "eval_samples_per_second": 224.511,
    "eval_steps_per_second": 7.02
}