{
    "epoch": 3.0,
    "eval_accuracy": 0.5703125,
    "eval_loss": 0.6762402653694153,
    "eval_runtime": 1.2412,
    "eval_samples": 384,
    "eval_samples_per_second": 309.374,
    "eval_steps_per_second": 9.668
}