{
    "epoch": 3.0,
    "eval_accuracy": 0.5451263537906137,
    "eval_loss": 0.691510796546936,
    "eval_runtime": 1.6822,
    "eval_samples": 277,
    "eval_samples_per_second": 164.669,
    "eval_steps_per_second": 5.35
}