{
    "epoch": 3.0,
    "eval_accuracy": 0.8266520226981512,
    "eval_loss": 0.644814133644104,
    "eval_runtime": 14.5572,
    "eval_samples": 5463,
    "eval_samples_per_second": 375.277,
    "eval_steps_per_second": 11.747
}