{
    "epoch": 3.0,
    "eval_accuracy": 0.45752301812171936,
    "eval_loss": 1.0989985466003418,
    "eval_runtime": 5.6029,
    "eval_samples": 1954,
    "eval_samples_per_second": 348.751,
    "eval_steps_per_second": 11.066
}