{
    "epoch": 10.0,
    "eval_gen_len": 2.994666666666667,
    "eval_loss": 1.3377330303192139,
    "eval_pearson": 83.0032,
    "eval_runtime": 6.7668,
    "eval_samples": 1500,
    "eval_samples_per_second": 221.672,
    "eval_spearmanr": 82.7753,
    "eval_steps_per_second": 3.547
}