{
    "epoch": 3.0,
    "eval_accuracy": 0.38999998569488525,
    "eval_loss": 0.7021263837814331,
    "eval_runtime": 0.1257,
    "eval_samples": 100,
    "eval_samples_per_second": 795.808,
    "eval_steps_per_second": 31.832
}