{
    "epoch": 3.0,
    "eval_accuracy": 0.32115116715431213,
    "eval_loss": 1.3809444904327393,
    "eval_runtime": 95.713,
    "eval_samples": 10042,
    "eval_samples_per_second": 104.918,
    "eval_steps_per_second": 3.281
}