{
    "epoch": 3.0,
    "eval_accuracy": 0.6137105822563171,
    "eval_loss": 0.6663750410079956,
    "eval_runtime": 7.959,
    "eval_samples": 1838,
    "eval_samples_per_second": 230.932,
    "eval_steps_per_second": 7.287
}