{
    "epoch": 3.0,
    "eval_accuracy": 0.8107092054460475,
    "eval_loss": 0.6997021436691284,
    "eval_runtime": 26.8307,
    "eval_samples": 9842,
    "eval_samples_per_second": 366.819,
    "eval_steps_per_second": 45.88
}