{
    "epoch": 3.0,
    "eval_accuracy": 0.8627450980392157,
    "eval_combined_score": 0.8842345018815607,
    "eval_f1": 0.9057239057239057,
    "eval_loss": 0.6910189390182495,
    "eval_runtime": 1.0361,
    "eval_samples": 408,
    "eval_samples_per_second": 393.774,
    "eval_steps_per_second": 12.547
}