{
    "epoch": 3.0,
    "eval_combined_score": 0.8774519980490492,
    "eval_loss": 0.6010191440582275,
    "eval_pearson": 0.8772333449250209,
    "eval_runtime": 3.8239,
    "eval_samples": 1500,
    "eval_samples_per_second": 392.265,
    "eval_spearmanr": 0.8776706511730773,
    "eval_steps_per_second": 12.291
}