{
    "epoch": 3.0,
    "eval_accuracy": 0.6605504751205444,
    "eval_loss": 0.7077178359031677,
    "eval_runtime": 25.5312,
    "eval_samples": 3270,
    "eval_samples_per_second": 128.078,
    "eval_steps_per_second": 4.034
}