{
    "epoch": 3.0,
    "eval_accuracy": 0.5011839270591736,
    "eval_loss": 0.7030647993087769,
    "eval_runtime": 1.9514,
    "eval_samples": 1267,
    "eval_samples_per_second": 649.267,
    "eval_steps_per_second": 20.498
}