{
    "epoch": 3.0,
    "eval_accuracy": 0.8242723778143877,
    "eval_loss": 0.7094405889511108,
    "eval_runtime": 13.4469,
    "eval_samples": 5463,
    "eval_samples_per_second": 406.264,
    "eval_steps_per_second": 12.717
}