{
    "epoch": 3.0,
    "eval_accuracy": 0.5699999928474426,
    "eval_loss": 0.6912804245948792,
    "eval_runtime": 0.1272,
    "eval_samples": 100,
    "eval_samples_per_second": 786.462,
    "eval_steps_per_second": 31.458
}