{
    "epoch": 20.0,
    "eval_average_metrics": 6.299268279948482,
    "eval_loss": 1.1873270273208618,
    "eval_pearson": 8.990540264998108,
    "eval_runtime": 8.1799,
    "eval_samples_per_second": 183.377,
    "eval_spearmanr": 3.6079962948988547
}