{
    "epoch": 3.0,
    "eval_accuracy": 0.6360856294631958,
    "eval_loss": 0.6676302552223206,
    "eval_runtime": 26.0237,
    "eval_samples": 3270,
    "eval_samples_per_second": 125.655,
    "eval_steps_per_second": 3.958
}