{
    "epoch": 3.0,
    "eval_accuracy": 0.7896768949400529,
    "eval_loss": 0.5788258910179138,
    "eval_runtime": 24.371,
    "eval_samples": 9842,
    "eval_samples_per_second": 403.841,
    "eval_steps_per_second": 12.638
}