{
    "epoch": 3.0,
    "eval_accuracy": 0.6678700361010831,
    "eval_loss": 0.6426090002059937,
    "eval_runtime": 1.8568,
    "eval_samples": 277,
    "eval_samples_per_second": 149.183,
    "eval_steps_per_second": 4.847
}