{
    "epoch": 3.0,
    "eval_accuracy": 0.7999390367811421,
    "eval_loss": 0.8108909130096436,
    "eval_runtime": 24.6371,
    "eval_samples": 9842,
    "eval_samples_per_second": 399.479,
    "eval_steps_per_second": 12.501
}