{
    "epoch": 3.0,
    "eval_accuracy": 0.3233333333333333,
    "eval_loss": 1.1602705717086792,
    "eval_runtime": 3.8888,
    "eval_samples": 1200,
    "eval_samples_per_second": 308.575,
    "eval_steps_per_second": 9.772
}