{
    "epoch": 3.0,
    "eval_accuracy": 0.7713084343309423,
    "eval_combined_score": 0.7384155395426926,
    "eval_f1": 0.7055226447544429,
    "eval_loss": 0.7365590333938599,
    "eval_runtime": 109.7573,
    "eval_samples": 40430,
    "eval_samples_per_second": 368.358,
    "eval_steps_per_second": 11.516
}