{
    "epoch": 15.0,
    "eval_gen_len": 2.9926666666666666,
    "eval_loss": 1.0632425546646118,
    "eval_pearson": 85.3119,
    "eval_runtime": 6.7921,
    "eval_samples": 1500,
    "eval_samples_per_second": 220.843,
    "eval_spearmanr": 84.8311,
    "eval_steps_per_second": 6.92
}