{
    "epoch": 3.0,
    "eval_accuracy": 0.6346153616905212,
    "eval_loss": 0.6788321137428284,
    "eval_runtime": 0.2573,
    "eval_samples": 104,
    "eval_samples_per_second": 404.208,
    "eval_steps_per_second": 15.546
}