{
    "epoch": 3.0,
    "eval_accuracy": 0.8207944352919642,
    "eval_loss": 0.646159291267395,
    "eval_runtime": 14.509,
    "eval_samples": 5463,
    "eval_samples_per_second": 376.526,
    "eval_steps_per_second": 11.786
}