{
    "epoch": 3.0,
    "eval_accuracy": 0.6217125654220581,
    "eval_loss": 0.6633778810501099,
    "eval_runtime": 36.1787,
    "eval_samples": 3270,
    "eval_samples_per_second": 90.385,
    "eval_steps_per_second": 2.847
}