{
    "epoch": 3.0,
    "eval_accuracy": 0.7289168868116237,
    "eval_loss": 0.8508064150810242,
    "eval_runtime": 26.2844,
    "eval_samples": 9842,
    "eval_samples_per_second": 374.443,
    "eval_steps_per_second": 11.718
}