{
    "epoch": 3.0,
    "eval_accuracy": 0.6551724076271057,
    "eval_loss": 0.982914924621582,
    "eval_runtime": 0.6781,
    "eval_samples": 638,
    "eval_samples_per_second": 940.907,
    "eval_steps_per_second": 29.496
}