{
    "epoch": 3.0,
    "eval_accuracy": 0.6346153616905212,
    "eval_loss": 0.6735060811042786,
    "eval_runtime": 0.2571,
    "eval_samples": 104,
    "eval_samples_per_second": 404.556,
    "eval_steps_per_second": 15.56
}