{
    "epoch": 3.0,
    "eval_accuracy": 0.8611632270168855,
    "eval_loss": 0.6247177720069885,
    "eval_runtime": 1.8138,
    "eval_samples": 1066,
    "eval_samples_per_second": 587.71,
    "eval_steps_per_second": 18.745
}