{
    "epoch": 3.0,
    "eval_accuracy": 0.5003946423530579,
    "eval_loss": 0.6933531165122986,
    "eval_runtime": 1.8698,
    "eval_samples": 1267,
    "eval_samples_per_second": 677.631,
    "eval_steps_per_second": 21.393
}