{
    "epoch": 10.0,
    "eval_gen_len": 2.993333333333333,
    "eval_loss": 1.396485686302185,
    "eval_pearson": 83.4272,
    "eval_runtime": 5.933,
    "eval_samples": 1500,
    "eval_samples_per_second": 252.823,
    "eval_spearmanr": 83.2994,
    "eval_steps_per_second": 4.045
}