{
    "epoch": 3.0,
    "eval_accuracy": 0.24596694111824036,
    "eval_loss": 1.3900576829910278,
    "eval_runtime": 40.1919,
    "eval_samples": 10042,
    "eval_samples_per_second": 249.851,
    "eval_steps_per_second": 7.813
}