{
    "epoch": 3.0,
    "eval_combined_score": 0.8765237266589203,
    "eval_loss": 0.5671571493148804,
    "eval_pearson": 0.8757303450930592,
    "eval_runtime": 3.7341,
    "eval_samples": 1500,
    "eval_samples_per_second": 401.703,
    "eval_spearmanr": 0.8773171082247815,
    "eval_steps_per_second": 12.587
}