{
    "epoch": 3.0,
    "eval_accuracy": 0.2542322278022766,
    "eval_loss": 1.3867195844650269,
    "eval_runtime": 40.9143,
    "eval_samples": 10042,
    "eval_samples_per_second": 245.44,
    "eval_steps_per_second": 7.675
}