{
    "epoch": 3.0,
    "eval_accuracy": 0.8611632270168855,
    "eval_loss": 0.663968026638031,
    "eval_runtime": 1.8972,
    "eval_samples": 1066,
    "eval_samples_per_second": 561.887,
    "eval_steps_per_second": 17.921
}