{
    "epoch": 20.0,
    "eval_average_metrics": 76.472069831627,
    "eval_loss": 1.0208277702331543,
    "eval_pearson": 78.03404970253462,
    "eval_runtime": 9.3637,
    "eval_samples_per_second": 160.193,
    "eval_spearmanr": 74.91008996071938
}