{
    "epoch": 3.0,
    "eval_accuracy": 0.36917921900749207,
    "eval_loss": 1.375695824623108,
    "eval_runtime": 36.9459,
    "eval_samples": 2985,
    "eval_samples_per_second": 80.794,
    "eval_steps_per_second": 2.544
}