{
    "epoch": 3.0,
    "eval_accuracy": 0.5467900037765503,
    "eval_loss": 0.6920313239097595,
    "eval_runtime": 8.4608,
    "eval_samples": 1838,
    "eval_samples_per_second": 217.238,
    "eval_steps_per_second": 6.855
}