{
    "epoch": 3.0,
    "eval_accuracy": 0.4068577289581299,
    "eval_loss": 1.08772873878479,
    "eval_runtime": 6.0599,
    "eval_samples": 1954,
    "eval_samples_per_second": 322.446,
    "eval_steps_per_second": 10.231
}