{
    "epoch": 3.0,
    "eval_accuracy": 0.5270758122743683,
    "eval_loss": 0.6927698254585266,
    "eval_runtime": 1.6652,
    "eval_samples": 277,
    "eval_samples_per_second": 166.345,
    "eval_steps_per_second": 5.405
}