{
    "epoch": 3.0,
    "eval_accuracy": 0.5260416865348816,
    "eval_loss": 0.691193163394928,
    "eval_runtime": 1.2995,
    "eval_samples": 384,
    "eval_samples_per_second": 295.508,
    "eval_steps_per_second": 9.235
}