{
    "epoch": 3.0,
    "eval_accuracy": 0.8035714030265808,
    "eval_loss": 0.613962709903717,
    "eval_runtime": 0.1369,
    "eval_samples": 56,
    "eval_samples_per_second": 409.032,
    "eval_steps_per_second": 14.608
}