{
    "epoch": 3.0,
    "eval_accuracy": 0.7221617610685135,
    "eval_combined_score": 0.7092794804964179,
    "eval_f1": 0.6963971999243223,
    "eval_loss": 1.0046346187591553,
    "eval_runtime": 100.9865,
    "eval_samples": 40430,
    "eval_samples_per_second": 400.35,
    "eval_steps_per_second": 12.517
}