{
    "epoch": 3.0,
    "eval_accuracy": 0.8583489681050657,
    "eval_loss": 0.6605812907218933,
    "eval_runtime": 1.7523,
    "eval_samples": 1066,
    "eval_samples_per_second": 608.351,
    "eval_steps_per_second": 19.403
}