{
    "epoch": 3.0,
    "eval_accuracy": 0.49283522367477417,
    "eval_loss": 1.045443058013916,
    "eval_runtime": 5.4345,
    "eval_samples": 1954,
    "eval_samples_per_second": 359.556,
    "eval_steps_per_second": 11.409
}