{
    "epoch": 3.0,
    "eval_accuracy": 0.5078125,
    "eval_loss": 0.6931234002113342,
    "eval_runtime": 1.5922,
    "eval_samples": 384,
    "eval_samples_per_second": 241.179,
    "eval_steps_per_second": 7.537
}