{
    "epoch": 3.0,
    "eval_accuracy": 0.8493199944496155,
    "eval_loss": 0.42233678698539734,
    "eval_runtime": 205.8921,
    "eval_samples": 25000,
    "eval_samples_per_second": 121.423,
    "eval_steps_per_second": 3.798
}