{
    "epoch": 3.0,
    "eval_accuracy": 0.7940143457828345,
    "eval_combined_score": 0.7657004120437886,
    "eval_f1": 0.7373864783047427,
    "eval_loss": 0.8417302370071411,
    "eval_runtime": 102.9938,
    "eval_samples": 40430,
    "eval_samples_per_second": 392.548,
    "eval_steps_per_second": 12.273
}