{
    "epoch": 3.0,
    "eval_accuracy": 0.9041411042944786,
    "eval_loss": 0.46850380301475525,
    "eval_runtime": 2.4206,
    "eval_samples": 1304,
    "eval_samples_per_second": 538.706,
    "eval_steps_per_second": 16.938
}