{
    "epoch": 3.0,
    "eval_accuracy": 0.507498025894165,
    "eval_loss": 0.7021463513374329,
    "eval_runtime": 3.1305,
    "eval_samples": 1267,
    "eval_samples_per_second": 404.732,
    "eval_steps_per_second": 12.778
}