{
    "epoch": 3.0,
    "eval_accuracy": 0.7607200145721436,
    "eval_loss": 0.6042131185531616,
    "eval_runtime": 127.8117,
    "eval_samples": 25000,
    "eval_samples_per_second": 195.6,
    "eval_steps_per_second": 6.118
}