{
    "epoch": 3.0,
    "eval_accuracy": 0.23651590943336487,
    "eval_loss": 1.3903911113739014,
    "eval_runtime": 37.2318,
    "eval_samples": 2985,
    "eval_samples_per_second": 80.173,
    "eval_steps_per_second": 2.525
}