{
    "epoch": 3.0,
    "eval_accuracy": 0.26329416036605835,
    "eval_loss": 1.384182095527649,
    "eval_runtime": 40.2809,
    "eval_samples": 10042,
    "eval_samples_per_second": 249.299,
    "eval_steps_per_second": 7.795
}