{
    "epoch": 3.0,
    "eval_accuracy": 0.8542944785276073,
    "eval_loss": 0.49861857295036316,
    "eval_runtime": 2.1024,
    "eval_samples": 1304,
    "eval_samples_per_second": 620.242,
    "eval_steps_per_second": 19.501
}