{
    "epoch": 3.0,
    "eval_accuracy": 0.6346153616905212,
    "eval_loss": 0.6705718636512756,
    "eval_runtime": 0.2687,
    "eval_samples": 104,
    "eval_samples_per_second": 387.097,
    "eval_steps_per_second": 14.888
}