{
    "epoch": 3.0,
    "eval_accuracy": 0.6128526926040649,
    "eval_loss": 1.1065168380737305,
    "eval_runtime": 0.6985,
    "eval_samples": 638,
    "eval_samples_per_second": 913.402,
    "eval_steps_per_second": 28.633
}