{
    "epoch": 3.0,
    "eval_accuracy": 0.6346153616905212,
    "eval_loss": 0.677854597568512,
    "eval_runtime": 0.253,
    "eval_samples": 104,
    "eval_samples_per_second": 411.059,
    "eval_steps_per_second": 15.81
}