{
    "epoch": 10.0,
    "eval_gen_len": 2.994666666666667,
    "eval_loss": 1.2575069665908813,
    "eval_pearson": 84.9571,
    "eval_runtime": 5.8518,
    "eval_samples": 1500,
    "eval_samples_per_second": 256.33,
    "eval_spearmanr": 85.0315,
    "eval_steps_per_second": 4.101
}