{
    "epoch": 3.0,
    "eval_accuracy": 0.8261028738788212,
    "eval_loss": 0.5463230609893799,
    "eval_runtime": 13.5782,
    "eval_samples": 5463,
    "eval_samples_per_second": 402.336,
    "eval_steps_per_second": 12.594
}