{
    "epoch": 3.0,
    "eval_combined_score": 0.867408601663425,
    "eval_loss": 0.638878583908081,
    "eval_pearson": 0.8656064583403964,
    "eval_runtime": 3.9016,
    "eval_samples": 1500,
    "eval_samples_per_second": 384.453,
    "eval_spearmanr": 0.8692107449864537,
    "eval_steps_per_second": 12.046
}