{
    "epoch": 3.0,
    "eval_accuracy": 0.7883435582822086,
    "eval_loss": 0.5738930106163025,
    "eval_runtime": 2.1174,
    "eval_samples": 1304,
    "eval_samples_per_second": 615.839,
    "eval_steps_per_second": 19.363
}