{
    "epoch": 3.0,
    "eval_accuracy": 0.8627450980392157,
    "eval_combined_score": 0.8840752517223106,
    "eval_f1": 0.9054054054054055,
    "eval_loss": 0.7647916674613953,
    "eval_runtime": 1.1837,
    "eval_samples": 408,
    "eval_samples_per_second": 344.688,
    "eval_steps_per_second": 10.983
}