{
    "epoch": 3.0,
    "eval_accuracy": 0.61915123462677,
    "eval_loss": 0.6667609810829163,
    "eval_runtime": 7.7907,
    "eval_samples": 1838,
    "eval_samples_per_second": 235.923,
    "eval_steps_per_second": 7.445
}