{
    "epoch": 3.0,
    "eval_accuracy": 0.49013417959213257,
    "eval_loss": 0.7077886462211609,
    "eval_runtime": 3.0833,
    "eval_samples": 1267,
    "eval_samples_per_second": 410.924,
    "eval_steps_per_second": 12.973
}