{
    "epoch": 3.0,
    "eval_accuracy": 0.5734493732452393,
    "eval_loss": 0.6876698732376099,
    "eval_runtime": 9.1862,
    "eval_samples": 1838,
    "eval_samples_per_second": 200.083,
    "eval_steps_per_second": 6.314
}