{
    "epoch": 3.0,
    "eval_accuracy": 0.6346153616905212,
    "eval_loss": 0.6729417443275452,
    "eval_runtime": 0.2729,
    "eval_samples": 104,
    "eval_samples_per_second": 381.076,
    "eval_steps_per_second": 14.657
}