{
    "epoch": 3.0,
    "eval_accuracy": 0.6100000143051147,
    "eval_loss": 0.6894647479057312,
    "eval_runtime": 0.2025,
    "eval_samples": 100,
    "eval_samples_per_second": 493.743,
    "eval_steps_per_second": 19.75
}