{
    "epoch": 3.0,
    "eval_accuracy": 0.8619631901840491,
    "eval_loss": 0.5791932344436646,
    "eval_runtime": 2.1056,
    "eval_samples": 1304,
    "eval_samples_per_second": 619.305,
    "eval_steps_per_second": 19.472
}