{
    "epoch": 3.0,
    "eval_accuracy": 0.5038084983825684,
    "eval_loss": 0.6931471228599548,
    "eval_runtime": 7.8111,
    "eval_samples": 1838,
    "eval_samples_per_second": 235.307,
    "eval_steps_per_second": 7.425
}