{
    "epoch": 3.0,
    "eval_accuracy": 0.6892966628074646,
    "eval_loss": 1.018457293510437,
    "eval_runtime": 25.5386,
    "eval_samples": 3270,
    "eval_samples_per_second": 128.042,
    "eval_steps_per_second": 4.033
}