{
    "epoch": 3.0,
    "eval_accuracy": 0.3366834223270416,
    "eval_loss": 1.385087251663208,
    "eval_runtime": 36.5542,
    "eval_samples": 2985,
    "eval_samples_per_second": 81.66,
    "eval_steps_per_second": 2.572
}