{
    "epoch": 3.0,
    "eval_accuracy": 0.7781954887218046,
    "eval_loss": 0.5961195230484009,
    "eval_runtime": 26.5751,
    "eval_samples": 9842,
    "eval_samples_per_second": 370.347,
    "eval_steps_per_second": 11.59
}