{
    "epoch": 15.0,
    "eval_gen_len": 2.994666666666667,
    "eval_loss": 1.215660810470581,
    "eval_pearson": 79.575,
    "eval_runtime": 4.6226,
    "eval_samples": 1500,
    "eval_samples_per_second": 324.49,
    "eval_spearmanr": 79.2208,
    "eval_steps_per_second": 5.192
}