{
    "epoch": 3.0,
    "eval_accuracy": 0.7331843121316806,
    "eval_loss": 0.7793872952461243,
    "eval_runtime": 25.6179,
    "eval_samples": 9842,
    "eval_samples_per_second": 384.184,
    "eval_steps_per_second": 12.023
}