{
    "epoch": 3.0,
    "eval_accuracy": 0.8414634146341463,
    "eval_loss": 0.581452488899231,
    "eval_runtime": 1.763,
    "eval_samples": 1066,
    "eval_samples_per_second": 604.64,
    "eval_steps_per_second": 19.285
}