{
    "epoch": 3.0,
    "eval_accuracy": 0.8823529411764706,
    "eval_combined_score": 0.8999393571861735,
    "eval_f1": 0.9175257731958764,
    "eval_loss": 0.5893705487251282,
    "eval_runtime": 1.0232,
    "eval_samples": 408,
    "eval_samples_per_second": 398.731,
    "eval_steps_per_second": 12.705
}