{
    "epoch": 3.0,
    "eval_accuracy": 0.8098958134651184,
    "eval_loss": 0.5092014670372009,
    "eval_runtime": 1.2718,
    "eval_samples": 384,
    "eval_samples_per_second": 301.936,
    "eval_steps_per_second": 9.435
}