{
    "epoch": 3.0,
    "eval_accuracy": 0.5625680088996887,
    "eval_loss": 0.693000078201294,
    "eval_runtime": 7.8704,
    "eval_samples": 1838,
    "eval_samples_per_second": 233.533,
    "eval_steps_per_second": 7.369
}