{
    "epoch": 3.0,
    "eval_accuracy": 0.6065830588340759,
    "eval_loss": 0.7729851007461548,
    "eval_runtime": 0.706,
    "eval_samples": 638,
    "eval_samples_per_second": 903.724,
    "eval_steps_per_second": 28.33
}