{
    "epoch": 3.0,
    "eval_accuracy": 0.32416666666666666,
    "eval_loss": 1.1515264511108398,
    "eval_runtime": 3.858,
    "eval_samples": 1200,
    "eval_samples_per_second": 311.041,
    "eval_steps_per_second": 9.85
}