{
    "epoch": 3.0,
    "eval_accuracy": 0.7630208134651184,
    "eval_loss": 0.44154152274131775,
    "eval_runtime": 1.2605,
    "eval_samples": 384,
    "eval_samples_per_second": 304.647,
    "eval_steps_per_second": 9.52
}