{
    "epoch": 3.0,
    "eval_accuracy": 0.3330623856939646,
    "eval_loss": 1.0985796451568604,
    "eval_runtime": 24.1752,
    "eval_samples": 9842,
    "eval_samples_per_second": 407.112,
    "eval_steps_per_second": 12.74
}