{
    "epoch": 3.0,
    "eval_combined_score": 0.8772033867141251,
    "eval_loss": 0.5560684204101562,
    "eval_pearson": 0.8770149373939574,
    "eval_runtime": 4.1257,
    "eval_samples": 1500,
    "eval_samples_per_second": 363.574,
    "eval_spearmanr": 0.8773918360342927,
    "eval_steps_per_second": 11.392
}