{
    "epoch": 3.0,
    "eval_accuracy": 0.9107142686843872,
    "eval_loss": 0.3959747850894928,
    "eval_runtime": 0.2187,
    "eval_samples": 56,
    "eval_samples_per_second": 256.066,
    "eval_steps_per_second": 9.145
}