{
    "epoch": 3.0,
    "eval_accuracy": 0.7265625,
    "eval_loss": 0.5081121325492859,
    "eval_runtime": 1.2973,
    "eval_samples": 384,
    "eval_samples_per_second": 296.009,
    "eval_steps_per_second": 9.25
}