{
    "epoch": 10.0,
    "eval_gen_len": 2.989333333333333,
    "eval_loss": 1.2897520065307617,
    "eval_pearson": 84.7477,
    "eval_runtime": 4.6304,
    "eval_samples": 1500,
    "eval_samples_per_second": 323.949,
    "eval_spearmanr": 84.5022,
    "eval_steps_per_second": 5.183
}