{
    "epoch": 3.0,
    "eval_accuracy": 0.7142857313156128,
    "eval_loss": 0.6789231896400452,
    "eval_runtime": 0.1882,
    "eval_samples": 56,
    "eval_samples_per_second": 297.587,
    "eval_steps_per_second": 10.628
}