{
    "epoch": 3.0,
    "eval_accuracy": 0.6346153616905212,
    "eval_loss": 0.6655542850494385,
    "eval_runtime": 0.3511,
    "eval_samples": 104,
    "eval_samples_per_second": 296.241,
    "eval_steps_per_second": 11.394
}