{
    "epoch": 3.0,
    "eval_accuracy": 0.5021762847900391,
    "eval_loss": 0.6931447386741638,
    "eval_runtime": 7.9679,
    "eval_samples": 1838,
    "eval_samples_per_second": 230.674,
    "eval_steps_per_second": 7.279
}