{
    "epoch": 3.0,
    "eval_accuracy": 0.5520833134651184,
    "eval_loss": 0.6873480677604675,
    "eval_runtime": 1.4141,
    "eval_samples": 384,
    "eval_samples_per_second": 271.545,
    "eval_steps_per_second": 8.486
}