{
    "epoch": 15.0,
    "eval_gen_len": 2.990666666666667,
    "eval_loss": 1.2754497528076172,
    "eval_pearson": 83.0051,
    "eval_runtime": 3.3006,
    "eval_samples": 1500,
    "eval_samples_per_second": 454.467,
    "eval_spearmanr": 82.7375,
    "eval_steps_per_second": 7.271
}