{
    "epoch": 3.0,
    "eval_accuracy": 0.4360286593437195,
    "eval_loss": 1.097910761833191,
    "eval_runtime": 5.497,
    "eval_samples": 1954,
    "eval_samples_per_second": 355.467,
    "eval_steps_per_second": 11.279
}