{
    "epoch": 3.0,
    "eval_accuracy": 0.562023937702179,
    "eval_loss": 0.6909587383270264,
    "eval_runtime": 7.8297,
    "eval_samples": 1838,
    "eval_samples_per_second": 234.747,
    "eval_steps_per_second": 7.408
}