{
    "epoch": 3.0,
    "eval_accuracy": 0.6346153616905212,
    "eval_loss": 0.6711276173591614,
    "eval_runtime": 0.3001,
    "eval_samples": 104,
    "eval_samples_per_second": 346.503,
    "eval_steps_per_second": 13.327
}