{
    "epoch": 15.0,
    "eval_gen_len": 3.001333333333333,
    "eval_loss": 1.2483195066452026,
    "eval_pearson": 80.0984,
    "eval_runtime": 2.879,
    "eval_samples": 1500,
    "eval_samples_per_second": 521.011,
    "eval_spearmanr": 79.6647,
    "eval_steps_per_second": 8.336
}