{
    "epoch": 15.0,
    "eval_gen_len": 2.990666666666667,
    "eval_loss": 1.3306958675384521,
    "eval_pearson": 82.2579,
    "eval_runtime": 3.2321,
    "eval_samples": 1500,
    "eval_samples_per_second": 464.096,
    "eval_spearmanr": 82.0844,
    "eval_steps_per_second": 7.426
}