{
    "epoch": 3.0,
    "eval_accuracy": 0.8079643828839971,
    "eval_combined_score": 0.7830626798546574,
    "eval_f1": 0.7581609768253176,
    "eval_loss": 0.8744602203369141,
    "eval_runtime": 108.1711,
    "eval_samples": 40430,
    "eval_samples_per_second": 373.76,
    "eval_steps_per_second": 46.722
}