{
    "epoch": 3.0,
    "eval_accuracy": 0.7003610108303249,
    "eval_loss": 0.8234598636627197,
    "eval_runtime": 1.6923,
    "eval_samples": 277,
    "eval_samples_per_second": 163.687,
    "eval_steps_per_second": 5.318
}