{
    "epoch": 3.0,
    "eval_accuracy": 0.6813455820083618,
    "eval_loss": 0.6904117465019226,
    "eval_runtime": 36.4025,
    "eval_samples": 3270,
    "eval_samples_per_second": 89.829,
    "eval_steps_per_second": 2.829
}