{
    "epoch": 3.0,
    "eval_accuracy": 0.7142857313156128,
    "eval_loss": 0.9371572732925415,
    "eval_runtime": 0.1401,
    "eval_samples": 56,
    "eval_samples_per_second": 399.831,
    "eval_steps_per_second": 14.28
}