{
    "epoch": 3.0,
    "eval_accuracy": 0.7497650259708137,
    "eval_combined_score": 0.7293769758072104,
    "eval_f1": 0.7089889256436072,
    "eval_loss": 0.5056231021881104,
    "eval_runtime": 101.8017,
    "eval_samples": 40430,
    "eval_samples_per_second": 397.145,
    "eval_steps_per_second": 12.416
}