{
    "epoch": 3.0,
    "eval_accuracy": 0.7857142686843872,
    "eval_loss": 0.6995339393615723,
    "eval_runtime": 0.1391,
    "eval_samples": 56,
    "eval_samples_per_second": 402.547,
    "eval_steps_per_second": 14.377
}