{
    "epoch": 3.0,
    "eval_accuracy": 0.740072202166065,
    "eval_loss": 1.4186699390411377,
    "eval_runtime": 1.7656,
    "eval_samples": 277,
    "eval_samples_per_second": 156.889,
    "eval_steps_per_second": 5.097
}