{
    "epoch": 3.0,
    "eval_combined_score": 0.8735127342193207,
    "eval_loss": 0.6113472580909729,
    "eval_pearson": 0.8733595388869155,
    "eval_runtime": 4.2628,
    "eval_samples": 1500,
    "eval_samples_per_second": 351.879,
    "eval_spearmanr": 0.873665929551726,
    "eval_steps_per_second": 11.026
}