{
    "epoch": 3.0,
    "eval_accuracy": 0.6000000238418579,
    "eval_loss": 0.6116011738777161,
    "eval_runtime": 0.129,
    "eval_samples": 100,
    "eval_samples_per_second": 775.413,
    "eval_steps_per_second": 31.017
}