{
    "epoch": 3.0,
    "eval_combined_score": 0.8549008960914997,
    "eval_loss": 0.7798972725868225,
    "eval_pearson": 0.8508301343247218,
    "eval_runtime": 4.0296,
    "eval_samples": 1500,
    "eval_samples_per_second": 372.25,
    "eval_spearmanr": 0.8589716578582776,
    "eval_steps_per_second": 46.655
}