{
    "epoch": 3.0,
    "eval_accuracy": 0.7135416865348816,
    "eval_loss": 0.5281171202659607,
    "eval_runtime": 1.2878,
    "eval_samples": 384,
    "eval_samples_per_second": 298.187,
    "eval_steps_per_second": 9.318
}