{
    "epoch": 15.0,
    "eval_gen_len": 2.9993333333333334,
    "eval_loss": 0.9609480500221252,
    "eval_pearson": 88.6662,
    "eval_runtime": 20.1377,
    "eval_samples": 1500,
    "eval_samples_per_second": 74.487,
    "eval_spearmanr": 88.5945,
    "eval_steps_per_second": 4.668
}