{
    "epoch": 3.0,
    "eval_accuracy": 0.8259803921568627,
    "eval_combined_score": 0.8529225141833383,
    "eval_f1": 0.8798646362098139,
    "eval_loss": 0.5144400596618652,
    "eval_runtime": 15.6599,
    "eval_samples": 408,
    "eval_samples_per_second": 26.054,
    "eval_steps_per_second": 0.83
}