{
    "epoch": 3.0,
    "eval_accuracy": 0.7125584230847388,
    "eval_loss": 0.7012256383895874,
    "eval_runtime": 25.7109,
    "eval_samples": 9842,
    "eval_samples_per_second": 382.795,
    "eval_steps_per_second": 11.979
}