{
    "epoch": 3.0,
    "eval_accuracy": 0.8799019607843137,
    "eval_combined_score": 0.8979269666700298,
    "eval_f1": 0.915951972555746,
    "eval_loss": 0.6338368654251099,
    "eval_runtime": 22.8201,
    "eval_samples": 408,
    "eval_samples_per_second": 17.879,
    "eval_steps_per_second": 0.57
}