{
    "epoch": 3.0,
    "eval_accuracy": 0.4401228129863739,
    "eval_loss": 1.091304063796997,
    "eval_runtime": 5.5547,
    "eval_samples": 1954,
    "eval_samples_per_second": 351.773,
    "eval_steps_per_second": 11.162
}