{
    "epoch": 10.0,
    "eval_gen_len": 2.9913333333333334,
    "eval_loss": 1.456483244895935,
    "eval_pearson": 83.0288,
    "eval_runtime": 6.099,
    "eval_samples": 1500,
    "eval_samples_per_second": 245.941,
    "eval_spearmanr": 82.6708,
    "eval_steps_per_second": 3.935
}