{
    "epoch": 3.0,
    "eval_accuracy": 0.33166666666666667,
    "eval_loss": 1.1776251792907715,
    "eval_runtime": 4.1505,
    "eval_samples": 1200,
    "eval_samples_per_second": 289.118,
    "eval_steps_per_second": 9.155
}