{
    "epoch": 3.0,
    "eval_accuracy": 0.5011839270591736,
    "eval_loss": 0.7043858170509338,
    "eval_runtime": 3.0718,
    "eval_samples": 1267,
    "eval_samples_per_second": 412.458,
    "eval_steps_per_second": 13.022
}