{
    "epoch": 3.0,
    "eval_combined_score": 0.8845019491244505,
    "eval_loss": 0.5114107131958008,
    "eval_pearson": 0.8846509684488992,
    "eval_runtime": 4.0098,
    "eval_samples": 1500,
    "eval_samples_per_second": 374.087,
    "eval_spearmanr": 0.8843529298000017,
    "eval_steps_per_second": 46.886
}