{
    "epoch": 15.0,
    "eval_gen_len": 2.994666666666667,
    "eval_loss": 1.2646310329437256,
    "eval_pearson": 82.3408,
    "eval_runtime": 2.3858,
    "eval_samples": 1500,
    "eval_samples_per_second": 628.713,
    "eval_spearmanr": 82.1087,
    "eval_steps_per_second": 10.059
}