{
    "epoch": 3.0,
    "eval_accuracy": 0.8504901960784313,
    "eval_combined_score": 0.8732859838995224,
    "eval_f1": 0.8960817717206134,
    "eval_loss": 0.7172127366065979,
    "eval_runtime": 1.0395,
    "eval_samples": 408,
    "eval_samples_per_second": 392.494,
    "eval_steps_per_second": 12.506
}