{
    "epoch": 3.0,
    "eval_accuracy": 0.7794212218649518,
    "eval_combined_score": 0.7515070403894557,
    "eval_f1": 0.7235928589139597,
    "eval_loss": 0.5423839092254639,
    "eval_runtime": 112.5003,
    "eval_samples": 40430,
    "eval_samples_per_second": 359.377,
    "eval_steps_per_second": 11.236
}