{
    "epoch": 3.0,
    "eval_accuracy": 0.8431372549019608,
    "eval_combined_score": 0.8652305992819662,
    "eval_f1": 0.8873239436619718,
    "eval_loss": 0.6729264259338379,
    "eval_runtime": 1.0914,
    "eval_samples": 408,
    "eval_samples_per_second": 373.842,
    "eval_steps_per_second": 11.912
}