{
    "epoch": 3.0,
    "eval_accuracy": 0.6606498194945848,
    "eval_loss": 1.2473102807998657,
    "eval_runtime": 1.683,
    "eval_samples": 277,
    "eval_samples_per_second": 164.591,
    "eval_steps_per_second": 5.348
}