{
    "epoch": 3.0,
    "eval_accuracy": 0.8651960784313726,
    "eval_combined_score": 0.8847719522591646,
    "eval_f1": 0.9043478260869565,
    "eval_loss": 0.6485573053359985,
    "eval_runtime": 23.2655,
    "eval_samples": 408,
    "eval_samples_per_second": 17.537,
    "eval_steps_per_second": 0.559
}