{
    "epoch": 3.0,
    "eval_accuracy": 0.8696060037523452,
    "eval_loss": 0.6189538836479187,
    "eval_runtime": 1.7244,
    "eval_samples": 1066,
    "eval_samples_per_second": 618.186,
    "eval_steps_per_second": 19.717
}