{
    "epoch": 3.0,
    "eval_accuracy": 0.6094801425933838,
    "eval_loss": 0.7118776440620422,
    "eval_runtime": 25.8924,
    "eval_samples": 3270,
    "eval_samples_per_second": 126.292,
    "eval_steps_per_second": 3.978
}