{
    "epoch": 3.0,
    "eval_accuracy": 0.7009803921568627,
    "eval_combined_score": 0.7575023912003827,
    "eval_f1": 0.8140243902439025,
    "eval_loss": 0.6139773726463318,
    "eval_runtime": 1.0739,
    "eval_samples": 408,
    "eval_samples_per_second": 379.941,
    "eval_steps_per_second": 12.106
}