{
    "epoch": 10.0,
    "eval_gen_len": 2.997333333333333,
    "eval_loss": 1.3536502122879028,
    "eval_pearson": 85.6653,
    "eval_runtime": 6.944,
    "eval_samples": 1500,
    "eval_samples_per_second": 216.013,
    "eval_spearmanr": 85.3152,
    "eval_steps_per_second": 3.456
}