{
    "epoch": 3.0,
    "eval_accuracy": 0.49000000953674316,
    "eval_loss": 0.6931473612785339,
    "eval_runtime": 0.1296,
    "eval_samples": 100,
    "eval_samples_per_second": 771.855,
    "eval_steps_per_second": 30.874
}