{
    "epoch": 3.0,
    "eval_accuracy": 0.8724202626641651,
    "eval_loss": 0.5671946406364441,
    "eval_runtime": 1.758,
    "eval_samples": 1066,
    "eval_samples_per_second": 606.355,
    "eval_steps_per_second": 19.34
}