{
    "epoch": 3.0,
    "eval_accuracy": 0.8284313725490197,
    "eval_combined_score": 0.855293127351951,
    "eval_f1": 0.8821548821548822,
    "eval_loss": 0.577710747718811,
    "eval_runtime": 1.0687,
    "eval_samples": 408,
    "eval_samples_per_second": 381.757,
    "eval_steps_per_second": 12.164
}