{"eval_accuracy": 77.42999999999999, "eval_f1": 71.41999999999999}