{
    "epoch": 3.0,
    "eval_accuracy": 0.6003134846687317,
    "eval_loss": 0.9851394891738892,
    "eval_runtime": 0.6855,
    "eval_samples": 638,
    "eval_samples_per_second": 930.739,
    "eval_steps_per_second": 29.177
}