{
    "epoch": 3.0,
    "eval_accuracy": 0.6498194945848376,
    "eval_loss": 0.6995291113853455,
    "eval_runtime": 1.7548,
    "eval_samples": 277,
    "eval_samples_per_second": 157.855,
    "eval_steps_per_second": 5.129
}