{
    "epoch": 3.0,
    "eval_accuracy": 0.6964285969734192,
    "eval_loss": 0.8199924230575562,
    "eval_runtime": 0.1402,
    "eval_samples": 56,
    "eval_samples_per_second": 399.404,
    "eval_steps_per_second": 14.264
}