{
    "epoch": 3.0,
    "eval_accuracy": 0.49802684783935547,
    "eval_loss": 0.6943962574005127,
    "eval_runtime": 1.7189,
    "eval_samples": 1267,
    "eval_samples_per_second": 737.102,
    "eval_steps_per_second": 23.271
}