{
    "epoch": 3.0,
    "eval_accuracy": 0.6428571343421936,
    "eval_loss": 1.044411063194275,
    "eval_runtime": 0.138,
    "eval_samples": 56,
    "eval_samples_per_second": 405.86,
    "eval_steps_per_second": 14.495
}