{
    "epoch": 3.0,
    "eval_accuracy": 0.519336998462677,
    "eval_loss": 0.6969654560089111,
    "eval_runtime": 3.2038,
    "eval_samples": 1267,
    "eval_samples_per_second": 395.463,
    "eval_steps_per_second": 12.485
}