{
    "epoch": 3.0,
    "eval_accuracy": 0.2968270182609558,
    "eval_loss": 1.1048747301101685,
    "eval_runtime": 5.4166,
    "eval_samples": 1954,
    "eval_samples_per_second": 360.746,
    "eval_steps_per_second": 11.446
}