{
    "epoch": 3.0,
    "eval_accuracy": 0.8651960784313726,
    "eval_combined_score": 0.8840971573814711,
    "eval_f1": 0.9029982363315697,
    "eval_loss": 0.5854921340942383,
    "eval_runtime": 1.2187,
    "eval_samples": 408,
    "eval_samples_per_second": 334.78,
    "eval_steps_per_second": 41.847
}