{
    "epoch": 3.0,
    "eval_accuracy": 0.6299999952316284,
    "eval_loss": 0.6320238709449768,
    "eval_runtime": 0.1261,
    "eval_samples": 100,
    "eval_samples_per_second": 793.217,
    "eval_steps_per_second": 31.729
}