{
    "epoch": 20.0,
    "eval_average_metrics": 60.90757598237734,
    "eval_loss": 1.1147931814193726,
    "eval_pearson": 58.861568371148486,
    "eval_runtime": 7.9825,
    "eval_samples_per_second": 187.911,
    "eval_spearmanr": 62.9535835936062
}