{
    "epoch": 3.0,
    "eval_accuracy": 0.9217600226402283,
    "eval_loss": 0.34926244616508484,
    "eval_runtime": 129.9434,
    "eval_samples": 25000,
    "eval_samples_per_second": 192.392,
    "eval_steps_per_second": 6.018
}