{
    "epoch": 3.0,
    "eval_accuracy": 0.8619631901840491,
    "eval_loss": 0.5591538548469543,
    "eval_runtime": 2.3481,
    "eval_samples": 1304,
    "eval_samples_per_second": 555.332,
    "eval_steps_per_second": 17.461
}