{
    "epoch": 3.0,
    "eval_accuracy": 0.6116207838058472,
    "eval_loss": 0.6688989400863647,
    "eval_runtime": 25.8666,
    "eval_samples": 3270,
    "eval_samples_per_second": 126.418,
    "eval_steps_per_second": 3.982
}