{
    "epoch": 3.0,
    "eval_accuracy": 0.8564727954971857,
    "eval_loss": 0.6614059209823608,
    "eval_runtime": 0.611,
    "eval_samples": 1066,
    "eval_samples_per_second": 1744.735,
    "eval_steps_per_second": 55.648
}