{
    "epoch": 3.0,
    "eval_accuracy": 0.8528281164195497,
    "eval_loss": 0.6812604665756226,
    "eval_runtime": 13.643,
    "eval_samples": 5463,
    "eval_samples_per_second": 400.426,
    "eval_steps_per_second": 12.534
}