{
    "epoch": 3.0,
    "eval_accuracy": 0.8343401061687717,
    "eval_loss": 0.5172404646873474,
    "eval_runtime": 13.5021,
    "eval_samples": 5463,
    "eval_samples_per_second": 404.604,
    "eval_steps_per_second": 12.665
}