{
    "epoch": 3.0,
    "eval_accuracy": 0.7872963573128318,
    "eval_loss": 0.6244350671768188,
    "eval_runtime": 13.6286,
    "eval_samples": 5463,
    "eval_samples_per_second": 400.847,
    "eval_steps_per_second": 12.547
}