{
    "epoch": 3.0,
    "eval_combined_score": 0.8697602593914393,
    "eval_loss": 0.5964068174362183,
    "eval_pearson": 0.8707861388934295,
    "eval_runtime": 3.6724,
    "eval_samples": 1500,
    "eval_samples_per_second": 408.451,
    "eval_spearmanr": 0.8687343798894492,
    "eval_steps_per_second": 12.798
}