{
    "epoch": 3.0,
    "eval_accuracy": 0.8696060037523452,
    "eval_loss": 0.6240574717521667,
    "eval_runtime": 1.7196,
    "eval_samples": 1066,
    "eval_samples_per_second": 619.906,
    "eval_steps_per_second": 19.772
}