{
    "epoch": 3.0,
    "eval_accuracy": 0.906441717791411,
    "eval_loss": 0.44985172152519226,
    "eval_runtime": 2.2089,
    "eval_samples": 1304,
    "eval_samples_per_second": 590.331,
    "eval_steps_per_second": 18.561
}