{
    "epoch": 3.0,
    "eval_accuracy": 0.5178571343421936,
    "eval_loss": 0.9691399931907654,
    "eval_runtime": 0.1364,
    "eval_samples": 56,
    "eval_samples_per_second": 410.493,
    "eval_steps_per_second": 14.66
}