{
    "epoch": 3.0,
    "eval_accuracy": 0.8455882352941176,
    "eval_combined_score": 0.86782029565753,
    "eval_f1": 0.8900523560209423,
    "eval_loss": 0.7222574949264526,
    "eval_runtime": 1.1166,
    "eval_samples": 408,
    "eval_samples_per_second": 365.408,
    "eval_steps_per_second": 11.643
}