{
    "epoch": 3.0,
    "eval_accuracy": 0.5833333134651184,
    "eval_loss": 0.6886242032051086,
    "eval_runtime": 1.2485,
    "eval_samples": 384,
    "eval_samples_per_second": 307.565,
    "eval_steps_per_second": 9.611
}