{
    "epoch": 15.0,
    "eval_gen_len": 2.998666666666667,
    "eval_loss": 1.081365704536438,
    "eval_pearson": 84.882,
    "eval_runtime": 6.1835,
    "eval_samples": 1500,
    "eval_samples_per_second": 242.581,
    "eval_spearmanr": 84.7284,
    "eval_steps_per_second": 7.601
}