{
    "epoch": 3.0,
    "eval_accuracy": 0.7416522384368044,
    "eval_combined_score": 0.7143654703074103,
    "eval_f1": 0.6870787021780161,
    "eval_loss": 0.5419597029685974,
    "eval_runtime": 107.5241,
    "eval_samples": 40430,
    "eval_samples_per_second": 376.009,
    "eval_steps_per_second": 47.003
}