{
    "epoch": 3.0,
    "eval_accuracy": 0.5343330502510071,
    "eval_loss": 0.7720783352851868,
    "eval_runtime": 1.9722,
    "eval_samples": 1267,
    "eval_samples_per_second": 642.423,
    "eval_steps_per_second": 20.282
}