{
    "epoch": 3.0,
    "eval_accuracy": 0.6570397111913358,
    "eval_loss": 0.7218794226646423,
    "eval_runtime": 1.6608,
    "eval_samples": 277,
    "eval_samples_per_second": 166.783,
    "eval_steps_per_second": 5.419
}