{
    "epoch": 3.0,
    "eval_accuracy": 0.4959058463573456,
    "eval_loss": 1.058751106262207,
    "eval_runtime": 5.6318,
    "eval_samples": 1954,
    "eval_samples_per_second": 346.96,
    "eval_steps_per_second": 11.009
}