{
    "epoch": 3.0,
    "eval_accuracy": 0.6346153616905212,
    "eval_loss": 0.6795041561126709,
    "eval_runtime": 0.2642,
    "eval_samples": 104,
    "eval_samples_per_second": 393.605,
    "eval_steps_per_second": 15.139
}