{
    "epoch": 3.0,
    "eval_accuracy": 0.5090765357017517,
    "eval_loss": 0.7153000831604004,
    "eval_runtime": 1.739,
    "eval_samples": 1267,
    "eval_samples_per_second": 728.587,
    "eval_steps_per_second": 23.002
}