{
    "epoch": 3.0,
    "eval_accuracy": 0.5501567125320435,
    "eval_loss": 0.7869947552680969,
    "eval_runtime": 0.6916,
    "eval_samples": 638,
    "eval_samples_per_second": 922.53,
    "eval_steps_per_second": 28.919
}