{
    "epoch": 3.0,
    "eval_accuracy": 0.7442987880286915,
    "eval_combined_score": 0.7085734446472571,
    "eval_f1": 0.6728481012658228,
    "eval_loss": 0.5417517423629761,
    "eval_runtime": 99.9889,
    "eval_samples": 40430,
    "eval_samples_per_second": 404.345,
    "eval_steps_per_second": 12.641
}