{
    "epoch": 3.0,
    "eval_accuracy": 0.7599999904632568,
    "eval_loss": 0.5073626041412354,
    "eval_runtime": 0.132,
    "eval_samples": 100,
    "eval_samples_per_second": 757.338,
    "eval_steps_per_second": 30.294
}