{
    "epoch": 10.0,
    "eval_gen_len": 3.006666666666667,
    "eval_loss": 1.4635196924209595,
    "eval_pearson": 82.7188,
    "eval_runtime": 6.5915,
    "eval_samples": 1500,
    "eval_samples_per_second": 227.564,
    "eval_spearmanr": 82.5259,
    "eval_steps_per_second": 3.641
}