{
    "epoch": 3.0,
    "eval_accuracy": 0.5718172192573547,
    "eval_loss": 0.6897907853126526,
    "eval_runtime": 7.8958,
    "eval_samples": 1838,
    "eval_samples_per_second": 232.782,
    "eval_steps_per_second": 7.346
}