{
    "epoch": 3.0,
    "eval_accuracy": 0.6214067339897156,
    "eval_loss": 0.663429319858551,
    "eval_runtime": 25.7021,
    "eval_samples": 3270,
    "eval_samples_per_second": 127.227,
    "eval_steps_per_second": 4.007
}