{
    "epoch": 3.0,
    "eval_accuracy": 0.7622549019607843,
    "eval_combined_score": 0.7985039416107158,
    "eval_f1": 0.8347529812606472,
    "eval_loss": 0.616991400718689,
    "eval_runtime": 1.0787,
    "eval_samples": 408,
    "eval_samples_per_second": 378.222,
    "eval_steps_per_second": 47.278
}