{
    "epoch": 3.0,
    "eval_accuracy": 0.4921875,
    "eval_loss": 0.6937748789787292,
    "eval_runtime": 1.5095,
    "eval_samples": 384,
    "eval_samples_per_second": 254.382,
    "eval_steps_per_second": 7.949
}