{
    "epoch": 3.0,
    "eval_accuracy": 0.6065830588340759,
    "eval_loss": 0.9415172338485718,
    "eval_runtime": 0.6921,
    "eval_samples": 638,
    "eval_samples_per_second": 921.834,
    "eval_steps_per_second": 28.898
}