{
    "epoch": 3.0,
    "eval_accuracy": 0.5306859205776173,
    "eval_loss": 0.6924814581871033,
    "eval_runtime": 1.7364,
    "eval_samples": 277,
    "eval_samples_per_second": 159.529,
    "eval_steps_per_second": 5.183,
    "train_loss": 0.7022613932291667,
    "train_runtime": 63.4911,
    "train_samples": 1000,
    "train_samples_per_second": 47.251,
    "train_steps_per_second": 5.906
}