{"eval_accuracy": 77.21000000000001, "eval_f1": 85.07000000000001}