{
    "epoch": 3.0,
    "eval_accuracy": 0.8564727954971857,
    "eval_loss": 0.6127318143844604,
    "eval_runtime": 2.0751,
    "eval_samples": 1066,
    "eval_samples_per_second": 513.71,
    "eval_steps_per_second": 16.385
}