{
    "epoch": 3.0,
    "eval_accuracy": 0.37213701009750366,
    "eval_loss": 1.363139271736145,
    "eval_runtime": 90.6707,
    "eval_samples": 10042,
    "eval_samples_per_second": 110.752,
    "eval_steps_per_second": 3.463
}