{
    "epoch": 3.0,
    "eval_combined_score": 0.8964080677874168,
    "eval_loss": 0.46289756894111633,
    "eval_pearson": 0.8967951870568227,
    "eval_runtime": 4.4532,
    "eval_samples": 1500,
    "eval_samples_per_second": 336.835,
    "eval_spearmanr": 0.8960209485180108,
    "eval_steps_per_second": 42.217
}