{
    "epoch": 3.0,
    "eval_accuracy": 0.6346153616905212,
    "eval_loss": 0.6683861613273621,
    "eval_runtime": 0.2557,
    "eval_samples": 104,
    "eval_samples_per_second": 406.745,
    "eval_steps_per_second": 15.644
}