{
    "epoch": 10.0,
    "eval_gen_len": 2.998666666666667,
    "eval_loss": 1.3723456859588623,
    "eval_pearson": 82.3494,
    "eval_runtime": 7.7079,
    "eval_samples": 1500,
    "eval_samples_per_second": 194.604,
    "eval_spearmanr": 82.1664,
    "eval_steps_per_second": 3.114
}