{
    "epoch": 3.0,
    "eval_accuracy": 0.7578125,
    "eval_loss": 0.45374977588653564,
    "eval_runtime": 1.2515,
    "eval_samples": 384,
    "eval_samples_per_second": 306.837,
    "eval_steps_per_second": 9.589
}