{
    "epoch": 3.0,
    "eval_accuracy": 0.4954773783683777,
    "eval_loss": 1.2815641164779663,
    "eval_runtime": 37.606,
    "eval_samples": 2985,
    "eval_samples_per_second": 79.376,
    "eval_steps_per_second": 2.5
}