{
    "epoch": 3.0,
    "eval_accuracy": 0.28341707587242126,
    "eval_loss": 1.439145565032959,
    "eval_runtime": 36.7862,
    "eval_samples": 2985,
    "eval_samples_per_second": 81.145,
    "eval_steps_per_second": 2.555
}