{
    "epoch": 3.0,
    "eval_accuracy": 0.6346153616905212,
    "eval_loss": 0.6770623922348022,
    "eval_runtime": 0.2595,
    "eval_samples": 104,
    "eval_samples_per_second": 400.805,
    "eval_steps_per_second": 15.416
}