{
    "epoch": 3.0,
    "eval_accuracy": 0.5052083134651184,
    "eval_loss": 0.6931473612785339,
    "eval_runtime": 1.3041,
    "eval_samples": 384,
    "eval_samples_per_second": 294.456,
    "eval_steps_per_second": 9.202
}