{
    "epoch": 10.0,
    "eval_gen_len": 2.9953333333333334,
    "eval_loss": 1.2668790817260742,
    "eval_pearson": 86.0394,
    "eval_runtime": 6.6228,
    "eval_samples": 1500,
    "eval_samples_per_second": 226.49,
    "eval_spearmanr": 86.1631,
    "eval_steps_per_second": 3.624
}