{
    "epoch": 3.0,
    "eval_accuracy": 0.5003946423530579,
    "eval_loss": 0.7027591466903687,
    "eval_runtime": 1.738,
    "eval_samples": 1267,
    "eval_samples_per_second": 729.012,
    "eval_steps_per_second": 23.015
}