{
    "epoch": 3.0,
    "eval_accuracy": 0.32998326420783997,
    "eval_loss": 1.3511567115783691,
    "eval_runtime": 37.3509,
    "eval_samples": 2985,
    "eval_samples_per_second": 79.918,
    "eval_steps_per_second": 2.517
}