{
    "epoch": 3.0,
    "eval_accuracy": 0.5011839270591736,
    "eval_loss": 0.7101437449455261,
    "eval_runtime": 1.967,
    "eval_samples": 1267,
    "eval_samples_per_second": 644.132,
    "eval_steps_per_second": 20.336
}