{
    "epoch": 3.0,
    "eval_accuracy": 0.3641541004180908,
    "eval_loss": 1.3434500694274902,
    "eval_runtime": 37.6624,
    "eval_samples": 2985,
    "eval_samples_per_second": 79.257,
    "eval_steps_per_second": 2.496
}