{
    "epoch": 3.0,
    "eval_combined_score": 0.8876750347784603,
    "eval_loss": 0.5584374070167542,
    "eval_pearson": 0.8879942373313812,
    "eval_runtime": 3.9823,
    "eval_samples": 1500,
    "eval_samples_per_second": 376.662,
    "eval_spearmanr": 0.8873558322255394,
    "eval_steps_per_second": 11.802
}