{
    "epoch": 3.0,
    "eval_accuracy": 0.5956678700361011,
    "eval_loss": 0.7331507802009583,
    "eval_runtime": 1.6669,
    "eval_samples": 277,
    "eval_samples_per_second": 166.179,
    "eval_steps_per_second": 5.399
}