{
    "epoch": 3.0,
    "eval_accuracy": 0.7003610108303249,
    "eval_loss": 0.6675825119018555,
    "eval_runtime": 1.7136,
    "eval_samples": 277,
    "eval_samples_per_second": 161.651,
    "eval_steps_per_second": 5.252
}