{
    "epoch": 3.0,
    "eval_combined_score": 0.888629432705192,
    "eval_loss": 0.5277207493782043,
    "eval_pearson": 0.8890199347114254,
    "eval_runtime": 3.9869,
    "eval_samples": 1500,
    "eval_samples_per_second": 376.228,
    "eval_spearmanr": 0.8882389306989588,
    "eval_steps_per_second": 11.788
}