{
    "epoch": 3.0,
    "eval_accuracy": 0.6406728029251099,
    "eval_loss": 0.6480748653411865,
    "eval_runtime": 36.4615,
    "eval_samples": 3270,
    "eval_samples_per_second": 89.684,
    "eval_steps_per_second": 2.825
}