{
    "epoch": 3.0,
    "eval_accuracy": 0.8019292604501608,
    "eval_combined_score": 0.7764311641887529,
    "eval_f1": 0.750933067927345,
    "eval_loss": 0.8242448568344116,
    "eval_runtime": 99.6968,
    "eval_samples": 40430,
    "eval_samples_per_second": 405.529,
    "eval_steps_per_second": 12.678
}