{
    "epoch": 5.0,
    "eval_gen_len": 2.9966666666666666,
    "eval_loss": 0.9712655544281006,
    "eval_pearson": 87.2361,
    "eval_runtime": 11.1053,
    "eval_samples": 1500,
    "eval_samples_per_second": 135.07,
    "eval_spearmanr": 87.5099,
    "eval_steps_per_second": 4.232
}