{
    "epoch": 3.0,
    "eval_accuracy": 0.8696319018404908,
    "eval_loss": 0.6945008635520935,
    "eval_runtime": 2.1731,
    "eval_samples": 1304,
    "eval_samples_per_second": 600.072,
    "eval_steps_per_second": 18.867
}