{
    "epoch": 3.0,
    "eval_accuracy": 0.6410658359527588,
    "eval_loss": 0.9572629332542419,
    "eval_runtime": 0.6836,
    "eval_samples": 638,
    "eval_samples_per_second": 933.352,
    "eval_steps_per_second": 29.259
}