{
    "epoch": 3.0,
    "eval_accuracy": 0.8667917448405253,
    "eval_loss": 0.6410809755325317,
    "eval_runtime": 1.7696,
    "eval_samples": 1066,
    "eval_samples_per_second": 602.391,
    "eval_steps_per_second": 19.213
}