{
    "epoch": 3.0,
    "eval_combined_score": 0.8907635063100152,
    "eval_loss": 0.5457258820533752,
    "eval_pearson": 0.8905129874817257,
    "eval_runtime": 4.4599,
    "eval_samples": 1500,
    "eval_samples_per_second": 336.334,
    "eval_spearmanr": 0.8910140251383046,
    "eval_steps_per_second": 10.538
}