{
    "epoch": 3.0,
    "eval_accuracy": 0.6217125654220581,
    "eval_loss": 0.6595973372459412,
    "eval_runtime": 36.8844,
    "eval_samples": 3270,
    "eval_samples_per_second": 88.655,
    "eval_steps_per_second": 2.793
}