{
    "epoch": 3.0,
    "eval_accuracy": 0.4956590235233307,
    "eval_loss": 0.6933019757270813,
    "eval_runtime": 1.7257,
    "eval_samples": 1267,
    "eval_samples_per_second": 734.19,
    "eval_steps_per_second": 23.179
}