{
    "epoch": 3.0,
    "eval_accuracy": 0.9104887424492037,
    "eval_loss": 0.5032578110694885,
    "eval_runtime": 15.4431,
    "eval_samples": 5463,
    "eval_samples_per_second": 353.751,
    "eval_steps_per_second": 44.227
}