{
    "epoch": 3.0,
    "eval_accuracy": 0.5025588274002075,
    "eval_loss": 1.0515984296798706,
    "eval_runtime": 5.5653,
    "eval_samples": 1954,
    "eval_samples_per_second": 351.102,
    "eval_steps_per_second": 11.14
}