{
    "epoch": 3.0,
    "eval_accuracy": 0.5199999809265137,
    "eval_loss": 0.6931411027908325,
    "eval_runtime": 0.2004,
    "eval_samples": 100,
    "eval_samples_per_second": 498.92,
    "eval_steps_per_second": 19.957
}