{
    "epoch": 3.0,
    "eval_accuracy": 0.8696060037523452,
    "eval_loss": 0.7165724039077759,
    "eval_runtime": 1.823,
    "eval_samples": 1066,
    "eval_samples_per_second": 584.765,
    "eval_steps_per_second": 18.651
}