{
    "epoch": 3.0,
    "eval_accuracy": 0.642201840877533,
    "eval_loss": 0.656856119632721,
    "eval_runtime": 36.3851,
    "eval_samples": 3270,
    "eval_samples_per_second": 89.872,
    "eval_steps_per_second": 2.831
}