{
    "epoch": 3.0,
    "eval_accuracy": 0.623547375202179,
    "eval_loss": 0.6818785071372986,
    "eval_runtime": 25.959,
    "eval_samples": 3270,
    "eval_samples_per_second": 125.968,
    "eval_steps_per_second": 3.968
}