{
    "epoch": 3.0,
    "eval_accuracy": 0.7321428656578064,
    "eval_loss": 0.8680521845817566,
    "eval_runtime": 0.1556,
    "eval_samples": 56,
    "eval_samples_per_second": 359.909,
    "eval_steps_per_second": 12.854
}