{
    "epoch": 3.0,
    "eval_accuracy": 0.43193450570106506,
    "eval_loss": 1.09824800491333,
    "eval_runtime": 5.4076,
    "eval_samples": 1954,
    "eval_samples_per_second": 361.346,
    "eval_steps_per_second": 11.465
}