{
    "epoch": 3.0,
    "eval_accuracy": 0.45708027482032776,
    "eval_loss": 1.2817133665084839,
    "eval_runtime": 94.4302,
    "eval_samples": 10042,
    "eval_samples_per_second": 106.343,
    "eval_steps_per_second": 3.325
}