{
    "epoch": 3.0,
    "eval_accuracy": 0.8651960784313726,
    "eval_combined_score": 0.8855894922071392,
    "eval_f1": 0.905982905982906,
    "eval_loss": 0.7733213901519775,
    "eval_runtime": 1.0986,
    "eval_samples": 408,
    "eval_samples_per_second": 371.389,
    "eval_steps_per_second": 46.424
}