{
    "epoch": 3.0,
    "eval_accuracy": 0.90108,
    "eval_loss": 0.4421907365322113,
    "eval_runtime": 130.3687,
    "eval_samples": 25000,
    "eval_samples_per_second": 191.764,
    "eval_steps_per_second": 5.998
}