{
    "epoch": 3.0,
    "eval_accuracy": 0.30284756422042847,
    "eval_loss": 1.4168789386749268,
    "eval_runtime": 37.1653,
    "eval_samples": 2985,
    "eval_samples_per_second": 80.317,
    "eval_steps_per_second": 2.529
}