{
    "epoch": 3.0,
    "eval_accuracy": 0.6346153616905212,
    "eval_loss": 0.6795225143432617,
    "eval_runtime": 0.258,
    "eval_samples": 104,
    "eval_samples_per_second": 403.062,
    "eval_steps_per_second": 15.502
}