{
    "epoch": 3.0,
    "eval_accuracy": 0.824455427420831,
    "eval_loss": 0.6340096592903137,
    "eval_runtime": 13.5203,
    "eval_samples": 5463,
    "eval_samples_per_second": 404.058,
    "eval_steps_per_second": 12.648
}