{
    "epoch": 3.0,
    "eval_combined_score": 0.8503713889838314,
    "eval_loss": 0.6981207728385925,
    "eval_pearson": 0.8475435778245437,
    "eval_runtime": 3.9633,
    "eval_samples": 1500,
    "eval_samples_per_second": 378.47,
    "eval_spearmanr": 0.8531992001431191,
    "eval_steps_per_second": 11.859
}