{
    "epoch": 3.0,
    "eval_accuracy": 0.6101083032490975,
    "eval_loss": 0.8771448135375977,
    "eval_runtime": 1.6572,
    "eval_samples": 277,
    "eval_samples_per_second": 167.149,
    "eval_steps_per_second": 5.431
}