{
    "epoch": 3.0,
    "eval_accuracy": 0.8255199790000916,
    "eval_loss": 0.4660540521144867,
    "eval_runtime": 127.6956,
    "eval_samples": 25000,
    "eval_samples_per_second": 195.778,
    "eval_steps_per_second": 6.124
}