{
    "epoch": 3.0,
    "eval_combined_score": 0.8636551021363081,
    "eval_loss": 0.6384384036064148,
    "eval_pearson": 0.862230495941192,
    "eval_runtime": 3.9946,
    "eval_samples": 1500,
    "eval_samples_per_second": 375.508,
    "eval_spearmanr": 0.8650797083314242,
    "eval_steps_per_second": 11.766
}