{
    "epoch": 3.0,
    "eval_accuracy": 0.7896768949400529,
    "eval_loss": 0.6329900026321411,
    "eval_runtime": 26.281,
    "eval_samples": 9842,
    "eval_samples_per_second": 374.491,
    "eval_steps_per_second": 46.84
}