{
    "epoch": 10.0,
    "eval_gen_len": 2.993333333333333,
    "eval_loss": 1.2250587940216064,
    "eval_pearson": 87.869,
    "eval_runtime": 6.9259,
    "eval_samples": 1500,
    "eval_samples_per_second": 216.578,
    "eval_spearmanr": 87.7046,
    "eval_steps_per_second": 3.465
}