{
    "epoch": 3.0,
    "eval_accuracy": 0.5897715091705322,
    "eval_loss": 0.6779075860977173,
    "eval_runtime": 8.7227,
    "eval_samples": 1838,
    "eval_samples_per_second": 210.715,
    "eval_steps_per_second": 6.649
}