{
    "epoch": 3.0,
    "eval_accuracy": 0.6813725490196079,
    "eval_combined_score": 0.7397545974911703,
    "eval_f1": 0.7981366459627328,
    "eval_loss": 0.6169020533561707,
    "eval_runtime": 0.995,
    "eval_samples": 408,
    "eval_samples_per_second": 410.058,
    "eval_steps_per_second": 13.066
}