{
    "epoch": 3.0,
    "eval_accuracy": 0.6238244771957397,
    "eval_loss": 1.4193233251571655,
    "eval_runtime": 0.6948,
    "eval_samples": 638,
    "eval_samples_per_second": 918.245,
    "eval_steps_per_second": 28.785
}