{
    "epoch": 3.0,
    "eval_combined_score": 0.8793219640776514,
    "eval_loss": 0.5617033839225769,
    "eval_pearson": 0.8788788057877805,
    "eval_runtime": 3.8837,
    "eval_samples": 1500,
    "eval_samples_per_second": 386.231,
    "eval_spearmanr": 0.8797651223675222,
    "eval_steps_per_second": 12.102
}