{
    "epoch": 3.0,
    "eval_accuracy": 0.7767499381647291,
    "eval_combined_score": 0.7393622239195831,
    "eval_f1": 0.701974509674437,
    "eval_loss": 0.6990706324577332,
    "eval_runtime": 107.5256,
    "eval_samples": 40430,
    "eval_samples_per_second": 376.004,
    "eval_steps_per_second": 47.003
}