{
    "epoch": 3.0,
    "eval_accuracy": 0.5311760306358337,
    "eval_loss": 0.7078461647033691,
    "eval_runtime": 3.2304,
    "eval_samples": 1267,
    "eval_samples_per_second": 392.206,
    "eval_steps_per_second": 12.382
}