{
    "epoch": 3.0,
    "eval_accuracy": 0.555956678700361,
    "eval_loss": 0.6814457178115845,
    "eval_runtime": 1.6606,
    "eval_samples": 277,
    "eval_samples_per_second": 166.81,
    "eval_steps_per_second": 5.42
}