{
    "epoch": 15.0,
    "eval_gen_len": 2.994666666666667,
    "eval_loss": 1.0557371377944946,
    "eval_pearson": 85.9452,
    "eval_runtime": 20.6937,
    "eval_samples": 1500,
    "eval_samples_per_second": 72.486,
    "eval_spearmanr": 86.461,
    "eval_steps_per_second": 4.542
}