{
    "epoch": 3.0,
    "eval_accuracy": 0.91736,
    "eval_loss": 0.40195614099502563,
    "eval_runtime": 128.2559,
    "eval_samples": 25000,
    "eval_samples_per_second": 194.923,
    "eval_steps_per_second": 6.097
}