{
    "epoch": 3.0,
    "eval_accuracy": 0.467758446931839,
    "eval_loss": 1.0533565282821655,
    "eval_runtime": 5.4425,
    "eval_samples": 1954,
    "eval_samples_per_second": 359.026,
    "eval_steps_per_second": 11.392
}