{
    "epoch": 3.0,
    "eval_accuracy": 0.6452599167823792,
    "eval_loss": 0.6538586616516113,
    "eval_runtime": 35.8676,
    "eval_samples": 3270,
    "eval_samples_per_second": 91.169,
    "eval_steps_per_second": 2.872
}