{
    "epoch": 3.0,
    "eval_combined_score": 0.8664704504707065,
    "eval_loss": 0.5908392071723938,
    "eval_pearson": 0.8659227571102758,
    "eval_runtime": 3.9197,
    "eval_samples": 1500,
    "eval_samples_per_second": 382.681,
    "eval_spearmanr": 0.8670181438311372,
    "eval_steps_per_second": 47.963
}