{
    "epoch": 3.0,
    "eval_accuracy": 0.849906191369606,
    "eval_loss": 0.6687001585960388,
    "eval_runtime": 1.7463,
    "eval_samples": 1066,
    "eval_samples_per_second": 610.426,
    "eval_steps_per_second": 19.47
}