{
    "epoch": 3.0,
    "eval_combined_score": 0.8825553017854508,
    "eval_loss": 0.5823572874069214,
    "eval_pearson": 0.8821194647450633,
    "eval_runtime": 4.0386,
    "eval_samples": 1500,
    "eval_samples_per_second": 371.416,
    "eval_spearmanr": 0.8829911388258385,
    "eval_steps_per_second": 11.638
}