{
    "epoch": 3.0,
    "eval_accuracy": 0.8686679174484052,
    "eval_loss": 0.6151915192604065,
    "eval_runtime": 1.7222,
    "eval_samples": 1066,
    "eval_samples_per_second": 618.99,
    "eval_steps_per_second": 19.743
}