{
    "epoch": 20.0,
    "eval_average_metrics": 79.57062056285832,
    "eval_loss": 1.0620554685592651,
    "eval_pearson": 80.0700486690394,
    "eval_runtime": 9.7258,
    "eval_samples_per_second": 154.228,
    "eval_spearmanr": 79.07119245667727
}