{
    "epoch": 3.0,
    "eval_accuracy": 0.7737248526722211,
    "eval_loss": 0.5867989659309387,
    "eval_runtime": 26.2324,
    "eval_samples": 9842,
    "eval_samples_per_second": 375.185,
    "eval_steps_per_second": 11.741
}