{
    "epoch": 3.0,
    "eval_accuracy": 0.6100000143051147,
    "eval_loss": 0.673696756362915,
    "eval_runtime": 0.1304,
    "eval_samples": 100,
    "eval_samples_per_second": 767.082,
    "eval_steps_per_second": 30.683
}