{
    "epoch": 3.0,
    "eval_accuracy": 0.6222570538520813,
    "eval_loss": 0.9826037287712097,
    "eval_runtime": 0.7187,
    "eval_samples": 638,
    "eval_samples_per_second": 887.722,
    "eval_steps_per_second": 27.828
}