{
    "epoch": 3.0,
    "eval_accuracy": 0.3259311020374298,
    "eval_loss": 1.3859132528305054,
    "eval_runtime": 92.2538,
    "eval_samples": 10042,
    "eval_samples_per_second": 108.852,
    "eval_steps_per_second": 3.404
}