{
    "epoch": 3.0,
    "eval_accuracy": 0.8237232289950577,
    "eval_loss": 0.5741270780563354,
    "eval_runtime": 13.4691,
    "eval_samples": 5463,
    "eval_samples_per_second": 405.596,
    "eval_steps_per_second": 12.696
}