{
    "epoch": 3.0,
    "eval_accuracy": 0.31159132719039917,
    "eval_loss": 1.376530647277832,
    "eval_runtime": 91.3756,
    "eval_samples": 10042,
    "eval_samples_per_second": 109.898,
    "eval_steps_per_second": 3.436
}