{
    "epoch": 3.0,
    "eval_combined_score": 0.8801023692518476,
    "eval_loss": 0.5601853728294373,
    "eval_pearson": 0.8798133167721295,
    "eval_runtime": 4.0761,
    "eval_samples": 1500,
    "eval_samples_per_second": 367.995,
    "eval_spearmanr": 0.8803914217315657,
    "eval_steps_per_second": 11.531
}