{
    "epoch": 3.0,
    "eval_accuracy": 0.5299999713897705,
    "eval_loss": 0.6931275725364685,
    "eval_runtime": 0.1242,
    "eval_samples": 100,
    "eval_samples_per_second": 804.843,
    "eval_steps_per_second": 32.194
}