{
    "epoch": 3.0,
    "eval_accuracy": 0.83924,
    "eval_loss": 0.4244738817214966,
    "eval_runtime": 127.5501,
    "eval_samples": 25000,
    "eval_samples_per_second": 196.001,
    "eval_steps_per_second": 6.131
}