{
    "epoch": 3.0,
    "eval_accuracy": 0.3252931237220764,
    "eval_loss": 1.3467097282409668,
    "eval_runtime": 42.3724,
    "eval_samples": 2985,
    "eval_samples_per_second": 70.447,
    "eval_steps_per_second": 2.218
}