{
    "epoch": 3.0,
    "eval_accuracy": 0.32916666666666666,
    "eval_loss": 1.1173110008239746,
    "eval_runtime": 3.8906,
    "eval_samples": 1200,
    "eval_samples_per_second": 308.439,
    "eval_steps_per_second": 9.767
}