{
    "epoch": 3.0,
    "eval_accuracy": 0.838733296723412,
    "eval_loss": 0.7170727252960205,
    "eval_runtime": 15.1816,
    "eval_samples": 5463,
    "eval_samples_per_second": 359.843,
    "eval_steps_per_second": 44.989
}