{
    "epoch": 3.0,
    "eval_accuracy": 0.4140225052833557,
    "eval_loss": 1.0984338521957397,
    "eval_runtime": 5.6468,
    "eval_samples": 1954,
    "eval_samples_per_second": 346.037,
    "eval_steps_per_second": 10.98
}