{
    "epoch": 3.0,
    "eval_accuracy": 0.6700000166893005,
    "eval_loss": 0.597775399684906,
    "eval_runtime": 0.1938,
    "eval_samples": 100,
    "eval_samples_per_second": 516.048,
    "eval_steps_per_second": 20.642
}