{
    "epoch": 3.0,
    "eval_accuracy": 0.800000011920929,
    "eval_loss": 0.45578330755233765,
    "eval_runtime": 0.1259,
    "eval_samples": 100,
    "eval_samples_per_second": 794.442,
    "eval_steps_per_second": 31.778
}