{
    "epoch": 3.0,
    "eval_accuracy": 0.4909234344959259,
    "eval_loss": 0.7018486261367798,
    "eval_runtime": 1.7367,
    "eval_samples": 1267,
    "eval_samples_per_second": 729.527,
    "eval_steps_per_second": 23.032
}