{
    "epoch": 3.0,
    "eval_accuracy": 0.6120783686637878,
    "eval_loss": 0.6643432974815369,
    "eval_runtime": 7.8036,
    "eval_samples": 1838,
    "eval_samples_per_second": 235.533,
    "eval_steps_per_second": 7.432
}