{
    "epoch": 3.0,
    "eval_accuracy": 0.2550288736820221,
    "eval_loss": 1.3917593955993652,
    "eval_runtime": 43.7471,
    "eval_samples": 10042,
    "eval_samples_per_second": 229.547,
    "eval_steps_per_second": 7.178
}