{
    "epoch": 3.0,
    "eval_accuracy": 0.6346153616905212,
    "eval_loss": 0.6755162477493286,
    "eval_runtime": 0.2688,
    "eval_samples": 104,
    "eval_samples_per_second": 386.949,
    "eval_steps_per_second": 14.883
}