{
    "epoch": 3.0,
    "eval_accuracy": 0.6346153616905212,
    "eval_loss": 0.6757857799530029,
    "eval_runtime": 0.257,
    "eval_samples": 104,
    "eval_samples_per_second": 404.682,
    "eval_steps_per_second": 15.565
}