{
    "epoch": 3.0,
    "eval_accuracy": 0.8504901960784313,
    "eval_combined_score": 0.8725680686782484,
    "eval_f1": 0.8946459412780656,
    "eval_loss": 0.7611606121063232,
    "eval_runtime": 1.0656,
    "eval_samples": 408,
    "eval_samples_per_second": 382.874,
    "eval_steps_per_second": 12.199
}