{
    "epoch": 3.0,
    "eval_accuracy": 0.5877742767333984,
    "eval_loss": 0.7025629878044128,
    "eval_runtime": 0.7007,
    "eval_samples": 638,
    "eval_samples_per_second": 910.565,
    "eval_steps_per_second": 28.544
}