{
    "epoch": 3.0,
    "eval_accuracy": 0.7975760573831313,
    "eval_combined_score": 0.7642801067929397,
    "eval_f1": 0.730984156202748,
    "eval_loss": 0.6898972988128662,
    "eval_runtime": 107.5143,
    "eval_samples": 40430,
    "eval_samples_per_second": 376.043,
    "eval_steps_per_second": 47.008
}