{
    "epoch": 3.0,
    "eval_accuracy": 0.49802684783935547,
    "eval_loss": 0.6931509375572205,
    "eval_runtime": 1.8699,
    "eval_samples": 1267,
    "eval_samples_per_second": 677.565,
    "eval_steps_per_second": 21.391
}