{
    "epoch": 3.0,
    "eval_accuracy": 0.848968105065666,
    "eval_loss": 0.7171205282211304,
    "eval_runtime": 0.5297,
    "eval_samples": 1066,
    "eval_samples_per_second": 2012.481,
    "eval_steps_per_second": 64.188
}