{
    "epoch": 15.0,
    "eval_gen_len": 2.9873333333333334,
    "eval_loss": 1.2906373739242554,
    "eval_pearson": 82.0653,
    "eval_runtime": 2.3612,
    "eval_samples": 1500,
    "eval_samples_per_second": 635.282,
    "eval_spearmanr": 81.4458,
    "eval_steps_per_second": 10.165
}