{
    "epoch": 3.0,
    "eval_accuracy": 0.5311760306358337,
    "eval_loss": 0.696027398109436,
    "eval_runtime": 1.7284,
    "eval_samples": 1267,
    "eval_samples_per_second": 733.05,
    "eval_steps_per_second": 23.143
}