{
    "epoch": 3.0,
    "eval_accuracy": 0.8424015009380863,
    "eval_loss": 0.647917628288269,
    "eval_runtime": 1.8574,
    "eval_samples": 1066,
    "eval_samples_per_second": 573.924,
    "eval_steps_per_second": 18.305
}