{
    "epoch": 3.0,
    "eval_accuracy": 0.9164110429447853,
    "eval_loss": 0.45088908076286316,
    "eval_runtime": 2.1669,
    "eval_samples": 1304,
    "eval_samples_per_second": 601.788,
    "eval_steps_per_second": 18.921
}