{
    "epoch": 3.0,
    "eval_accuracy": 0.7244648337364197,
    "eval_loss": 1.3134759664535522,
    "eval_runtime": 26.0171,
    "eval_samples": 3270,
    "eval_samples_per_second": 125.686,
    "eval_steps_per_second": 3.959
}