{
    "epoch": 3.0,
    "eval_accuracy": 0.8299999833106995,
    "eval_loss": 0.48274117708206177,
    "eval_runtime": 0.1321,
    "eval_samples": 100,
    "eval_samples_per_second": 757.264,
    "eval_steps_per_second": 30.291
}