{
    "epoch": 3.0,
    "eval_accuracy": 0.7867472084935018,
    "eval_loss": 0.6625465154647827,
    "eval_runtime": 14.5904,
    "eval_samples": 5463,
    "eval_samples_per_second": 374.425,
    "eval_steps_per_second": 11.72
}