{
    "epoch": 3.0,
    "eval_accuracy": 0.40151363611221313,
    "eval_loss": 1.3835957050323486,
    "eval_runtime": 92.0766,
    "eval_samples": 10042,
    "eval_samples_per_second": 109.061,
    "eval_steps_per_second": 3.41
}