{
    "epoch": 3.0,
    "eval_accuracy": 0.30333333333333334,
    "eval_loss": 1.2016140222549438,
    "eval_runtime": 4.2217,
    "eval_samples": 1200,
    "eval_samples_per_second": 284.242,
    "eval_steps_per_second": 9.001
}