{
    "epoch": 3.0,
    "eval_combined_score": 0.8755175414185885,
    "eval_loss": 0.5934165716171265,
    "eval_pearson": 0.8759160259494043,
    "eval_runtime": 4.4884,
    "eval_samples": 1500,
    "eval_samples_per_second": 334.197,
    "eval_spearmanr": 0.8751190568877727,
    "eval_steps_per_second": 10.472
}