{
    "epoch": 3.0,
    "eval_combined_score": 0.8764135561314567,
    "eval_loss": 0.5634307265281677,
    "eval_pearson": 0.8761713158818227,
    "eval_runtime": 3.8175,
    "eval_samples": 1500,
    "eval_samples_per_second": 392.922,
    "eval_spearmanr": 0.8766557963810906,
    "eval_steps_per_second": 12.312
}