{
    "epoch": 3.0,
    "eval_accuracy": 0.6081504821777344,
    "eval_loss": 1.1270556449890137,
    "eval_runtime": 0.6947,
    "eval_samples": 638,
    "eval_samples_per_second": 918.329,
    "eval_steps_per_second": 28.788
}