{
    "epoch": 3.0,
    "eval_accuracy": 0.814419985159535,
    "eval_combined_score": 0.7838743579017913,
    "eval_f1": 0.7533287306440477,
    "eval_loss": 0.8480642437934875,
    "eval_runtime": 107.6547,
    "eval_samples": 40430,
    "eval_samples_per_second": 375.553,
    "eval_steps_per_second": 46.946
}