{
    "epoch": 3.0,
    "eval_accuracy": 0.7721032399780341,
    "eval_loss": 0.6294816732406616,
    "eval_runtime": 14.5834,
    "eval_samples": 5463,
    "eval_samples_per_second": 374.603,
    "eval_steps_per_second": 11.726
}