{
    "epoch": 3.0,
    "eval_accuracy": 0.3333333333333333,
    "eval_loss": 1.107083797454834,
    "eval_runtime": 4.1103,
    "eval_samples": 1200,
    "eval_samples_per_second": 291.952,
    "eval_steps_per_second": 9.245
}