{
    "epoch": 3.0,
    "eval_accuracy": 0.6964285969734192,
    "eval_loss": 0.9613553285598755,
    "eval_runtime": 0.1408,
    "eval_samples": 56,
    "eval_samples_per_second": 397.657,
    "eval_steps_per_second": 14.202
}