{
    "epoch": 3.0,
    "eval_accuracy": 0.9107142686843872,
    "eval_loss": 0.40815281867980957,
    "eval_runtime": 0.1379,
    "eval_samples": 56,
    "eval_samples_per_second": 406.17,
    "eval_steps_per_second": 14.506
}