{
    "epoch": 3.0,
    "eval_accuracy": 0.32916666666666666,
    "eval_loss": 1.1175200939178467,
    "eval_runtime": 3.8615,
    "eval_samples": 1200,
    "eval_samples_per_second": 310.757,
    "eval_steps_per_second": 9.841
}