{
    "epoch": 3.0,
    "eval_accuracy": 0.8164012447373238,
    "eval_loss": 0.5057116150856018,
    "eval_runtime": 13.7951,
    "eval_samples": 5463,
    "eval_samples_per_second": 396.009,
    "eval_steps_per_second": 12.396
}