{
    "epoch": 10.0,
    "eval_gen_len": 2.9966666666666666,
    "eval_loss": 1.4396802186965942,
    "eval_pearson": 81.7591,
    "eval_runtime": 4.0595,
    "eval_samples": 1500,
    "eval_samples_per_second": 369.504,
    "eval_spearmanr": 82.0043,
    "eval_steps_per_second": 5.912
}