{
    "epoch": 3.0,
    "eval_accuracy": 0.7200000286102295,
    "eval_loss": 0.6049291491508484,
    "eval_runtime": 0.133,
    "eval_samples": 100,
    "eval_samples_per_second": 751.89,
    "eval_steps_per_second": 30.076
}