{
    "epoch": 3.0,
    "eval_accuracy": 0.49960535764694214,
    "eval_loss": 0.6931464076042175,
    "eval_runtime": 1.9169,
    "eval_samples": 1267,
    "eval_samples_per_second": 660.975,
    "eval_steps_per_second": 20.867
}