{
    "epoch": 3.0,
    "eval_accuracy": 0.5321000814437866,
    "eval_loss": 0.6931183934211731,
    "eval_runtime": 8.4631,
    "eval_samples": 1838,
    "eval_samples_per_second": 217.178,
    "eval_steps_per_second": 6.853
}