{
    "epoch": 3.0,
    "eval_accuracy": 0.8343558282208589,
    "eval_loss": 0.5906704664230347,
    "eval_runtime": 2.1331,
    "eval_samples": 1304,
    "eval_samples_per_second": 611.318,
    "eval_steps_per_second": 19.221
}