{
    "epoch": 3.0,
    "eval_accuracy": 0.703971119133574,
    "eval_loss": 0.7541988492012024,
    "eval_runtime": 1.677,
    "eval_samples": 277,
    "eval_samples_per_second": 165.177,
    "eval_steps_per_second": 5.367
}