{
    "epoch": 20.0,
    "eval_average_metrics": 26.93088357682265,
    "eval_loss": 1.1664562225341797,
    "eval_pearson": 29.166232926401157,
    "eval_runtime": 7.8065,
    "eval_samples_per_second": 192.148,
    "eval_spearmanr": 24.695534227244146
}