{
    "epoch": 3.0,
    "eval_accuracy": 0.7867647058823529,
    "eval_combined_score": 0.8192767311353844,
    "eval_f1": 0.8517887563884157,
    "eval_loss": 0.5192081332206726,
    "eval_runtime": 1.0684,
    "eval_samples": 408,
    "eval_samples_per_second": 381.88,
    "eval_steps_per_second": 47.735
}