{
    "epoch": 3.0,
    "eval_combined_score": 0.8900079263727378,
    "eval_loss": 0.5054535865783691,
    "eval_pearson": 0.8906717593631066,
    "eval_runtime": 4.1237,
    "eval_samples": 1500,
    "eval_samples_per_second": 363.748,
    "eval_spearmanr": 0.889344093382369,
    "eval_steps_per_second": 45.59
}