{
    "epoch": 15.0,
    "eval_gen_len": 2.998666666666667,
    "eval_loss": 1.167094349861145,
    "eval_pearson": 78.3115,
    "eval_runtime": 21.5261,
    "eval_samples": 1500,
    "eval_samples_per_second": 69.683,
    "eval_spearmanr": 80.6951,
    "eval_steps_per_second": 4.367
}