{
    "epoch": 15.0,
    "eval_gen_len": 2.997333333333333,
    "eval_loss": 1.2558059692382812,
    "eval_pearson": 81.7769,
    "eval_runtime": 2.3309,
    "eval_samples": 1500,
    "eval_samples_per_second": 643.542,
    "eval_spearmanr": 81.1383,
    "eval_steps_per_second": 10.297
}