{
    "epoch": 3.0,
    "eval_accuracy": 0.7913234486545854,
    "eval_loss": 0.6152212619781494,
    "eval_runtime": 13.5235,
    "eval_samples": 5463,
    "eval_samples_per_second": 403.963,
    "eval_steps_per_second": 12.645
}