{
    "epoch": 3.0,
    "eval_accuracy": 0.821078431372549,
    "eval_combined_score": 0.8461653179790434,
    "eval_f1": 0.8712522045855379,
    "eval_loss": 0.8923616409301758,
    "eval_runtime": 1.0033,
    "eval_samples": 408,
    "eval_samples_per_second": 406.678,
    "eval_steps_per_second": 12.958
}