{
    "epoch": 3.0,
    "eval_accuracy": 0.4385259747505188,
    "eval_loss": 1.3010293245315552,
    "eval_runtime": 36.5272,
    "eval_samples": 2985,
    "eval_samples_per_second": 81.72,
    "eval_steps_per_second": 2.573
}