{
    "epoch": 3.0,
    "eval_accuracy": 0.2693467438220978,
    "eval_loss": 1.3766491413116455,
    "eval_runtime": 36.6904,
    "eval_samples": 2985,
    "eval_samples_per_second": 81.356,
    "eval_steps_per_second": 2.562
}