{
    "epoch": 3.0,
    "eval_accuracy": 0.28380799293518066,
    "eval_loss": 1.3855417966842651,
    "eval_runtime": 147.1917,
    "eval_samples": 10042,
    "eval_samples_per_second": 68.224,
    "eval_steps_per_second": 2.133
}