{
    "epoch": 3.0,
    "eval_accuracy": 0.811847637892654,
    "eval_combined_score": 0.7864559042558725,
    "eval_f1": 0.7610641706190909,
    "eval_loss": 0.9616737365722656,
    "eval_runtime": 107.2924,
    "eval_samples": 40430,
    "eval_samples_per_second": 376.821,
    "eval_steps_per_second": 47.105
}