{
    "epoch": 3.0,
    "eval_accuracy": 0.5494791865348816,
    "eval_loss": 0.6882645487785339,
    "eval_runtime": 1.3798,
    "eval_samples": 384,
    "eval_samples_per_second": 278.291,
    "eval_steps_per_second": 8.697
}