{
    "epoch": 15.0,
    "eval_gen_len": 2.9833333333333334,
    "eval_loss": 1.2994163036346436,
    "eval_pearson": 82.3344,
    "eval_runtime": 2.5254,
    "eval_samples": 1500,
    "eval_samples_per_second": 593.957,
    "eval_spearmanr": 82.0297,
    "eval_steps_per_second": 9.503
}