{
    "epoch": 3.0,
    "eval_accuracy": 0.48311156034469604,
    "eval_loss": 1.0586721897125244,
    "eval_runtime": 5.7471,
    "eval_samples": 1954,
    "eval_samples_per_second": 340.0,
    "eval_steps_per_second": 10.788
}