{
    "epoch": 3.0,
    "eval_accuracy": 0.8110928061504667,
    "eval_loss": 0.5232188105583191,
    "eval_runtime": 13.5961,
    "eval_samples": 5463,
    "eval_samples_per_second": 401.807,
    "eval_steps_per_second": 12.577
}