{
    "epoch": 3.0,
    "eval_accuracy": 0.319597989320755,
    "eval_loss": 1.361476182937622,
    "eval_runtime": 36.5125,
    "eval_samples": 2985,
    "eval_samples_per_second": 81.753,
    "eval_steps_per_second": 2.574
}