{
    "epoch": 3.0,
    "eval_accuracy": 0.34534952044487,
    "eval_loss": 1.3573716878890991,
    "eval_runtime": 147.171,
    "eval_samples": 10042,
    "eval_samples_per_second": 68.234,
    "eval_steps_per_second": 2.134
}