{
    "epoch": 3.0,
    "eval_accuracy": 0.7300000190734863,
    "eval_loss": 0.5358477234840393,
    "eval_runtime": 0.1258,
    "eval_samples": 100,
    "eval_samples_per_second": 794.83,
    "eval_steps_per_second": 31.793
}