{
    "epoch": 3.0,
    "eval_accuracy": 0.4099999964237213,
    "eval_loss": 0.694199800491333,
    "eval_runtime": 0.1279,
    "eval_samples": 100,
    "eval_samples_per_second": 782.079,
    "eval_steps_per_second": 31.283
}