{
    "epoch": 3.0,
    "eval_accuracy": 0.5248618721961975,
    "eval_loss": 0.701735258102417,
    "eval_runtime": 3.2199,
    "eval_samples": 1267,
    "eval_samples_per_second": 393.489,
    "eval_steps_per_second": 12.423
}