{
    "epoch": 20.0,
    "eval_average_metrics": 78.65226479338995,
    "eval_loss": 1.0021802186965942,
    "eval_pearson": 79.29884197313713,
    "eval_runtime": 7.7748,
    "eval_samples_per_second": 192.932,
    "eval_spearmanr": 78.00568761364276
}