{
    "epoch": 3.0,
    "eval_accuracy": 0.5776173285198556,
    "eval_loss": 0.732918381690979,
    "eval_runtime": 1.6703,
    "eval_samples": 277,
    "eval_samples_per_second": 165.837,
    "eval_steps_per_second": 5.388
}