{
    "epoch": 3.0,
    "eval_accuracy": 0.9139599800109863,
    "eval_loss": 0.4035179018974304,
    "eval_runtime": 128.8925,
    "eval_samples": 25000,
    "eval_samples_per_second": 193.96,
    "eval_steps_per_second": 6.067
}