{
    "epoch": 3.0,
    "eval_combined_score": 0.8686714134568689,
    "eval_loss": 0.6259050369262695,
    "eval_pearson": 0.8695799459145073,
    "eval_runtime": 4.3096,
    "eval_samples": 1500,
    "eval_samples_per_second": 348.061,
    "eval_spearmanr": 0.8677628809992305,
    "eval_steps_per_second": 10.906
}