{
    "epoch": 3.0,
    "eval_accuracy": 0.8187808896210873,
    "eval_loss": 0.6454222202301025,
    "eval_runtime": 13.6747,
    "eval_samples": 5463,
    "eval_samples_per_second": 399.498,
    "eval_steps_per_second": 12.505
}