{
    "epoch": 3.0,
    "eval_accuracy": 0.2490539699792862,
    "eval_loss": 1.3951284885406494,
    "eval_runtime": 40.6838,
    "eval_samples": 10042,
    "eval_samples_per_second": 246.83,
    "eval_steps_per_second": 7.718
}