{
    "epoch": 3.0,
    "eval_accuracy": 0.5579937100410461,
    "eval_loss": 0.748436689376831,
    "eval_runtime": 0.6961,
    "eval_samples": 638,
    "eval_samples_per_second": 916.49,
    "eval_steps_per_second": 28.73
}