{
    "epoch": 3.0,
    "eval_accuracy": 0.912559986114502,
    "eval_loss": 0.4023962616920471,
    "eval_runtime": 129.8981,
    "eval_samples": 25000,
    "eval_samples_per_second": 192.459,
    "eval_steps_per_second": 6.02
}