{
    "epoch": 15.0,
    "eval_gen_len": 2.998666666666667,
    "eval_loss": 1.2713890075683594,
    "eval_pearson": 78.176,
    "eval_runtime": 3.0851,
    "eval_samples": 1500,
    "eval_samples_per_second": 486.214,
    "eval_spearmanr": 77.7991,
    "eval_steps_per_second": 7.779
}