{
    "epoch": 3.0,
    "eval_accuracy": 0.6658199552936395,
    "eval_loss": 0.7988671064376831,
    "eval_runtime": 26.5419,
    "eval_samples": 9842,
    "eval_samples_per_second": 370.81,
    "eval_steps_per_second": 46.379
}