{
    "epoch": 3.0,
    "eval_accuracy": 0.8980061349693251,
    "eval_loss": 0.5177656412124634,
    "eval_runtime": 2.2095,
    "eval_samples": 1304,
    "eval_samples_per_second": 590.172,
    "eval_steps_per_second": 18.556
}