{
    "epoch": 3.0,
    "eval_accuracy": 0.8677298311444653,
    "eval_loss": 0.6544499397277832,
    "eval_runtime": 1.7133,
    "eval_samples": 1066,
    "eval_samples_per_second": 622.182,
    "eval_steps_per_second": 19.844
}