{
    "epoch": 3.0,
    "eval_accuracy": 0.8639774859287055,
    "eval_loss": 0.5442751049995422,
    "eval_runtime": 0.5317,
    "eval_samples": 1066,
    "eval_samples_per_second": 2005.007,
    "eval_steps_per_second": 63.95
}