{
    "epoch": 3.0,
    "eval_accuracy": 0.4181166887283325,
    "eval_loss": 1.0936261415481567,
    "eval_runtime": 5.498,
    "eval_samples": 1954,
    "eval_samples_per_second": 355.404,
    "eval_steps_per_second": 11.277
}