{
    "epoch": 3.0,
    "eval_accuracy": 0.4947916567325592,
    "eval_loss": 0.6931471824645996,
    "eval_runtime": 1.2539,
    "eval_samples": 384,
    "eval_samples_per_second": 306.244,
    "eval_steps_per_second": 9.57
}