{
    "epoch": 3.0,
    "eval_accuracy": 0.8284313725490197,
    "eval_combined_score": 0.8558823529411765,
    "eval_f1": 0.8833333333333333,
    "eval_loss": 0.7848512530326843,
    "eval_runtime": 1.1766,
    "eval_samples": 408,
    "eval_samples_per_second": 346.752,
    "eval_steps_per_second": 11.048
}