{
    "epoch": 3.0,
    "eval_accuracy": 0.517911970615387,
    "eval_loss": 1.0344336032867432,
    "eval_runtime": 5.6153,
    "eval_samples": 1954,
    "eval_samples_per_second": 347.977,
    "eval_steps_per_second": 11.041
}