{
    "epoch": 3.0,
    "eval_accuracy": 0.8548416620904266,
    "eval_loss": 0.6840292811393738,
    "eval_runtime": 13.5409,
    "eval_samples": 5463,
    "eval_samples_per_second": 403.445,
    "eval_steps_per_second": 12.628
}