{
    "epoch": 3.0,
    "eval_accuracy": 0.7973989026620606,
    "eval_loss": 0.6208494901657104,
    "eval_runtime": 24.8603,
    "eval_samples": 9842,
    "eval_samples_per_second": 395.893,
    "eval_steps_per_second": 12.389
}