{
    "epoch": 3.0,
    "eval_accuracy": 0.5353645086288452,
    "eval_loss": 0.6904287338256836,
    "eval_runtime": 7.8082,
    "eval_samples": 1838,
    "eval_samples_per_second": 235.393,
    "eval_steps_per_second": 7.428
}