{
    "epoch": 3.0,
    "eval_accuracy": 0.8014705882352942,
    "eval_combined_score": 0.8319746829122141,
    "eval_f1": 0.8624787775891342,
    "eval_loss": 0.5889567136764526,
    "eval_runtime": 1.168,
    "eval_samples": 408,
    "eval_samples_per_second": 349.302,
    "eval_steps_per_second": 43.663
}