{
    "epoch": 3.0,
    "eval_accuracy": 0.7142857313156128,
    "eval_loss": 0.8161779046058655,
    "eval_runtime": 0.2592,
    "eval_samples": 56,
    "eval_samples_per_second": 216.023,
    "eval_steps_per_second": 7.715
}