{
    "epoch": 15.0,
    "eval_gen_len": 2.998666666666667,
    "eval_loss": 1.0142465829849243,
    "eval_pearson": 86.4394,
    "eval_runtime": 5.7678,
    "eval_samples": 1500,
    "eval_samples_per_second": 260.066,
    "eval_spearmanr": 86.215,
    "eval_steps_per_second": 8.149
}