{
    "epoch": 3.0,
    "eval_accuracy": 0.5854657292366028,
    "eval_loss": 1.017133116722107,
    "eval_runtime": 5.416,
    "eval_samples": 1954,
    "eval_samples_per_second": 360.785,
    "eval_steps_per_second": 11.448
}