{
    "epoch": 3.0,
    "eval_accuracy": 0.6409785747528076,
    "eval_loss": 0.6827945709228516,
    "eval_runtime": 36.0434,
    "eval_samples": 3270,
    "eval_samples_per_second": 90.724,
    "eval_steps_per_second": 2.858
}