{
    "epoch": 3.0,
    "eval_accuracy": 0.6823104693140795,
    "eval_loss": 0.8718643188476562,
    "eval_runtime": 1.7551,
    "eval_samples": 277,
    "eval_samples_per_second": 157.827,
    "eval_steps_per_second": 5.128
}