{
    "epoch": 3.0,
    "eval_accuracy": 0.4729241877256318,
    "eval_loss": 0.6939257383346558,
    "eval_runtime": 1.783,
    "eval_samples": 277,
    "eval_samples_per_second": 155.353,
    "eval_steps_per_second": 5.048
}