{
    "epoch": 3.0,
    "eval_accuracy": 0.90708,
    "eval_loss": 0.4400194585323334,
    "eval_runtime": 131.7733,
    "eval_samples": 25000,
    "eval_samples_per_second": 189.72,
    "eval_steps_per_second": 5.934
}