{
    "epoch": 3.0,
    "eval_accuracy": 0.8928571343421936,
    "eval_loss": 0.4181188642978668,
    "eval_runtime": 0.1402,
    "eval_samples": 56,
    "eval_samples_per_second": 399.298,
    "eval_steps_per_second": 14.261
}