{
    "epoch": 3.0,
    "eval_combined_score": 0.8558877761163926,
    "eval_loss": 0.6232845783233643,
    "eval_pearson": 0.8551474315769132,
    "eval_runtime": 4.002,
    "eval_samples": 1500,
    "eval_samples_per_second": 374.812,
    "eval_spearmanr": 0.8566281206558719,
    "eval_steps_per_second": 46.976
}