{
    "epoch": 3.0,
    "eval_accuracy": 0.8214285969734192,
    "eval_loss": 0.6537965536117554,
    "eval_runtime": 0.1735,
    "eval_samples": 56,
    "eval_samples_per_second": 322.759,
    "eval_steps_per_second": 11.527
}