{
    "epoch": 3.0,
    "eval_combined_score": 0.8760854433270987,
    "eval_loss": 0.5607063174247742,
    "eval_pearson": 0.8753599834046378,
    "eval_runtime": 4.0061,
    "eval_samples": 1500,
    "eval_samples_per_second": 374.431,
    "eval_spearmanr": 0.8768109032495596,
    "eval_steps_per_second": 11.732
}