{
    "epoch": 3.0,
    "eval_combined_score": 0.8690306181332017,
    "eval_loss": 0.5856077671051025,
    "eval_pearson": 0.8678072005253039,
    "eval_runtime": 4.0099,
    "eval_samples": 1500,
    "eval_samples_per_second": 374.076,
    "eval_spearmanr": 0.8702540357410996,
    "eval_steps_per_second": 11.721
}