{
    "epoch": 3.0,
    "eval_accuracy": 0.5182291865348816,
    "eval_loss": 0.6933622360229492,
    "eval_runtime": 1.3978,
    "eval_samples": 384,
    "eval_samples_per_second": 274.72,
    "eval_steps_per_second": 8.585
}