{
    "epoch": 3.0,
    "eval_accuracy": 0.5415162454873647,
    "eval_loss": 0.6877037882804871,
    "eval_runtime": 1.815,
    "eval_samples": 277,
    "eval_samples_per_second": 152.62,
    "eval_steps_per_second": 4.959
}