{
    "epoch": 3.0,
    "eval_accuracy": 0.6269592642784119,
    "eval_loss": 1.157342791557312,
    "eval_runtime": 0.6908,
    "eval_samples": 638,
    "eval_samples_per_second": 923.533,
    "eval_steps_per_second": 28.951
}