{
    "epoch": 3.0,
    "eval_accuracy": 0.8137254901960784,
    "eval_combined_score": 0.8413455037187288,
    "eval_f1": 0.8689655172413793,
    "eval_loss": 0.5147860646247864,
    "eval_runtime": 1.1627,
    "eval_samples": 408,
    "eval_samples_per_second": 350.915,
    "eval_steps_per_second": 11.181
}