{
    "epoch": 3.0,
    "eval_accuracy": 0.4917127192020416,
    "eval_loss": 0.6931478977203369,
    "eval_runtime": 1.9062,
    "eval_samples": 1267,
    "eval_samples_per_second": 664.67,
    "eval_steps_per_second": 20.984
}