{
    "epoch": 3.0,
    "eval_accuracy": 0.37333333333333335,
    "eval_loss": 1.101325511932373,
    "eval_runtime": 3.8549,
    "eval_samples": 1200,
    "eval_samples_per_second": 311.289,
    "eval_steps_per_second": 9.857
}