{
    "epoch": 3.0,
    "eval_accuracy": 0.7200000286102295,
    "eval_loss": 0.6252152323722839,
    "eval_runtime": 0.1309,
    "eval_samples": 100,
    "eval_samples_per_second": 763.952,
    "eval_steps_per_second": 30.558
}