{
    "epoch": 3.0,
    "eval_accuracy": 0.8233082706766918,
    "eval_loss": 0.7019053101539612,
    "eval_runtime": 24.2177,
    "eval_samples": 9842,
    "eval_samples_per_second": 406.398,
    "eval_steps_per_second": 12.718
}