{
    "epoch": 3.0,
    "eval_accuracy": 0.5517241358757019,
    "eval_loss": 0.9108812212944031,
    "eval_runtime": 0.6847,
    "eval_samples": 638,
    "eval_samples_per_second": 931.74,
    "eval_steps_per_second": 29.208
}