{
    "epoch": 3.0,
    "eval_accuracy": 0.5815047025680542,
    "eval_loss": 0.9107754230499268,
    "eval_runtime": 0.6925,
    "eval_samples": 638,
    "eval_samples_per_second": 921.242,
    "eval_steps_per_second": 28.879
}