{
    "epoch": 3.0,
    "eval_accuracy": 0.6346153616905212,
    "eval_loss": 0.6759865880012512,
    "eval_runtime": 0.2971,
    "eval_samples": 104,
    "eval_samples_per_second": 350.055,
    "eval_steps_per_second": 13.464
}