{
    "epoch": 3.0,
    "eval_accuracy": 0.5899999737739563,
    "eval_loss": 0.6822586059570312,
    "eval_runtime": 0.127,
    "eval_samples": 100,
    "eval_samples_per_second": 787.392,
    "eval_steps_per_second": 31.496
}