{
    "epoch": 3.0,
    "eval_accuracy": 0.5306859205776173,
    "eval_loss": 0.7572597861289978,
    "eval_runtime": 1.8253,
    "eval_samples": 277,
    "eval_samples_per_second": 151.758,
    "eval_steps_per_second": 4.931
}