{
    "epoch": 3.0,
    "eval_accuracy": 0.7099999785423279,
    "eval_loss": 0.6044658422470093,
    "eval_runtime": 0.1269,
    "eval_samples": 100,
    "eval_samples_per_second": 788.323,
    "eval_steps_per_second": 31.533
}