{
    "epoch": 3.0,
    "eval_accuracy": 0.4083930253982544,
    "eval_loss": 1.0985729694366455,
    "eval_runtime": 6.069,
    "eval_samples": 1954,
    "eval_samples_per_second": 321.966,
    "eval_steps_per_second": 10.216
}