{
    "epoch": 3.0,
    "eval_accuracy": 0.32916666666666666,
    "eval_loss": 1.1556740999221802,
    "eval_runtime": 3.9387,
    "eval_samples": 1200,
    "eval_samples_per_second": 304.672,
    "eval_steps_per_second": 9.648
}