{
    "epoch": 3.0,
    "eval_accuracy": 0.4837521016597748,
    "eval_loss": 1.3680742979049683,
    "eval_runtime": 37.4971,
    "eval_samples": 2985,
    "eval_samples_per_second": 79.606,
    "eval_steps_per_second": 2.507
}