{
    "epoch": 15.0,
    "eval_gen_len": 2.990666666666667,
    "eval_loss": 1.3210196495056152,
    "eval_pearson": 84.3889,
    "eval_runtime": 2.5353,
    "eval_samples": 1500,
    "eval_samples_per_second": 591.638,
    "eval_spearmanr": 84.0068,
    "eval_steps_per_second": 9.466
}