{
    "epoch": 3.0,
    "eval_accuracy": 0.628158844765343,
    "eval_loss": 0.7271304130554199,
    "eval_runtime": 1.7384,
    "eval_samples": 277,
    "eval_samples_per_second": 159.341,
    "eval_steps_per_second": 5.177
}