{
    "epoch": 3.0,
    "eval_accuracy": 0.8529411764705882,
    "eval_combined_score": 0.8743872549019608,
    "eval_f1": 0.8958333333333334,
    "eval_loss": 0.6632060408592224,
    "eval_runtime": 1.1907,
    "eval_samples": 408,
    "eval_samples_per_second": 342.649,
    "eval_steps_per_second": 10.918
}