{
    "epoch": 3.0,
    "eval_accuracy": 0.8780674846625767,
    "eval_loss": 0.6100941300392151,
    "eval_runtime": 2.1126,
    "eval_samples": 1304,
    "eval_samples_per_second": 617.25,
    "eval_steps_per_second": 19.407
}