{
    "epoch": 3.0,
    "eval_accuracy": 0.6191222667694092,
    "eval_loss": 1.31182861328125,
    "eval_runtime": 0.7019,
    "eval_samples": 638,
    "eval_samples_per_second": 908.986,
    "eval_steps_per_second": 28.495
}