{
    "epoch": 3.0,
    "eval_accuracy": 0.6220183372497559,
    "eval_loss": 0.6773831844329834,
    "eval_runtime": 25.7995,
    "eval_samples": 3270,
    "eval_samples_per_second": 126.747,
    "eval_steps_per_second": 3.992
}