{
    "epoch": 3.0,
    "eval_accuracy": 0.8571428656578064,
    "eval_loss": 0.5528647303581238,
    "eval_runtime": 0.1383,
    "eval_samples": 56,
    "eval_samples_per_second": 405.06,
    "eval_steps_per_second": 14.466
}