{
    "epoch": 5.0,
    "eval_gen_len": 2.9993333333333334,
    "eval_loss": 0.9708248972892761,
    "eval_pearson": 85.9819,
    "eval_runtime": 11.4955,
    "eval_samples": 1500,
    "eval_samples_per_second": 130.486,
    "eval_spearmanr": 86.8568,
    "eval_steps_per_second": 4.089
}