{
    "epoch": 3.0,
    "eval_accuracy": 0.6862745098039216,
    "eval_combined_score": 0.7498427942605613,
    "eval_f1": 0.8134110787172011,
    "eval_loss": 0.614865243434906,
    "eval_runtime": 1.0884,
    "eval_samples": 408,
    "eval_samples_per_second": 374.872,
    "eval_steps_per_second": 46.859
}