{
    "epoch": 15.0,
    "eval_gen_len": 2.993333333333333,
    "eval_loss": 1.2601041793823242,
    "eval_pearson": 79.5453,
    "eval_runtime": 2.6722,
    "eval_samples": 1500,
    "eval_samples_per_second": 561.333,
    "eval_spearmanr": 79.4667,
    "eval_steps_per_second": 8.981
}