{
    "epoch": 10.0,
    "eval_gen_len": 2.994666666666667,
    "eval_loss": 1.4316062927246094,
    "eval_pearson": 84.6613,
    "eval_runtime": 4.3745,
    "eval_samples": 1500,
    "eval_samples_per_second": 342.897,
    "eval_spearmanr": 84.4603,
    "eval_steps_per_second": 5.486
}