{
    "epoch": 15.0,
    "eval_gen_len": 2.9953333333333334,
    "eval_loss": 1.2651969194412231,
    "eval_pearson": 79.0554,
    "eval_runtime": 2.6782,
    "eval_samples": 1500,
    "eval_samples_per_second": 560.076,
    "eval_spearmanr": 78.741,
    "eval_steps_per_second": 8.961
}