{
    "epoch": 3.0,
    "eval_accuracy": 0.5914037227630615,
    "eval_loss": 0.6881131529808044,
    "eval_runtime": 8.615,
    "eval_samples": 1838,
    "eval_samples_per_second": 213.348,
    "eval_steps_per_second": 6.732
}