{
    "epoch": 3.0,
    "eval_accuracy": 0.5729166865348816,
    "eval_loss": 0.683724582195282,
    "eval_runtime": 1.251,
    "eval_samples": 384,
    "eval_samples_per_second": 306.949,
    "eval_steps_per_second": 9.592
}