{
    "epoch": 3.0,
    "eval_accuracy": 0.5673981308937073,
    "eval_loss": 0.7231265902519226,
    "eval_runtime": 0.697,
    "eval_samples": 638,
    "eval_samples_per_second": 915.305,
    "eval_steps_per_second": 28.693
}