{
    "epoch": 3.0,
    "eval_combined_score": 0.8965054887826724,
    "eval_loss": 0.49929821491241455,
    "eval_pearson": 0.8956425939549513,
    "eval_runtime": 4.0258,
    "eval_samples": 1500,
    "eval_samples_per_second": 372.597,
    "eval_spearmanr": 0.8973683836103936,
    "eval_steps_per_second": 11.675
}