{
    "epoch": 3.0,
    "eval_accuracy": 0.4973958432674408,
    "eval_loss": 0.6907405853271484,
    "eval_runtime": 1.2392,
    "eval_samples": 384,
    "eval_samples_per_second": 309.883,
    "eval_steps_per_second": 9.684
}