{
    "epoch": 3.0,
    "eval_accuracy": 0.6000000238418579,
    "eval_loss": 0.6820419430732727,
    "eval_runtime": 0.1303,
    "eval_samples": 100,
    "eval_samples_per_second": 767.697,
    "eval_steps_per_second": 30.708
}