{
    "epoch": 15.0,
    "eval_gen_len": 2.9993333333333334,
    "eval_loss": 1.0484150648117065,
    "eval_pearson": 84.2709,
    "eval_runtime": 6.1962,
    "eval_samples": 1500,
    "eval_samples_per_second": 242.083,
    "eval_spearmanr": 83.8231,
    "eval_steps_per_second": 7.585
}