{
    "epoch": 3.0,
    "eval_accuracy": 0.43142271041870117,
    "eval_loss": 1.0599623918533325,
    "eval_runtime": 5.5055,
    "eval_samples": 1954,
    "eval_samples_per_second": 354.919,
    "eval_steps_per_second": 11.262
}