{
    "epoch": 3.0,
    "eval_accuracy": 0.5317297577857971,
    "eval_loss": 1.0800923109054565,
    "eval_runtime": 5.5382,
    "eval_samples": 1954,
    "eval_samples_per_second": 352.825,
    "eval_steps_per_second": 11.195
}