{
    "epoch": 3.0,
    "eval_accuracy": 0.8529411764705882,
    "eval_combined_score": 0.8751007252215954,
    "eval_f1": 0.8972602739726027,
    "eval_loss": 0.683747410774231,
    "eval_runtime": 1.1098,
    "eval_samples": 408,
    "eval_samples_per_second": 367.639,
    "eval_steps_per_second": 45.955
}