{
    "epoch": 3.0,
    "eval_accuracy": 0.5740072202166066,
    "eval_loss": 0.6780076026916504,
    "eval_runtime": 1.6786,
    "eval_samples": 277,
    "eval_samples_per_second": 165.021,
    "eval_steps_per_second": 5.362
}