{
    "epoch": 3.0,
    "eval_accuracy": 0.5631768953068592,
    "eval_loss": 0.6849991083145142,
    "eval_runtime": 1.9585,
    "eval_samples": 277,
    "eval_samples_per_second": 141.437,
    "eval_steps_per_second": 4.595,
    "train_loss": 0.702144287109375,
    "train_runtime": 63.6214,
    "train_samples": 1000,
    "train_samples_per_second": 47.154,
    "train_steps_per_second": 5.894
}