{
    "epoch": 15.0,
    "eval_gen_len": 2.9953333333333334,
    "eval_loss": 1.0645372867584229,
    "eval_pearson": 84.5526,
    "eval_runtime": 6.0776,
    "eval_samples": 1500,
    "eval_samples_per_second": 246.806,
    "eval_spearmanr": 84.4975,
    "eval_steps_per_second": 7.733
}