{
    "epoch": 3.0,
    "eval_accuracy": 0.7369791865348816,
    "eval_loss": 0.5785370469093323,
    "eval_runtime": 1.2351,
    "eval_samples": 384,
    "eval_samples_per_second": 310.914,
    "eval_steps_per_second": 9.716
}