{
    "epoch": 3.0,
    "eval_accuracy": 0.3882692754268646,
    "eval_loss": 1.3708661794662476,
    "eval_runtime": 91.2551,
    "eval_samples": 10042,
    "eval_samples_per_second": 110.043,
    "eval_steps_per_second": 3.441
}