{
    "epoch": 3.0,
    "eval_accuracy": 0.9202453987730062,
    "eval_loss": 0.4425044059753418,
    "eval_runtime": 2.1707,
    "eval_samples": 1304,
    "eval_samples_per_second": 600.727,
    "eval_steps_per_second": 18.888
}