{
    "epoch": 3.0,
    "eval_accuracy": 0.879601226993865,
    "eval_loss": 0.45082271099090576,
    "eval_runtime": 2.1257,
    "eval_samples": 1304,
    "eval_samples_per_second": 613.453,
    "eval_steps_per_second": 19.288
}