{
    "epoch": 3.0,
    "eval_accuracy": 0.5788900852203369,
    "eval_loss": 0.689091145992279,
    "eval_runtime": 8.4295,
    "eval_samples": 1838,
    "eval_samples_per_second": 218.044,
    "eval_steps_per_second": 6.881
}