{
    "epoch": 3.0,
    "eval_accuracy": 0.5096525096525096,
    "eval_loss": 1.0317027568817139,
    "eval_runtime": 24.4616,
    "eval_samples": 9842,
    "eval_samples_per_second": 402.345,
    "eval_steps_per_second": 12.591
}