{
    "epoch": 3.0,
    "eval_accuracy": 0.8529411764705882,
    "eval_combined_score": 0.8734670546663895,
    "eval_f1": 0.8939929328621908,
    "eval_loss": 0.5782324075698853,
    "eval_runtime": 1.0135,
    "eval_samples": 408,
    "eval_samples_per_second": 402.552,
    "eval_steps_per_second": 12.826
}