{
    "epoch": 3.0,
    "eval_accuracy": 0.8536585365853658,
    "eval_loss": 0.5361151099205017,
    "eval_runtime": 1.7098,
    "eval_samples": 1066,
    "eval_samples_per_second": 623.47,
    "eval_steps_per_second": 19.886
}