{
    "epoch": 3.0,
    "eval_combined_score": 0.8859764824342848,
    "eval_loss": 0.5406506061553955,
    "eval_pearson": 0.8860151656488393,
    "eval_runtime": 4.2865,
    "eval_samples": 1500,
    "eval_samples_per_second": 349.937,
    "eval_spearmanr": 0.8859377992197304,
    "eval_steps_per_second": 43.859
}