{
    "epoch": 3.0,
    "eval_accuracy": 0.35175880789756775,
    "eval_loss": 1.4635158777236938,
    "eval_runtime": 37.6221,
    "eval_samples": 2985,
    "eval_samples_per_second": 79.342,
    "eval_steps_per_second": 2.499
}