{
    "epoch": 15.0,
    "eval_gen_len": 2.994666666666667,
    "eval_loss": 1.2176450490951538,
    "eval_pearson": 82.301,
    "eval_runtime": 2.8089,
    "eval_samples": 1500,
    "eval_samples_per_second": 534.022,
    "eval_spearmanr": 82.1727,
    "eval_steps_per_second": 8.544
}