{
    "epoch": 3.0,
    "eval_accuracy": 0.7980962840929892,
    "eval_loss": 0.7057615518569946,
    "eval_runtime": 14.931,
    "eval_samples": 5463,
    "eval_samples_per_second": 365.882,
    "eval_steps_per_second": 45.744
}