{
    "epoch": 3.0,
    "eval_accuracy": 0.7184115523465704,
    "eval_loss": 1.0545064210891724,
    "eval_runtime": 1.6844,
    "eval_samples": 277,
    "eval_samples_per_second": 164.445,
    "eval_steps_per_second": 5.343
}