{
    "epoch": 15.0,
    "eval_gen_len": 2.998666666666667,
    "eval_loss": 1.079213261604309,
    "eval_pearson": 82.9081,
    "eval_runtime": 6.6899,
    "eval_samples": 1500,
    "eval_samples_per_second": 224.219,
    "eval_spearmanr": 82.4832,
    "eval_steps_per_second": 7.026
}