{
    "epoch": 15.0,
    "eval_gen_len": 2.994666666666667,
    "eval_loss": 1.0502527952194214,
    "eval_pearson": 82.7596,
    "eval_runtime": 6.215,
    "eval_samples": 1500,
    "eval_samples_per_second": 241.352,
    "eval_spearmanr": 82.1541,
    "eval_steps_per_second": 7.562
}