{
    "epoch": 3.0,
    "eval_accuracy": 0.6913229018492176,
    "eval_loss": 0.7700279355049133,
    "eval_runtime": 25.1266,
    "eval_samples": 9842,
    "eval_samples_per_second": 391.697,
    "eval_steps_per_second": 12.258
}