{
    "epoch": 3.0,
    "eval_accuracy": 0.776735459662289,
    "eval_loss": 0.5037312507629395,
    "eval_runtime": 0.5114,
    "eval_samples": 1066,
    "eval_samples_per_second": 2084.456,
    "eval_steps_per_second": 66.484
}