{
    "epoch": 3.0,
    "eval_accuracy": 0.8023002720751917,
    "eval_combined_score": 0.7675460174269584,
    "eval_f1": 0.732791762778725,
    "eval_loss": 0.7120217084884644,
    "eval_runtime": 113.0279,
    "eval_samples": 40430,
    "eval_samples_per_second": 357.699,
    "eval_steps_per_second": 11.183
}