{
    "epoch": 5.0,
    "eval_gen_len": 2.9993333333333334,
    "eval_loss": 0.9702672362327576,
    "eval_pearson": 86.9592,
    "eval_runtime": 12.1731,
    "eval_samples": 1500,
    "eval_samples_per_second": 123.223,
    "eval_spearmanr": 87.3629,
    "eval_steps_per_second": 3.861
}