{
    "epoch": 3.0,
    "eval_accuracy": 0.8506315211422295,
    "eval_loss": 0.6121163368225098,
    "eval_runtime": 13.6608,
    "eval_samples": 5463,
    "eval_samples_per_second": 399.905,
    "eval_steps_per_second": 12.518
}