{
    "epoch": 3.0,
    "eval_accuracy": 0.7421255842308474,
    "eval_loss": 0.7168005704879761,
    "eval_runtime": 26.3956,
    "eval_samples": 9842,
    "eval_samples_per_second": 372.865,
    "eval_steps_per_second": 11.669
}