{
    "epoch": 15.0,
    "eval_gen_len": 2.994666666666667,
    "eval_loss": 1.2958842515945435,
    "eval_pearson": 79.9445,
    "eval_runtime": 2.5112,
    "eval_samples": 1500,
    "eval_samples_per_second": 597.324,
    "eval_spearmanr": 79.428,
    "eval_steps_per_second": 9.557
}