{
    "epoch": 3.0,
    "eval_accuracy": 0.8048973534504081,
    "eval_combined_score": 0.7765066662513249,
    "eval_f1": 0.7481159790522417,
    "eval_loss": 0.8436791896820068,
    "eval_runtime": 112.2552,
    "eval_samples": 40430,
    "eval_samples_per_second": 360.161,
    "eval_steps_per_second": 45.022
}