{
    "epoch": 3.0,
    "eval_accuracy": 0.7583745194947831,
    "eval_loss": 0.5362764000892639,
    "eval_runtime": 13.349,
    "eval_samples": 5463,
    "eval_samples_per_second": 409.243,
    "eval_steps_per_second": 12.81
}