{
    "epoch": 3.0,
    "eval_accuracy": 0.9079754601226994,
    "eval_loss": 0.5120387077331543,
    "eval_runtime": 2.2223,
    "eval_samples": 1304,
    "eval_samples_per_second": 586.767,
    "eval_steps_per_second": 18.449
}