{
    "epoch": 3.0,
    "eval_accuracy": 0.8369028006589786,
    "eval_loss": 0.5282049775123596,
    "eval_runtime": 14.5479,
    "eval_samples": 5463,
    "eval_samples_per_second": 375.518,
    "eval_steps_per_second": 11.754
}