{
    "epoch": 3.0,
    "eval_accuracy": 0.7958996888156691,
    "eval_loss": 0.7335686683654785,
    "eval_runtime": 15.3124,
    "eval_samples": 5463,
    "eval_samples_per_second": 356.771,
    "eval_steps_per_second": 11.167
}