{
    "epoch": 3.0,
    "eval_accuracy": 0.797303982191442,
    "eval_combined_score": 0.7746769222627055,
    "eval_f1": 0.7520498623339688,
    "eval_loss": 0.5818443298339844,
    "eval_runtime": 99.407,
    "eval_samples": 40430,
    "eval_samples_per_second": 406.712,
    "eval_steps_per_second": 12.715
}