{
    "epoch": 3.0,
    "eval_accuracy": 0.7935938659411328,
    "eval_combined_score": 0.7592132616545774,
    "eval_f1": 0.7248326573680219,
    "eval_loss": 0.5552941560745239,
    "eval_runtime": 101.5799,
    "eval_samples": 40430,
    "eval_samples_per_second": 398.012,
    "eval_steps_per_second": 12.443
}