{
    "epoch": 3.0,
    "eval_accuracy": 0.2463652640581131,
    "eval_loss": 1.3909201622009277,
    "eval_runtime": 40.8609,
    "eval_samples": 10042,
    "eval_samples_per_second": 245.76,
    "eval_steps_per_second": 7.685
}