{
    "epoch": 3.0,
    "eval_accuracy": 0.7552083134651184,
    "eval_loss": 0.49086079001426697,
    "eval_runtime": 1.2667,
    "eval_samples": 384,
    "eval_samples_per_second": 303.14,
    "eval_steps_per_second": 9.473
}