{
    "epoch": 20.0,
    "eval_average_metrics": 81.74495464485247,
    "eval_loss": 1.0836445093154907,
    "eval_pearson": 81.38771614822633,
    "eval_runtime": 9.4495,
    "eval_samples_per_second": 158.739,
    "eval_spearmanr": 82.1021931414786
}