{
    "epoch": 10.0,
    "eval_gen_len": 2.9806666666666666,
    "eval_loss": 1.2505382299423218,
    "eval_pearson": 87.56,
    "eval_runtime": 6.678,
    "eval_samples": 1500,
    "eval_samples_per_second": 224.619,
    "eval_spearmanr": 87.3097,
    "eval_steps_per_second": 3.594
}