{
    "epoch": 3.0,
    "eval_accuracy": 0.466734915971756,
    "eval_loss": 1.0911277532577515,
    "eval_runtime": 5.4903,
    "eval_samples": 1954,
    "eval_samples_per_second": 355.898,
    "eval_steps_per_second": 11.293
}