{
    "epoch": 3.0,
    "eval_accuracy": 0.5663765072822571,
    "eval_loss": 0.6929187178611755,
    "eval_runtime": 7.7633,
    "eval_samples": 1838,
    "eval_samples_per_second": 236.755,
    "eval_steps_per_second": 7.471
}