{
    "epoch": 15.0,
    "eval_gen_len": 2.9953333333333334,
    "eval_loss": 1.2576333284378052,
    "eval_pearson": 78.8542,
    "eval_runtime": 3.3685,
    "eval_samples": 1500,
    "eval_samples_per_second": 445.305,
    "eval_spearmanr": 78.0944,
    "eval_steps_per_second": 7.125
}