{
    "epoch": 15.0,
    "eval_gen_len": 2.9966666666666666,
    "eval_loss": 1.2201321125030518,
    "eval_pearson": 80.4548,
    "eval_runtime": 2.4625,
    "eval_samples": 1500,
    "eval_samples_per_second": 609.134,
    "eval_spearmanr": 79.8202,
    "eval_steps_per_second": 9.746
}