{
    "epoch": 3.0,
    "eval_accuracy": 0.8072487644151565,
    "eval_loss": 0.6999765634536743,
    "eval_runtime": 14.5798,
    "eval_samples": 5463,
    "eval_samples_per_second": 374.698,
    "eval_steps_per_second": 46.846
}