{
    "epoch": 3.0,
    "eval_accuracy": 0.5865070819854736,
    "eval_loss": 0.6913168430328369,
    "eval_runtime": 7.8592,
    "eval_samples": 1838,
    "eval_samples_per_second": 233.866,
    "eval_steps_per_second": 7.38
}