{
    "epoch": 3.0,
    "eval_accuracy": 0.90616,
    "eval_loss": 0.37776297330856323,
    "eval_runtime": 138.606,
    "eval_samples": 25000,
    "eval_samples_per_second": 180.367,
    "eval_steps_per_second": 5.642
}