{
    "epoch": 3.0,
    "eval_accuracy": 0.5799999833106995,
    "eval_loss": 0.6916854381561279,
    "eval_runtime": 0.1258,
    "eval_samples": 100,
    "eval_samples_per_second": 795.147,
    "eval_steps_per_second": 31.806
}