{
    "epoch": 3.0,
    "eval_combined_score": 0.8802207916410218,
    "eval_loss": 0.5510015487670898,
    "eval_pearson": 0.8805658291656738,
    "eval_runtime": 3.9195,
    "eval_samples": 1500,
    "eval_samples_per_second": 382.7,
    "eval_spearmanr": 0.8798757541163699,
    "eval_steps_per_second": 11.991
}