{
    "epoch": 3.0,
    "eval_accuracy": 0.7857142686843872,
    "eval_loss": 0.7244582176208496,
    "eval_runtime": 0.1361,
    "eval_samples": 56,
    "eval_samples_per_second": 411.356,
    "eval_steps_per_second": 14.691
}