{
    "epoch": 3.0,
    "eval_accuracy": 0.7099999785423279,
    "eval_loss": 0.6113080382347107,
    "eval_runtime": 0.1226,
    "eval_samples": 100,
    "eval_samples_per_second": 815.341,
    "eval_steps_per_second": 32.614
}