{
    "epoch": 3.0,
    "eval_accuracy": 0.5400000214576721,
    "eval_loss": 0.6931340098381042,
    "eval_runtime": 0.1315,
    "eval_samples": 100,
    "eval_samples_per_second": 760.354,
    "eval_steps_per_second": 30.414
}