{
    "epoch": 3.0,
    "eval_accuracy": 0.8504901960784313,
    "eval_combined_score": 0.8736376530307555,
    "eval_f1": 0.8967851099830796,
    "eval_loss": 0.7253413200378418,
    "eval_runtime": 1.0612,
    "eval_samples": 408,
    "eval_samples_per_second": 384.486,
    "eval_steps_per_second": 12.251
}