{
    "epoch": 3.0,
    "eval_accuracy": 0.8199552936395041,
    "eval_loss": 0.6865235567092896,
    "eval_runtime": 24.2335,
    "eval_samples": 9842,
    "eval_samples_per_second": 406.133,
    "eval_steps_per_second": 12.71
}