{
    "epoch": 3.0,
    "eval_accuracy": 0.5052083134651184,
    "eval_loss": 0.6937241554260254,
    "eval_runtime": 1.396,
    "eval_samples": 384,
    "eval_samples_per_second": 275.08,
    "eval_steps_per_second": 8.596
}