{
    "epoch": 15.0,
    "eval_gen_len": 2.993333333333333,
    "eval_loss": 1.2390213012695312,
    "eval_pearson": 84.096,
    "eval_runtime": 2.5782,
    "eval_samples": 1500,
    "eval_samples_per_second": 581.794,
    "eval_spearmanr": 83.9015,
    "eval_steps_per_second": 9.309
}