{
    "epoch": 3.0,
    "eval_accuracy": 0.49906191369606,
    "eval_loss": 0.693418562412262,
    "eval_runtime": 0.9239,
    "eval_samples": 1066,
    "eval_samples_per_second": 1153.799,
    "eval_steps_per_second": 36.8
}