{
    "epoch": 3.0,
    "eval_accuracy": 0.703971119133574,
    "eval_loss": 0.8729488253593445,
    "eval_runtime": 1.8297,
    "eval_samples": 277,
    "eval_samples_per_second": 151.392,
    "eval_steps_per_second": 4.919
}