{
    "epoch": 3.0,
    "eval_accuracy": 0.7369791865348816,
    "eval_loss": 0.49383851885795593,
    "eval_runtime": 1.2786,
    "eval_samples": 384,
    "eval_samples_per_second": 300.334,
    "eval_steps_per_second": 9.385
}