{
    "epoch": 3.0,
    "eval_accuracy": 0.8406862745098039,
    "eval_combined_score": 0.8640173140313319,
    "eval_f1": 0.8873483535528597,
    "eval_loss": 0.6444642543792725,
    "eval_runtime": 1.1295,
    "eval_samples": 408,
    "eval_samples_per_second": 361.225,
    "eval_steps_per_second": 11.51
}