{
    "epoch": 3.0,
    "eval_combined_score": 0.8698160615018525,
    "eval_loss": 0.5847693085670471,
    "eval_pearson": 0.868762665130258,
    "eval_runtime": 4.1195,
    "eval_samples": 1500,
    "eval_samples_per_second": 364.122,
    "eval_spearmanr": 0.870869457873447,
    "eval_steps_per_second": 45.637
}