{"eval_accuracy": 77.25999999999999, "eval_f1": 70.17999999999999}