{
    "epoch": 3.0,
    "eval_accuracy": 0.5003946423530579,
    "eval_loss": 0.693138837814331,
    "eval_runtime": 1.9804,
    "eval_samples": 1267,
    "eval_samples_per_second": 639.765,
    "eval_steps_per_second": 20.198
}