{
    "epoch": 3.0,
    "eval_accuracy": 0.8571428656578064,
    "eval_loss": 0.5162707567214966,
    "eval_runtime": 0.2903,
    "eval_samples": 56,
    "eval_samples_per_second": 192.876,
    "eval_steps_per_second": 6.888
}