{
    "epoch": 3.0,
    "eval_accuracy": 0.91432,
    "eval_loss": 0.3816490173339844,
    "eval_runtime": 132.2229,
    "eval_samples": 25000,
    "eval_samples_per_second": 189.075,
    "eval_steps_per_second": 5.914
}