{
    "epoch": 10.0,
    "eval_gen_len": 2.9913333333333334,
    "eval_loss": 1.2083263397216797,
    "eval_pearson": 86.5728,
    "eval_runtime": 6.0783,
    "eval_samples": 1500,
    "eval_samples_per_second": 246.781,
    "eval_spearmanr": 86.4931,
    "eval_steps_per_second": 3.948
}