{
    "epoch": 3.0,
    "eval_accuracy": 0.9072085889570553,
    "eval_loss": 0.45258626341819763,
    "eval_runtime": 2.385,
    "eval_samples": 1304,
    "eval_samples_per_second": 546.751,
    "eval_steps_per_second": 17.191
}