{
    "epoch": 3.0,
    "eval_accuracy": 0.8639774859287055,
    "eval_loss": 0.6146594882011414,
    "eval_runtime": 1.7247,
    "eval_samples": 1066,
    "eval_samples_per_second": 618.067,
    "eval_steps_per_second": 19.713
}