{
    "epoch": 3.0,
    "eval_accuracy": 0.22345058619976044,
    "eval_loss": 1.3862944841384888,
    "eval_runtime": 36.9444,
    "eval_samples": 2985,
    "eval_samples_per_second": 80.797,
    "eval_steps_per_second": 2.544
}