{
    "epoch": 3.0,
    "eval_accuracy": 0.5182291865348816,
    "eval_loss": 0.6940893530845642,
    "eval_runtime": 1.2391,
    "eval_samples": 384,
    "eval_samples_per_second": 309.895,
    "eval_steps_per_second": 9.684
}