{
    "epoch": 3.0,
    "eval_accuracy": 0.3382442592968909,
    "eval_loss": 1.0991783142089844,
    "eval_runtime": 23.9755,
    "eval_samples": 9842,
    "eval_samples_per_second": 410.503,
    "eval_steps_per_second": 12.846
}