{
    "epoch": 3.0,
    "eval_accuracy": 0.7401960784313726,
    "eval_combined_score": 0.7837788209746439,
    "eval_f1": 0.8273615635179152,
    "eval_loss": 0.5947172045707703,
    "eval_runtime": 1.1187,
    "eval_samples": 408,
    "eval_samples_per_second": 364.721,
    "eval_steps_per_second": 11.621
}