{
    "epoch": 3.0,
    "eval_accuracy": 0.91612,
    "eval_loss": 0.3980269432067871,
    "eval_runtime": 130.4131,
    "eval_samples": 25000,
    "eval_samples_per_second": 191.699,
    "eval_steps_per_second": 5.996
}