{
    "epoch": 3.0,
    "eval_accuracy": 0.7206868522657996,
    "eval_loss": 0.7241204977035522,
    "eval_runtime": 24.659,
    "eval_samples": 9842,
    "eval_samples_per_second": 399.123,
    "eval_steps_per_second": 12.49
}