{
    "epoch": 3.0,
    "eval_accuracy": 0.6346153616905212,
    "eval_loss": 0.6789301633834839,
    "eval_runtime": 0.2565,
    "eval_samples": 104,
    "eval_samples_per_second": 405.506,
    "eval_steps_per_second": 15.596
}