{
    "epoch": 3.0,
    "eval_accuracy": 0.6584097743034363,
    "eval_loss": 0.8173494935035706,
    "eval_runtime": 36.6193,
    "eval_samples": 3270,
    "eval_samples_per_second": 89.297,
    "eval_steps_per_second": 2.813
}