{
    "epoch": 3.0,
    "eval_accuracy": 0.6100000143051147,
    "eval_loss": 0.6644816398620605,
    "eval_runtime": 0.1258,
    "eval_samples": 100,
    "eval_samples_per_second": 795.117,
    "eval_steps_per_second": 31.805
}