{
    "epoch": 3.0,
    "eval_accuracy": 0.7447916865348816,
    "eval_loss": 0.4676993191242218,
    "eval_runtime": 1.2757,
    "eval_samples": 384,
    "eval_samples_per_second": 301.006,
    "eval_steps_per_second": 9.406
}