{
    "epoch": 3.0,
    "eval_combined_score": 0.8633995606073113,
    "eval_loss": 0.6622220873832703,
    "eval_pearson": 0.8621767317037305,
    "eval_runtime": 3.8456,
    "eval_samples": 1500,
    "eval_samples_per_second": 390.054,
    "eval_spearmanr": 0.8646223895108919,
    "eval_steps_per_second": 12.222
}