{
    "epoch": 20.0,
    "eval_average_metrics": 72.24910001317406,
    "eval_loss": 1.040715217590332,
    "eval_pearson": 71.60316710832497,
    "eval_runtime": 8.2264,
    "eval_samples_per_second": 182.34,
    "eval_spearmanr": 72.89503291802313
}