{
    "epoch": 3.0,
    "eval_accuracy": 0.7995053178332922,
    "eval_combined_score": 0.7721955367412825,
    "eval_f1": 0.744885755649273,
    "eval_loss": 0.5795378684997559,
    "eval_runtime": 100.7191,
    "eval_samples": 40430,
    "eval_samples_per_second": 401.413,
    "eval_steps_per_second": 12.55
}