{
    "epoch": 3.0,
    "eval_accuracy": 0.3330623856939646,
    "eval_loss": 1.098469853401184,
    "eval_runtime": 26.5695,
    "eval_samples": 9842,
    "eval_samples_per_second": 370.424,
    "eval_steps_per_second": 11.592
}