{
    "epoch": 15.0,
    "eval_gen_len": 2.994666666666667,
    "eval_loss": 1.2969412803649902,
    "eval_pearson": 80.1527,
    "eval_runtime": 2.3518,
    "eval_samples": 1500,
    "eval_samples_per_second": 637.81,
    "eval_spearmanr": 79.7474,
    "eval_steps_per_second": 10.205
}