{
    "epoch": 3.0,
    "eval_accuracy": 0.7831560722235963,
    "eval_combined_score": 0.7596045301656895,
    "eval_f1": 0.7360529881077827,
    "eval_loss": 0.5719908475875854,
    "eval_runtime": 106.1483,
    "eval_samples": 40430,
    "eval_samples_per_second": 380.882,
    "eval_steps_per_second": 11.908
}