{
    "epoch": 20.0,
    "eval_average_metrics": 84.51170297854395,
    "eval_loss": 0.9938962459564209,
    "eval_pearson": 84.48165572770108,
    "eval_runtime": 9.3261,
    "eval_samples_per_second": 160.839,
    "eval_spearmanr": 84.5417502293868
}