{
    "epoch": 3.0,
    "eval_accuracy": 0.33879223465919495,
    "eval_loss": 1.098611831665039,
    "eval_runtime": 5.4765,
    "eval_samples": 1954,
    "eval_samples_per_second": 356.794,
    "eval_steps_per_second": 11.321
}