{
    "epoch": 3.0,
    "eval_accuracy": 0.6785714030265808,
    "eval_loss": 0.7931962013244629,
    "eval_runtime": 0.1361,
    "eval_samples": 56,
    "eval_samples_per_second": 411.514,
    "eval_steps_per_second": 14.697
}