{
    "epoch": 3.0,
    "eval_accuracy": 0.7734375,
    "eval_loss": 0.46534180641174316,
    "eval_runtime": 1.2602,
    "eval_samples": 384,
    "eval_samples_per_second": 304.721,
    "eval_steps_per_second": 9.523
}