{
    "epoch": 3.0,
    "eval_accuracy": 0.7679333468807154,
    "eval_loss": 0.6329628229141235,
    "eval_runtime": 25.1533,
    "eval_samples": 9842,
    "eval_samples_per_second": 391.28,
    "eval_steps_per_second": 12.245
}