{
    "epoch": 3.0,
    "eval_accuracy": 0.745884982727088,
    "eval_loss": 0.6662619709968567,
    "eval_runtime": 24.0607,
    "eval_samples": 9842,
    "eval_samples_per_second": 409.049,
    "eval_steps_per_second": 12.801
}