{
    "epoch": 3.0,
    "eval_accuracy": 0.8164012447373238,
    "eval_loss": 0.6658036112785339,
    "eval_runtime": 13.5605,
    "eval_samples": 5463,
    "eval_samples_per_second": 402.86,
    "eval_steps_per_second": 12.61
}