{
    "epoch": 20.0,
    "eval_average_metrics": 54.52713235408146,
    "eval_loss": 1.1128758192062378,
    "eval_pearson": 54.73407081053438,
    "eval_runtime": 8.0025,
    "eval_samples_per_second": 187.442,
    "eval_spearmanr": 54.320193897628535
}