{
    "epoch": 3.0,
    "eval_accuracy": 0.699999988079071,
    "eval_loss": 1.0437792539596558,
    "eval_runtime": 25.4798,
    "eval_samples": 3270,
    "eval_samples_per_second": 128.337,
    "eval_steps_per_second": 4.042
}