{
    "epoch": 3.0,
    "eval_accuracy": 0.5493291020393372,
    "eval_loss": 0.7507935762405396,
    "eval_runtime": 1.9079,
    "eval_samples": 1267,
    "eval_samples_per_second": 664.074,
    "eval_steps_per_second": 20.965
}