{
    "epoch": 3.0,
    "eval_accuracy": 0.6895306859205776,
    "eval_loss": 0.7616533041000366,
    "eval_runtime": 1.6671,
    "eval_samples": 277,
    "eval_samples_per_second": 166.157,
    "eval_steps_per_second": 5.399
}