{
    "epoch": 3.0,
    "eval_accuracy": 0.8895705521472392,
    "eval_loss": 0.5530487895011902,
    "eval_runtime": 2.1036,
    "eval_samples": 1304,
    "eval_samples_per_second": 619.9,
    "eval_steps_per_second": 19.491
}