{
    "epoch": 3.0,
    "eval_accuracy": 0.6363914608955383,
    "eval_loss": 0.6879543662071228,
    "eval_runtime": 36.3686,
    "eval_samples": 3270,
    "eval_samples_per_second": 89.913,
    "eval_steps_per_second": 2.832
}