{
    "epoch": 3.0,
    "eval_accuracy": 0.6642599277978339,
    "eval_loss": 0.7684242725372314,
    "eval_runtime": 1.6825,
    "eval_samples": 277,
    "eval_samples_per_second": 164.64,
    "eval_steps_per_second": 5.349
}