{
    "epoch": 3.0,
    "eval_accuracy": 0.5783460140228271,
    "eval_loss": 0.6914933323860168,
    "eval_runtime": 7.8441,
    "eval_samples": 1838,
    "eval_samples_per_second": 234.316,
    "eval_steps_per_second": 7.394
}