{
    "epoch": 3.0,
    "eval_accuracy": 0.7321428656578064,
    "eval_loss": 0.6845281720161438,
    "eval_runtime": 0.1375,
    "eval_samples": 56,
    "eval_samples_per_second": 407.338,
    "eval_steps_per_second": 14.548
}