{
    "epoch": 3.0,
    "eval_accuracy": 0.6785714030265808,
    "eval_loss": 0.9199202656745911,
    "eval_runtime": 0.1398,
    "eval_samples": 56,
    "eval_samples_per_second": 400.469,
    "eval_steps_per_second": 14.302
}