{
    "epoch": 3.0,
    "eval_accuracy": 0.30416666666666664,
    "eval_loss": 1.1702219247817993,
    "eval_runtime": 3.8516,
    "eval_samples": 1200,
    "eval_samples_per_second": 311.561,
    "eval_steps_per_second": 9.866
}