{
    "epoch": 3.0,
    "eval_accuracy": 0.6346153616905212,
    "eval_loss": 0.6820836663246155,
    "eval_runtime": 0.2602,
    "eval_samples": 104,
    "eval_samples_per_second": 399.617,
    "eval_steps_per_second": 15.37
}