{
    "epoch": 3.0,
    "eval_accuracy": 0.30720973014831543,
    "eval_loss": 1.3653637170791626,
    "eval_runtime": 92.5607,
    "eval_samples": 10042,
    "eval_samples_per_second": 108.491,
    "eval_steps_per_second": 3.392
}