{
    "epoch": 3.0,
    "eval_accuracy": 0.6293578147888184,
    "eval_loss": 0.6716017127037048,
    "eval_runtime": 36.3802,
    "eval_samples": 3270,
    "eval_samples_per_second": 89.884,
    "eval_steps_per_second": 2.831
}