{
    "epoch": 3.0,
    "eval_accuracy": 0.8771106941838649,
    "eval_loss": 0.5603237152099609,
    "eval_runtime": 1.7325,
    "eval_samples": 1066,
    "eval_samples_per_second": 615.281,
    "eval_steps_per_second": 19.624
}