{
    "epoch": 3.0,
    "eval_accuracy": 0.7683898095473658,
    "eval_combined_score": 0.7416509115933869,
    "eval_f1": 0.7149120136394082,
    "eval_loss": 0.6217842102050781,
    "eval_runtime": 111.1286,
    "eval_samples": 40430,
    "eval_samples_per_second": 363.813,
    "eval_steps_per_second": 45.479
}