{
    "epoch": 3.0,
    "eval_accuracy": 0.35583333333333333,
    "eval_loss": 1.1573691368103027,
    "eval_runtime": 4.1161,
    "eval_samples": 1200,
    "eval_samples_per_second": 291.541,
    "eval_steps_per_second": 9.232
}