{
    "epoch": 3.0,
    "eval_accuracy": 0.4820457100868225,
    "eval_loss": 0.6932132840156555,
    "eval_runtime": 7.8294,
    "eval_samples": 1838,
    "eval_samples_per_second": 234.757,
    "eval_steps_per_second": 7.408
}