{
    "epoch": 3.0,
    "eval_accuracy": 0.8357843137254902,
    "eval_combined_score": 0.8606271995977879,
    "eval_f1": 0.8854700854700854,
    "eval_loss": 0.5758786797523499,
    "eval_runtime": 1.0948,
    "eval_samples": 408,
    "eval_samples_per_second": 372.664,
    "eval_steps_per_second": 11.874
}