{
    "epoch": 3.0,
    "eval_accuracy": 0.468781977891922,
    "eval_loss": 1.072062373161316,
    "eval_runtime": 5.4091,
    "eval_samples": 1954,
    "eval_samples_per_second": 361.245,
    "eval_steps_per_second": 11.462
}