{
    "epoch": 3.0,
    "eval_accuracy": 0.5987460613250732,
    "eval_loss": 0.8204609751701355,
    "eval_runtime": 0.717,
    "eval_samples": 638,
    "eval_samples_per_second": 889.861,
    "eval_steps_per_second": 27.895
}