{
    "epoch": 3.0,
    "eval_accuracy": 0.8696060037523452,
    "eval_loss": 0.6611409187316895,
    "eval_runtime": 1.7553,
    "eval_samples": 1066,
    "eval_samples_per_second": 607.295,
    "eval_steps_per_second": 19.37
}