{
    "epoch": 3.0,
    "eval_accuracy": 0.43193450570106506,
    "eval_loss": 1.0948834419250488,
    "eval_runtime": 5.8785,
    "eval_samples": 1954,
    "eval_samples_per_second": 332.396,
    "eval_steps_per_second": 10.547
}