{
    "epoch": 10.0,
    "eval_gen_len": 2.993333333333333,
    "eval_loss": 1.2233577966690063,
    "eval_pearson": 85.0796,
    "eval_runtime": 5.1308,
    "eval_samples": 1500,
    "eval_samples_per_second": 292.354,
    "eval_spearmanr": 84.9055,
    "eval_steps_per_second": 4.678
}