{
    "epoch": 3.0,
    "eval_combined_score": 0.8103097836797248,
    "eval_loss": 0.8587384223937988,
    "eval_pearson": 0.8058935325229096,
    "eval_runtime": 4.4691,
    "eval_samples": 1500,
    "eval_samples_per_second": 335.642,
    "eval_spearmanr": 0.8147260348365399,
    "eval_steps_per_second": 42.067
}