{
    "epoch": 3.0,
    "eval_accuracy": 0.6183485984802246,
    "eval_loss": 0.8065953254699707,
    "eval_runtime": 29.719,
    "eval_samples": 3270,
    "eval_samples_per_second": 110.031,
    "eval_steps_per_second": 3.466
}