{
    "epoch": 3.0,
    "eval_accuracy": 0.8063725490196079,
    "eval_combined_score": 0.8349652036980596,
    "eval_f1": 0.8635578583765113,
    "eval_loss": 0.5527011752128601,
    "eval_runtime": 1.0833,
    "eval_samples": 408,
    "eval_samples_per_second": 376.62,
    "eval_steps_per_second": 47.077
}