{
    "epoch": 3.0,
    "eval_accuracy": 0.5848375451263538,
    "eval_loss": 0.6969380974769592,
    "eval_runtime": 1.716,
    "eval_samples": 277,
    "eval_samples_per_second": 161.426,
    "eval_steps_per_second": 5.245
}