{
    "epoch": 3.0,
    "eval_accuracy": 0.6346153616905212,
    "eval_loss": 0.6899265646934509,
    "eval_runtime": 0.2616,
    "eval_samples": 104,
    "eval_samples_per_second": 397.542,
    "eval_steps_per_second": 15.29
}