{
    "epoch": 3.0,
    "eval_accuracy": 0.8404907975460123,
    "eval_loss": 0.5800511837005615,
    "eval_runtime": 2.1843,
    "eval_samples": 1304,
    "eval_samples_per_second": 596.986,
    "eval_steps_per_second": 18.77
}