{
    "epoch": 3.0,
    "eval_accuracy": 0.6217125654220581,
    "eval_loss": 0.6633341908454895,
    "eval_runtime": 25.8381,
    "eval_samples": 3270,
    "eval_samples_per_second": 126.558,
    "eval_steps_per_second": 3.986
}