{
    "epoch": 3.0,
    "eval_accuracy": 0.5255712866783142,
    "eval_loss": 0.6913683414459229,
    "eval_runtime": 8.7126,
    "eval_samples": 1838,
    "eval_samples_per_second": 210.958,
    "eval_steps_per_second": 6.657
}