{
    "epoch": 3.0,
    "eval_accuracy": 0.3145787715911865,
    "eval_loss": 1.3723080158233643,
    "eval_runtime": 91.4637,
    "eval_samples": 10042,
    "eval_samples_per_second": 109.792,
    "eval_steps_per_second": 3.433
}