{
    "epoch": 3.0,
    "eval_accuracy": 0.2750418782234192,
    "eval_loss": 1.376584768295288,
    "eval_runtime": 38.1505,
    "eval_samples": 2985,
    "eval_samples_per_second": 78.243,
    "eval_steps_per_second": 2.464
}