{
    "epoch": 3.0,
    "eval_combined_score": 0.8526403054716344,
    "eval_loss": 0.7001284956932068,
    "eval_pearson": 0.850979605770299,
    "eval_runtime": 4.4029,
    "eval_samples": 1500,
    "eval_samples_per_second": 340.684,
    "eval_spearmanr": 0.8543010051729698,
    "eval_steps_per_second": 10.675
}