{
    "epoch": 3.0,
    "eval_accuracy": 0.5807291865348816,
    "eval_loss": 0.6878053545951843,
    "eval_runtime": 1.2442,
    "eval_samples": 384,
    "eval_samples_per_second": 308.62,
    "eval_steps_per_second": 9.644
}