{
    "epoch": 3.0,
    "eval_accuracy": 0.5177584886550903,
    "eval_loss": 0.6935096979141235,
    "eval_runtime": 3.1053,
    "eval_samples": 1267,
    "eval_samples_per_second": 408.017,
    "eval_steps_per_second": 12.881
}