{
    "epoch": 3.0,
    "eval_accuracy": 0.8315943620721216,
    "eval_loss": 0.6446371674537659,
    "eval_runtime": 13.8518,
    "eval_samples": 5463,
    "eval_samples_per_second": 394.389,
    "eval_steps_per_second": 12.345
}