{
    "epoch": 3.0,
    "eval_accuracy": 0.6217125654220581,
    "eval_loss": 0.6580830812454224,
    "eval_runtime": 25.8086,
    "eval_samples": 3270,
    "eval_samples_per_second": 126.702,
    "eval_steps_per_second": 3.991
}