{
    "epoch": 20.0,
    "eval_average_metrics": 77.70438902167042,
    "eval_loss": 1.071171522140503,
    "eval_pearson": 77.82225187509646,
    "eval_runtime": 10.4984,
    "eval_samples_per_second": 142.878,
    "eval_spearmanr": 77.58652616824439
}