{
    "epoch": 15.0,
    "eval_gen_len": 2.9873333333333334,
    "eval_loss": 1.0614442825317383,
    "eval_pearson": 88.3716,
    "eval_runtime": 8.5291,
    "eval_samples": 1500,
    "eval_samples_per_second": 175.868,
    "eval_spearmanr": 88.0927,
    "eval_steps_per_second": 5.511
}