{
    "epoch": 3.0,
    "eval_accuracy": 0.5338541865348816,
    "eval_loss": 0.6922702789306641,
    "eval_runtime": 1.3729,
    "eval_samples": 384,
    "eval_samples_per_second": 279.705,
    "eval_steps_per_second": 8.741
}