{
    "epoch": 3.0,
    "eval_accuracy": 0.30372434854507446,
    "eval_loss": 1.3795535564422607,
    "eval_runtime": 91.8092,
    "eval_samples": 10042,
    "eval_samples_per_second": 109.379,
    "eval_steps_per_second": 3.42
}