{
    "epoch": 3.0,
    "eval_accuracy": 0.8602941176470589,
    "eval_combined_score": 0.8814291101055808,
    "eval_f1": 0.9025641025641027,
    "eval_loss": 0.6254112124443054,
    "eval_runtime": 1.0429,
    "eval_samples": 408,
    "eval_samples_per_second": 391.201,
    "eval_steps_per_second": 12.465
}