{
    "epoch": 3.0,
    "eval_accuracy": 0.4811912178993225,
    "eval_loss": 0.7025021910667419,
    "eval_runtime": 0.7134,
    "eval_samples": 638,
    "eval_samples_per_second": 894.34,
    "eval_steps_per_second": 28.036
}