{
    "epoch": 3.0,
    "eval_accuracy": 0.6217125654220581,
    "eval_loss": 0.6652630567550659,
    "eval_runtime": 38.6116,
    "eval_samples": 3270,
    "eval_samples_per_second": 84.69,
    "eval_steps_per_second": 2.668
}