{
    "epoch": 3.0,
    "eval_accuracy": 0.8214285969734192,
    "eval_loss": 0.41034772992134094,
    "eval_runtime": 0.1385,
    "eval_samples": 56,
    "eval_samples_per_second": 404.201,
    "eval_steps_per_second": 14.436
}