{
    "epoch": 3.0,
    "eval_accuracy": 0.8819018404907976,
    "eval_loss": 0.5400688052177429,
    "eval_runtime": 2.2491,
    "eval_samples": 1304,
    "eval_samples_per_second": 579.789,
    "eval_steps_per_second": 18.23
}