{
    "epoch": 3.0,
    "eval_accuracy": 0.740072202166065,
    "eval_loss": 1.2894620895385742,
    "eval_runtime": 1.8416,
    "eval_samples": 277,
    "eval_samples_per_second": 150.411,
    "eval_steps_per_second": 4.887
}