{
    "epoch": 3.0,
    "eval_accuracy": 0.4974874258041382,
    "eval_loss": 1.2091059684753418,
    "eval_runtime": 36.6597,
    "eval_samples": 2985,
    "eval_samples_per_second": 81.425,
    "eval_steps_per_second": 2.564
}