{
    "epoch": 15.0,
    "eval_gen_len": 2.9966666666666666,
    "eval_loss": 1.0710142850875854,
    "eval_pearson": 85.0731,
    "eval_runtime": 6.6506,
    "eval_samples": 1500,
    "eval_samples_per_second": 225.544,
    "eval_spearmanr": 84.5232,
    "eval_steps_per_second": 7.067
}