{
    "epoch": 3.0,
    "eval_accuracy": 0.6253918409347534,
    "eval_loss": 0.848387598991394,
    "eval_runtime": 0.6845,
    "eval_samples": 638,
    "eval_samples_per_second": 932.083,
    "eval_steps_per_second": 29.219
}