{
    "epoch": 3.0,
    "eval_accuracy": 0.5288357138633728,
    "eval_loss": 0.6918144226074219,
    "eval_runtime": 7.9977,
    "eval_samples": 1838,
    "eval_samples_per_second": 229.816,
    "eval_steps_per_second": 7.252
}