{
    "epoch": 3.0,
    "eval_accuracy": 0.7184115523465704,
    "eval_loss": 1.335202932357788,
    "eval_runtime": 1.7842,
    "eval_samples": 277,
    "eval_samples_per_second": 155.248,
    "eval_steps_per_second": 5.044
}