{
    "epoch": 3.0,
    "eval_combined_score": 0.8756496694633769,
    "eval_loss": 0.5613359212875366,
    "eval_pearson": 0.8751953258441136,
    "eval_runtime": 3.6672,
    "eval_samples": 1500,
    "eval_samples_per_second": 409.032,
    "eval_spearmanr": 0.87610401308264,
    "eval_steps_per_second": 12.816
}