{
    "epoch": 3.0,
    "eval_accuracy": 0.828665568369028,
    "eval_loss": 0.5560721755027771,
    "eval_runtime": 14.6541,
    "eval_samples": 5463,
    "eval_samples_per_second": 372.797,
    "eval_steps_per_second": 11.669
}