{
    "epoch": 3.0,
    "eval_accuracy": 0.5342960288808665,
    "eval_loss": 0.6927424669265747,
    "eval_runtime": 1.7536,
    "eval_samples": 277,
    "eval_samples_per_second": 157.963,
    "eval_steps_per_second": 5.132
}