{
    "epoch": 3.0,
    "eval_accuracy": 0.8386491557223265,
    "eval_loss": 0.6293224096298218,
    "eval_runtime": 1.7069,
    "eval_samples": 1066,
    "eval_samples_per_second": 624.523,
    "eval_steps_per_second": 19.919
}