{
    "epoch": 3.0,
    "eval_combined_score": 0.8803826865449697,
    "eval_loss": 0.5457385182380676,
    "eval_pearson": 0.8800075916752655,
    "eval_runtime": 3.8076,
    "eval_samples": 1500,
    "eval_samples_per_second": 393.954,
    "eval_spearmanr": 0.8807577814146738,
    "eval_steps_per_second": 12.344
}