{
    "epoch": 3.0,
    "eval_accuracy": 0.6346153616905212,
    "eval_loss": 0.6786277294158936,
    "eval_runtime": 0.2604,
    "eval_samples": 104,
    "eval_samples_per_second": 399.323,
    "eval_steps_per_second": 15.359
}