{
    "epoch": 3.0,
    "eval_accuracy": 0.6117659012395854,
    "eval_loss": 0.8698201179504395,
    "eval_runtime": 24.3423,
    "eval_samples": 9842,
    "eval_samples_per_second": 404.317,
    "eval_steps_per_second": 12.653
}