{
    "epoch": 3.0,
    "eval_accuracy": 0.7075812274368231,
    "eval_loss": 0.8724815249443054,
    "eval_runtime": 1.6838,
    "eval_samples": 277,
    "eval_samples_per_second": 164.512,
    "eval_steps_per_second": 5.345
}