{
    "epoch": 3.0,
    "eval_accuracy": 0.7608211723967351,
    "eval_combined_score": 0.711543584242514,
    "eval_f1": 0.6622659960882928,
    "eval_loss": 0.5915555357933044,
    "eval_runtime": 107.3886,
    "eval_samples": 40430,
    "eval_samples_per_second": 376.483,
    "eval_steps_per_second": 47.063
}