{
    "epoch": 3.0,
    "eval_accuracy": 0.4956590235233307,
    "eval_loss": 0.6937618255615234,
    "eval_runtime": 3.0866,
    "eval_samples": 1267,
    "eval_samples_per_second": 410.485,
    "eval_steps_per_second": 12.959
}