{
    "epoch": 3.0,
    "eval_accuracy": 0.6308868527412415,
    "eval_loss": 0.7123474478721619,
    "eval_runtime": 26.6306,
    "eval_samples": 3270,
    "eval_samples_per_second": 122.791,
    "eval_steps_per_second": 3.868
}