{
    "epoch": 3.0,
    "eval_accuracy": 0.6285266280174255,
    "eval_loss": 1.433164119720459,
    "eval_runtime": 0.712,
    "eval_samples": 638,
    "eval_samples_per_second": 896.06,
    "eval_steps_per_second": 28.09
}