{
    "epoch": 3.0,
    "eval_accuracy": 0.43666601181030273,
    "eval_loss": 1.2633271217346191,
    "eval_runtime": 91.7075,
    "eval_samples": 10042,
    "eval_samples_per_second": 109.5,
    "eval_steps_per_second": 3.424
}