{
    "epoch": 3.0,
    "eval_accuracy": 0.7857142686843872,
    "eval_loss": 0.5836042761802673,
    "eval_runtime": 0.141,
    "eval_samples": 56,
    "eval_samples_per_second": 397.218,
    "eval_steps_per_second": 14.186
}