{
    "epoch": 3.0,
    "eval_accuracy": 0.901840490797546,
    "eval_loss": 0.4868842363357544,
    "eval_runtime": 2.1168,
    "eval_samples": 1304,
    "eval_samples_per_second": 616.029,
    "eval_steps_per_second": 19.369
}