{
    "epoch": 3.0,
    "eval_accuracy": 0.8630393996247655,
    "eval_loss": 0.6909303069114685,
    "eval_runtime": 1.9856,
    "eval_samples": 1066,
    "eval_samples_per_second": 536.869,
    "eval_steps_per_second": 17.123
}