{
    "epoch": 3.0,
    "eval_accuracy": 0.6458715796470642,
    "eval_loss": 0.7279516458511353,
    "eval_runtime": 39.3142,
    "eval_samples": 3270,
    "eval_samples_per_second": 83.176,
    "eval_steps_per_second": 2.62
}