{
    "epoch": 3.0,
    "eval_accuracy": 0.8431372549019608,
    "eval_combined_score": 0.8652305992819662,
    "eval_f1": 0.8873239436619718,
    "eval_loss": 0.4803495705127716,
    "eval_runtime": 1.034,
    "eval_samples": 408,
    "eval_samples_per_second": 394.592,
    "eval_steps_per_second": 12.573
}