{
    "epoch": 3.0,
    "eval_accuracy": 0.5224940776824951,
    "eval_loss": 0.7235884666442871,
    "eval_runtime": 3.04,
    "eval_samples": 1267,
    "eval_samples_per_second": 416.783,
    "eval_steps_per_second": 13.158
}