{
    "epoch": 3.0,
    "eval_accuracy": 0.8215809794757163,
    "eval_loss": 0.6247406005859375,
    "eval_runtime": 24.3474,
    "eval_samples": 9842,
    "eval_samples_per_second": 404.232,
    "eval_steps_per_second": 12.65
}