{
    "epoch": 3.0,
    "eval_accuracy": 0.90016,
    "eval_loss": 0.42221519351005554,
    "eval_runtime": 130.2272,
    "eval_samples": 25000,
    "eval_samples_per_second": 191.972,
    "eval_steps_per_second": 6.005
}