{
    "epoch": 3.0,
    "eval_accuracy": 0.8142221122928518,
    "eval_combined_score": 0.788021156035438,
    "eval_f1": 0.7618201997780243,
    "eval_loss": 0.7914595603942871,
    "eval_runtime": 109.3158,
    "eval_samples": 40430,
    "eval_samples_per_second": 369.846,
    "eval_steps_per_second": 46.233
}