{
    "epoch": 3.0,
    "eval_accuracy": 0.5299238562583923,
    "eval_loss": 0.6922210454940796,
    "eval_runtime": 7.8941,
    "eval_samples": 1838,
    "eval_samples_per_second": 232.831,
    "eval_steps_per_second": 7.347
}