{
    "epoch": 10.0,
    "eval_gen_len": 2.994666666666667,
    "eval_loss": 1.274694800376892,
    "eval_pearson": 78.1108,
    "eval_runtime": 5.8044,
    "eval_samples": 1500,
    "eval_samples_per_second": 258.427,
    "eval_spearmanr": 77.7379,
    "eval_steps_per_second": 4.135
}