{
    "epoch": 3.0,
    "eval_accuracy": 0.4956590235233307,
    "eval_loss": 0.6945894360542297,
    "eval_runtime": 3.0926,
    "eval_samples": 1267,
    "eval_samples_per_second": 409.692,
    "eval_steps_per_second": 12.934
}