{
    "epoch": 3.0,
    "eval_accuracy": 0.7421875,
    "eval_loss": 0.4951690137386322,
    "eval_runtime": 1.2729,
    "eval_samples": 384,
    "eval_samples_per_second": 301.679,
    "eval_steps_per_second": 9.427
}