{
    "epoch": 3.0,
    "eval_accuracy": 0.7965686274509803,
    "eval_combined_score": 0.8278259096507873,
    "eval_f1": 0.8590831918505942,
    "eval_loss": 0.5850580334663391,
    "eval_runtime": 1.0893,
    "eval_samples": 408,
    "eval_samples_per_second": 374.568,
    "eval_steps_per_second": 46.821
}