{
    "epoch": 3.0,
    "eval_combined_score": 0.8740735684958549,
    "eval_loss": 0.5493499040603638,
    "eval_pearson": 0.8747952005389572,
    "eval_runtime": 4.6641,
    "eval_samples": 1500,
    "eval_samples_per_second": 321.608,
    "eval_spearmanr": 0.8733519364527528,
    "eval_steps_per_second": 10.077
}