{
    "epoch": 3.0,
    "eval_accuracy": 0.8341570565623284,
    "eval_loss": 0.631005048751831,
    "eval_runtime": 13.4751,
    "eval_samples": 5463,
    "eval_samples_per_second": 405.413,
    "eval_steps_per_second": 12.69
}