{
    "epoch": 3.0,
    "eval_accuracy": 0.5675422138836773,
    "eval_loss": 0.6897016167640686,
    "eval_runtime": 1.3065,
    "eval_samples": 1066,
    "eval_samples_per_second": 815.95,
    "eval_steps_per_second": 26.025
}