{
    "epoch": 3.0,
    "eval_accuracy": 0.4759467840194702,
    "eval_loss": 1.0763195753097534,
    "eval_runtime": 6.2311,
    "eval_samples": 1954,
    "eval_samples_per_second": 313.591,
    "eval_steps_per_second": 9.95
}