{
    "epoch": 3.0,
    "eval_combined_score": 0.8862981764512647,
    "eval_loss": 0.5073914527893066,
    "eval_pearson": 0.8867914897174821,
    "eval_runtime": 3.9654,
    "eval_samples": 1500,
    "eval_samples_per_second": 378.276,
    "eval_spearmanr": 0.8858048631850474,
    "eval_steps_per_second": 11.853
}