{
    "epoch": 3.0,
    "eval_accuracy": 0.6110091805458069,
    "eval_loss": 0.6751750707626343,
    "eval_runtime": 26.1085,
    "eval_samples": 3270,
    "eval_samples_per_second": 125.246,
    "eval_steps_per_second": 3.945
}