{
    "epoch": 3.0,
    "eval_accuracy": 0.5497866287339972,
    "eval_loss": 0.9419502019882202,
    "eval_runtime": 24.24,
    "eval_samples": 9842,
    "eval_samples_per_second": 406.024,
    "eval_steps_per_second": 12.706
}