{
    "epoch": 3.0,
    "eval_accuracy": 0.8529411764705882,
    "eval_combined_score": 0.8759655377302435,
    "eval_f1": 0.8989898989898989,
    "eval_loss": 0.7381154298782349,
    "eval_runtime": 1.0178,
    "eval_samples": 408,
    "eval_samples_per_second": 400.845,
    "eval_steps_per_second": 12.772
}