{
    "epoch": 3.0,
    "eval_accuracy": 0.8047144889250153,
    "eval_loss": 0.5758737325668335,
    "eval_runtime": 24.5931,
    "eval_samples": 9842,
    "eval_samples_per_second": 400.193,
    "eval_steps_per_second": 12.524
}