{
    "epoch": 3.0,
    "eval_accuracy": 0.7321428656578064,
    "eval_loss": 0.7931891083717346,
    "eval_runtime": 0.1391,
    "eval_samples": 56,
    "eval_samples_per_second": 402.453,
    "eval_steps_per_second": 14.373
}