{
    "epoch": 3.0,
    "eval_accuracy": 0.5614798665046692,
    "eval_loss": 0.6917845606803894,
    "eval_runtime": 7.7747,
    "eval_samples": 1838,
    "eval_samples_per_second": 236.407,
    "eval_steps_per_second": 7.46
}