{
    "epoch": 15.0,
    "eval_gen_len": 2.993333333333333,
    "eval_loss": 1.2787894010543823,
    "eval_pearson": 76.5505,
    "eval_runtime": 2.4464,
    "eval_samples": 1500,
    "eval_samples_per_second": 613.157,
    "eval_spearmanr": 76.1178,
    "eval_steps_per_second": 9.811
}