{"eval_accuracy": 78.10000000000001, "eval_f1": 72.78999999999999}