{
    "epoch": 3.0,
    "eval_accuracy": 0.47403684258461,
    "eval_loss": 1.3618278503417969,
    "eval_runtime": 37.2017,
    "eval_samples": 2985,
    "eval_samples_per_second": 80.238,
    "eval_steps_per_second": 2.527
}