{
    "epoch": 3.0,
    "eval_accuracy": 0.873358348968105,
    "eval_loss": 0.5845112204551697,
    "eval_runtime": 1.9664,
    "eval_samples": 1066,
    "eval_samples_per_second": 542.097,
    "eval_steps_per_second": 17.29
}