{
    "epoch": 3.0,
    "eval_accuracy": 0.801800012588501,
    "eval_loss": 0.5381585359573364,
    "eval_runtime": 149.3104,
    "eval_samples": 25000,
    "eval_samples_per_second": 167.436,
    "eval_steps_per_second": 5.237
}