{
    "epoch": 3.0,
    "eval_accuracy": 0.7599999904632568,
    "eval_loss": 0.5178917646408081,
    "eval_runtime": 0.1308,
    "eval_samples": 100,
    "eval_samples_per_second": 764.544,
    "eval_steps_per_second": 30.582
}