{
    "epoch": 15.0,
    "eval_gen_len": 2.9873333333333334,
    "eval_loss": 1.253513216972351,
    "eval_pearson": 84.2954,
    "eval_runtime": 2.5122,
    "eval_samples": 1500,
    "eval_samples_per_second": 597.091,
    "eval_spearmanr": 84.0631,
    "eval_steps_per_second": 9.553
}