{
    "epoch": 3.0,
    "eval_accuracy": 0.5579937100410461,
    "eval_loss": 0.7406779527664185,
    "eval_runtime": 0.6825,
    "eval_samples": 638,
    "eval_samples_per_second": 934.81,
    "eval_steps_per_second": 29.304
}