{
    "epoch": 3.0,
    "eval_accuracy": 0.4956590235233307,
    "eval_loss": 0.6953819394111633,
    "eval_runtime": 3.2015,
    "eval_samples": 1267,
    "eval_samples_per_second": 395.75,
    "eval_steps_per_second": 12.494
}