{
    "epoch": 3.0,
    "eval_accuracy": 0.7464946149156676,
    "eval_loss": 0.6395522952079773,
    "eval_runtime": 23.9805,
    "eval_samples": 9842,
    "eval_samples_per_second": 410.417,
    "eval_steps_per_second": 12.844
}