{
    "epoch": 3.0,
    "eval_accuracy": 0.7476122739280634,
    "eval_loss": 0.6900731325149536,
    "eval_runtime": 24.6753,
    "eval_samples": 9842,
    "eval_samples_per_second": 398.86,
    "eval_steps_per_second": 12.482
}