{
    "epoch": 3.0,
    "eval_accuracy": 0.6345565915107727,
    "eval_loss": 0.7651098370552063,
    "eval_runtime": 36.5831,
    "eval_samples": 3270,
    "eval_samples_per_second": 89.385,
    "eval_steps_per_second": 2.816
}