{
    "epoch": 3.0,
    "eval_accuracy": 0.8103606077246934,
    "eval_loss": 0.624650776386261,
    "eval_runtime": 15.3132,
    "eval_samples": 5463,
    "eval_samples_per_second": 356.752,
    "eval_steps_per_second": 11.167
}