{
    "epoch": 3.0,
    "eval_accuracy": 0.7745098039215687,
    "eval_combined_score": 0.8100736939070932,
    "eval_f1": 0.8456375838926176,
    "eval_loss": 0.5419848561286926,
    "eval_runtime": 1.0243,
    "eval_samples": 408,
    "eval_samples_per_second": 398.308,
    "eval_steps_per_second": 12.691
}