{
    "epoch": 3.0,
    "eval_accuracy": 0.7798664358149888,
    "eval_combined_score": 0.7551255838572066,
    "eval_f1": 0.7303847318994244,
    "eval_loss": 0.9266765117645264,
    "eval_runtime": 122.1525,
    "eval_samples": 40430,
    "eval_samples_per_second": 330.98,
    "eval_steps_per_second": 10.348
}