{
    "epoch": 3.0,
    "eval_accuracy": 0.5761697292327881,
    "eval_loss": 0.6765822172164917,
    "eval_runtime": 7.9915,
    "eval_samples": 1838,
    "eval_samples_per_second": 229.995,
    "eval_steps_per_second": 7.258
}