{
    "epoch": 3.0,
    "eval_accuracy": 0.5703971119133574,
    "eval_loss": 0.6979694366455078,
    "eval_runtime": 1.7065,
    "eval_samples": 277,
    "eval_samples_per_second": 162.32,
    "eval_steps_per_second": 5.274
}