{
    "epoch": 3.0,
    "eval_accuracy": 0.911042944785276,
    "eval_loss": 0.4605821371078491,
    "eval_runtime": 2.2044,
    "eval_samples": 1304,
    "eval_samples_per_second": 591.552,
    "eval_steps_per_second": 18.599
}