{
    "epoch": 3.0,
    "eval_accuracy": 0.9164110429447853,
    "eval_loss": 0.4485791027545929,
    "eval_runtime": 2.129,
    "eval_samples": 1304,
    "eval_samples_per_second": 612.488,
    "eval_steps_per_second": 19.258
}