{
    "epoch": 3.0,
    "eval_accuracy": 0.6379310488700867,
    "eval_loss": 0.9437294006347656,
    "eval_runtime": 0.6854,
    "eval_samples": 638,
    "eval_samples_per_second": 930.9,
    "eval_steps_per_second": 29.182
}