{
    "epoch": 15.0,
    "eval_gen_len": 2.990666666666667,
    "eval_loss": 1.0947710275650024,
    "eval_pearson": 85.0747,
    "eval_runtime": 6.1268,
    "eval_samples": 1500,
    "eval_samples_per_second": 244.826,
    "eval_spearmanr": 84.5164,
    "eval_steps_per_second": 7.671
}