{
    "epoch": 3.0,
    "eval_accuracy": 0.6346153616905212,
    "eval_loss": 0.6702677607536316,
    "eval_runtime": 0.2652,
    "eval_samples": 104,
    "eval_samples_per_second": 392.194,
    "eval_steps_per_second": 15.084
}