{
    "epoch": 3.0,
    "eval_accuracy": 0.6931407942238267,
    "eval_loss": 1.0900938510894775,
    "eval_runtime": 1.7242,
    "eval_samples": 277,
    "eval_samples_per_second": 160.656,
    "eval_steps_per_second": 5.22
}