{
    "epoch": 3.0,
    "eval_accuracy": 0.29476198554039,
    "eval_loss": 1.387246012687683,
    "eval_runtime": 92.3168,
    "eval_samples": 10042,
    "eval_samples_per_second": 108.778,
    "eval_steps_per_second": 3.401
}