{
    "epoch": 3.0,
    "eval_accuracy": 0.8035714030265808,
    "eval_loss": 0.8179411292076111,
    "eval_runtime": 0.1367,
    "eval_samples": 56,
    "eval_samples_per_second": 409.524,
    "eval_steps_per_second": 14.626
}