{
    "epoch": 3.0,
    "eval_accuracy": 0.5199999809265137,
    "eval_loss": 0.7321218848228455,
    "eval_runtime": 0.1297,
    "eval_samples": 100,
    "eval_samples_per_second": 770.792,
    "eval_steps_per_second": 30.832
}