{
    "epoch": 3.0,
    "eval_accuracy": 0.5446137189865112,
    "eval_loss": 0.6914064884185791,
    "eval_runtime": 7.7103,
    "eval_samples": 1838,
    "eval_samples_per_second": 238.384,
    "eval_steps_per_second": 7.522
}