{
    "epoch": 3.0,
    "eval_accuracy": 0.7957209992579768,
    "eval_combined_score": 0.7678752939253151,
    "eval_f1": 0.7400295885926532,
    "eval_loss": 0.6566495299339294,
    "eval_runtime": 99.6013,
    "eval_samples": 40430,
    "eval_samples_per_second": 405.918,
    "eval_steps_per_second": 12.691
}