{
    "epoch": 3.0,
    "eval_accuracy": 0.8195130880468607,
    "eval_loss": 0.645225465297699,
    "eval_runtime": 14.7582,
    "eval_samples": 5463,
    "eval_samples_per_second": 370.168,
    "eval_steps_per_second": 11.587
}