{
    "epoch": 3.0,
    "eval_accuracy": 0.7650883966673441,
    "eval_loss": 0.692789614200592,
    "eval_runtime": 26.5032,
    "eval_samples": 9842,
    "eval_samples_per_second": 371.351,
    "eval_steps_per_second": 46.447
}