{
    "epoch": 3.0,
    "eval_accuracy": 0.5234375,
    "eval_loss": 0.6931077837944031,
    "eval_runtime": 1.2474,
    "eval_samples": 384,
    "eval_samples_per_second": 307.844,
    "eval_steps_per_second": 9.62
}