{
    "epoch": 3.0,
    "eval_accuracy": 0.8137254901960784,
    "eval_combined_score": 0.841118800461361,
    "eval_f1": 0.8685121107266436,
    "eval_loss": 0.7178213000297546,
    "eval_runtime": 1.0043,
    "eval_samples": 408,
    "eval_samples_per_second": 406.245,
    "eval_steps_per_second": 12.944
}