{
    "epoch": 3.0,
    "eval_accuracy": 0.8455882352941176,
    "eval_combined_score": 0.8691314259945886,
    "eval_f1": 0.8926746166950595,
    "eval_loss": 0.6812354326248169,
    "eval_runtime": 1.0246,
    "eval_samples": 408,
    "eval_samples_per_second": 398.219,
    "eval_steps_per_second": 12.688
}