{
    "epoch": 3.0,
    "eval_accuracy": 0.5485893487930298,
    "eval_loss": 0.8607423305511475,
    "eval_runtime": 0.6758,
    "eval_samples": 638,
    "eval_samples_per_second": 944.025,
    "eval_steps_per_second": 29.593
}