{
    "epoch": 3.0,
    "eval_accuracy": 0.405322402715683,
    "eval_loss": 1.0986086130142212,
    "eval_runtime": 5.6095,
    "eval_samples": 1954,
    "eval_samples_per_second": 348.34,
    "eval_steps_per_second": 11.053
}