{
    "epoch": 15.0,
    "eval_gen_len": 2.9993333333333334,
    "eval_loss": 1.1102328300476074,
    "eval_pearson": 74.4121,
    "eval_runtime": 3.25,
    "eval_samples": 1500,
    "eval_samples_per_second": 461.542,
    "eval_spearmanr": 74.064,
    "eval_steps_per_second": 7.385
}