{
    "epoch": 3.0,
    "eval_accuracy": 0.4988161027431488,
    "eval_loss": 0.7056048512458801,
    "eval_runtime": 1.8821,
    "eval_samples": 1267,
    "eval_samples_per_second": 673.197,
    "eval_steps_per_second": 21.253
}