{
    "epoch": 15.0,
    "eval_gen_len": 2.9873333333333334,
    "eval_loss": 1.201930046081543,
    "eval_pearson": 85.7541,
    "eval_runtime": 2.8555,
    "eval_samples": 1500,
    "eval_samples_per_second": 525.295,
    "eval_spearmanr": 85.5825,
    "eval_steps_per_second": 8.405
}