{
    "epoch": 3.0,
    "eval_accuracy": 0.4703173041343689,
    "eval_loss": 1.1095614433288574,
    "eval_runtime": 5.447,
    "eval_samples": 1954,
    "eval_samples_per_second": 358.727,
    "eval_steps_per_second": 11.382
}