{
    "epoch": 3.0,
    "eval_accuracy": 0.6944726681568787,
    "eval_loss": 0.702906608581543,
    "eval_runtime": 24.6727,
    "eval_samples": 9842,
    "eval_samples_per_second": 398.902,
    "eval_steps_per_second": 12.483
}