{
    "epoch": 3.0,
    "eval_accuracy": 0.8686679174484052,
    "eval_loss": 0.5890249609947205,
    "eval_runtime": 1.7495,
    "eval_samples": 1066,
    "eval_samples_per_second": 609.322,
    "eval_steps_per_second": 19.434
}