{
    "epoch": 3.0,
    "eval_accuracy": 0.2535351514816284,
    "eval_loss": 1.3922178745269775,
    "eval_runtime": 41.0164,
    "eval_samples": 10042,
    "eval_samples_per_second": 244.829,
    "eval_steps_per_second": 7.655
}