{
    "epoch": 3.0,
    "eval_accuracy": 0.6316614151000977,
    "eval_loss": 1.4662010669708252,
    "eval_runtime": 0.6973,
    "eval_samples": 638,
    "eval_samples_per_second": 914.992,
    "eval_steps_per_second": 28.683
}