{
    "epoch": 3.0,
    "eval_accuracy": 0.7473410833539451,
    "eval_combined_score": 0.7225029328333344,
    "eval_f1": 0.6976647823127238,
    "eval_loss": 0.573917806148529,
    "eval_runtime": 98.5838,
    "eval_samples": 40430,
    "eval_samples_per_second": 410.108,
    "eval_steps_per_second": 12.822
}