{
    "epoch": 3.0,
    "eval_accuracy": 0.4017128050327301,
    "eval_loss": 1.3371365070343018,
    "eval_runtime": 105.3491,
    "eval_samples": 10042,
    "eval_samples_per_second": 95.321,
    "eval_steps_per_second": 2.981
}