{
    "epoch": 3.0,
    "eval_accuracy": 0.4206755459308624,
    "eval_loss": 1.15202796459198,
    "eval_runtime": 5.8344,
    "eval_samples": 1954,
    "eval_samples_per_second": 334.908,
    "eval_steps_per_second": 10.627
}