{
    "epoch": 3.0,
    "eval_accuracy": 0.8480300187617261,
    "eval_loss": 0.6736191511154175,
    "eval_runtime": 1.6871,
    "eval_samples": 1066,
    "eval_samples_per_second": 631.841,
    "eval_steps_per_second": 20.153
}