{
    "epoch": 3.0,
    "eval_accuracy": 0.6510416865348816,
    "eval_loss": 0.6505126953125,
    "eval_runtime": 1.5688,
    "eval_samples": 384,
    "eval_samples_per_second": 244.775,
    "eval_steps_per_second": 7.649
}