{
    "epoch": 10.0,
    "eval_gen_len": 2.994666666666667,
    "eval_loss": 1.2864443063735962,
    "eval_pearson": 84.8266,
    "eval_runtime": 6.0216,
    "eval_samples": 1500,
    "eval_samples_per_second": 249.103,
    "eval_spearmanr": 84.9332,
    "eval_steps_per_second": 3.986
}