{
    "epoch": 3.0,
    "eval_accuracy": 0.7093742270591146,
    "eval_combined_score": 0.6595821719780164,
    "eval_f1": 0.6097901168969181,
    "eval_loss": 0.5665445327758789,
    "eval_runtime": 98.6308,
    "eval_samples": 40430,
    "eval_samples_per_second": 409.913,
    "eval_steps_per_second": 12.815
}