{
    "epoch": 3.0,
    "eval_accuracy": 0.3843398094177246,
    "eval_loss": 1.0961949825286865,
    "eval_runtime": 5.5979,
    "eval_samples": 1954,
    "eval_samples_per_second": 349.058,
    "eval_steps_per_second": 11.076
}