{
    "epoch": 3.0,
    "eval_accuracy": 0.7845906505070492,
    "eval_combined_score": 0.7618468665494713,
    "eval_f1": 0.7391030825918934,
    "eval_loss": 0.7124394178390503,
    "eval_runtime": 99.5918,
    "eval_samples": 40430,
    "eval_samples_per_second": 405.957,
    "eval_steps_per_second": 12.692
}