{
    "epoch": 3.0,
    "eval_accuracy": 0.7142857313156128,
    "eval_loss": 0.7677817344665527,
    "eval_runtime": 0.1428,
    "eval_samples": 56,
    "eval_samples_per_second": 392.073,
    "eval_steps_per_second": 14.003
}