{
    "epoch": 3.0,
    "eval_accuracy": 0.8029871977240398,
    "eval_loss": 0.623783528804779,
    "eval_runtime": 24.3235,
    "eval_samples": 9842,
    "eval_samples_per_second": 404.629,
    "eval_steps_per_second": 12.663
}