{
    "epoch": 3.0,
    "eval_accuracy": 0.7857142686843872,
    "eval_loss": 0.743932843208313,
    "eval_runtime": 0.1375,
    "eval_samples": 56,
    "eval_samples_per_second": 407.328,
    "eval_steps_per_second": 14.547
}