{
    "epoch": 3.0,
    "eval_accuracy": 0.8284825187625846,
    "eval_loss": 0.6197540163993835,
    "eval_runtime": 13.5814,
    "eval_samples": 5463,
    "eval_samples_per_second": 402.242,
    "eval_steps_per_second": 12.591
}