{
    "epoch": 3.0,
    "eval_accuracy": 0.9095092024539877,
    "eval_loss": 0.46920663118362427,
    "eval_runtime": 2.1363,
    "eval_samples": 1304,
    "eval_samples_per_second": 610.399,
    "eval_steps_per_second": 19.192
}