{
    "epoch": 3.0,
    "eval_accuracy": 0.3884684443473816,
    "eval_loss": 1.3563283681869507,
    "eval_runtime": 92.4272,
    "eval_samples": 10042,
    "eval_samples_per_second": 108.648,
    "eval_steps_per_second": 3.397
}