{
    "epoch": 3.0,
    "eval_accuracy": 0.6000000238418579,
    "eval_loss": 0.6918904781341553,
    "eval_runtime": 0.1262,
    "eval_samples": 100,
    "eval_samples_per_second": 792.125,
    "eval_steps_per_second": 31.685
}