{
    "epoch": 3.0,
    "eval_accuracy": 0.2504481077194214,
    "eval_loss": 1.3885612487792969,
    "eval_runtime": 40.4296,
    "eval_samples": 10042,
    "eval_samples_per_second": 248.383,
    "eval_steps_per_second": 7.767
}