{
    "epoch": 15.0,
    "eval_gen_len": 2.9993333333333334,
    "eval_loss": 1.0403859615325928,
    "eval_pearson": 84.159,
    "eval_runtime": 20.4008,
    "eval_samples": 1500,
    "eval_samples_per_second": 73.527,
    "eval_spearmanr": 86.1608,
    "eval_steps_per_second": 4.608
}