{
    "epoch": 15.0,
    "eval_gen_len": 2.9953333333333334,
    "eval_loss": 1.3165310621261597,
    "eval_pearson": 81.651,
    "eval_runtime": 3.3671,
    "eval_samples": 1500,
    "eval_samples_per_second": 445.482,
    "eval_spearmanr": 81.3298,
    "eval_steps_per_second": 7.128
}