{
    "epoch": 3.0,
    "eval_accuracy": 0.8359875526267618,
    "eval_loss": 0.582997739315033,
    "eval_runtime": 13.5912,
    "eval_samples": 5463,
    "eval_samples_per_second": 401.95,
    "eval_steps_per_second": 12.582
}