{
    "epoch": 3.0,
    "eval_accuracy": 0.6428134441375732,
    "eval_loss": 0.6814674735069275,
    "eval_runtime": 25.5007,
    "eval_samples": 3270,
    "eval_samples_per_second": 128.232,
    "eval_steps_per_second": 4.039
}