{
    "epoch": 3.0,
    "eval_accuracy": 0.7965866930497155,
    "eval_combined_score": 0.7640634059359697,
    "eval_f1": 0.7315401188222237,
    "eval_loss": 0.69171541929245,
    "eval_runtime": 101.5395,
    "eval_samples": 40430,
    "eval_samples_per_second": 398.17,
    "eval_steps_per_second": 12.448
}