{
    "epoch": 3.0,
    "eval_accuracy": 0.8553921568627451,
    "eval_combined_score": 0.8760323306205144,
    "eval_f1": 0.8966725043782837,
    "eval_loss": 0.642483651638031,
    "eval_runtime": 1.1512,
    "eval_samples": 408,
    "eval_samples_per_second": 354.423,
    "eval_steps_per_second": 11.293
}