{
    "epoch": 3.0,
    "eval_accuracy": 0.8333333333333334,
    "eval_combined_score": 0.8576388888888888,
    "eval_f1": 0.8819444444444444,
    "eval_loss": 0.5895606875419617,
    "eval_runtime": 1.0631,
    "eval_samples": 408,
    "eval_samples_per_second": 383.801,
    "eval_steps_per_second": 12.229
}