{
    "epoch": 3.0,
    "eval_combined_score": 0.838980882660324,
    "eval_loss": 0.8574132323265076,
    "eval_pearson": 0.8335087741916368,
    "eval_runtime": 4.1238,
    "eval_samples": 1500,
    "eval_samples_per_second": 363.744,
    "eval_spearmanr": 0.8444529911290113,
    "eval_steps_per_second": 45.589
}