{
    "epoch": 3.0,
    "eval_accuracy": 0.5667870036101083,
    "eval_loss": 0.695683479309082,
    "eval_runtime": 1.6986,
    "eval_samples": 277,
    "eval_samples_per_second": 163.074,
    "eval_steps_per_second": 5.298
}