{
    "epoch": 3.0,
    "eval_accuracy": 0.3286933550091445,
    "eval_loss": 1.098832607269287,
    "eval_runtime": 23.8831,
    "eval_samples": 9842,
    "eval_samples_per_second": 412.091,
    "eval_steps_per_second": 12.896
}