{
    "epoch": 3.0,
    "eval_accuracy": 0.8093742270591145,
    "eval_combined_score": 0.7793659648743164,
    "eval_f1": 0.7493577026895183,
    "eval_loss": 0.7120832204818726,
    "eval_runtime": 112.4662,
    "eval_samples": 40430,
    "eval_samples_per_second": 359.486,
    "eval_steps_per_second": 44.938
}