{
    "epoch": 3.0,
    "eval_accuracy": 0.5270758122743683,
    "eval_loss": 0.6910386085510254,
    "eval_runtime": 1.7228,
    "eval_samples": 277,
    "eval_samples_per_second": 160.789,
    "eval_steps_per_second": 5.224
}