{
    "epoch": 15.0,
    "eval_gen_len": 2.9993333333333334,
    "eval_loss": 1.0296244621276855,
    "eval_pearson": 86.6393,
    "eval_runtime": 7.3276,
    "eval_samples": 1500,
    "eval_samples_per_second": 204.707,
    "eval_spearmanr": 86.115,
    "eval_steps_per_second": 6.414
}