{
    "epoch": 3.0,
    "eval_accuracy": 0.5375407934188843,
    "eval_loss": 0.6930036544799805,
    "eval_runtime": 7.876,
    "eval_samples": 1838,
    "eval_samples_per_second": 233.368,
    "eval_steps_per_second": 7.364
}