{
    "epoch": 3.0,
    "eval_accuracy": 0.36549413204193115,
    "eval_loss": 1.4202022552490234,
    "eval_runtime": 36.6387,
    "eval_samples": 2985,
    "eval_samples_per_second": 81.471,
    "eval_steps_per_second": 2.566
}