{
    "epoch": 3.0,
    "eval_accuracy": 0.6100000143051147,
    "eval_loss": 0.6757758855819702,
    "eval_runtime": 0.1295,
    "eval_samples": 100,
    "eval_samples_per_second": 772.117,
    "eval_steps_per_second": 30.885
}