{
    "epoch": 3.0,
    "eval_combined_score": 0.8739073085489357,
    "eval_loss": 0.5996666550636292,
    "eval_pearson": 0.8738453812872782,
    "eval_runtime": 3.9071,
    "eval_samples": 1500,
    "eval_samples_per_second": 383.918,
    "eval_spearmanr": 0.8739692358105934,
    "eval_steps_per_second": 12.029
}