{
    "epoch": 15.0,
    "eval_gen_len": 2.994666666666667,
    "eval_loss": 1.2580108642578125,
    "eval_pearson": 81.3422,
    "eval_runtime": 3.5493,
    "eval_samples": 1500,
    "eval_samples_per_second": 422.621,
    "eval_spearmanr": 80.7154,
    "eval_steps_per_second": 6.762
}