{
    "epoch": 15.0,
    "eval_gen_len": 2.993333333333333,
    "eval_loss": 1.0680232048034668,
    "eval_pearson": 86.0013,
    "eval_runtime": 6.4146,
    "eval_samples": 1500,
    "eval_samples_per_second": 233.84,
    "eval_spearmanr": 85.648,
    "eval_steps_per_second": 7.327
}