{
    "epoch": 3.0,
    "eval_accuracy": 0.6346153616905212,
    "eval_loss": 0.6745914816856384,
    "eval_runtime": 0.2656,
    "eval_samples": 104,
    "eval_samples_per_second": 391.55,
    "eval_steps_per_second": 15.06
}