{
    "epoch": 3.0,
    "eval_accuracy": 0.9156441717791411,
    "eval_loss": 0.4136224389076233,
    "eval_runtime": 2.135,
    "eval_samples": 1304,
    "eval_samples_per_second": 610.761,
    "eval_steps_per_second": 19.203
}