{
    "epoch": 3.0,
    "eval_accuracy": 0.7229357957839966,
    "eval_loss": 1.0457422733306885,
    "eval_runtime": 26.0134,
    "eval_samples": 3270,
    "eval_samples_per_second": 125.705,
    "eval_steps_per_second": 3.96
}