{
    "epoch": 3.0,
    "eval_accuracy": 0.7586693049715558,
    "eval_combined_score": 0.7293146641712541,
    "eval_f1": 0.6999600233709524,
    "eval_loss": 0.5158694982528687,
    "eval_runtime": 99.7772,
    "eval_samples": 40430,
    "eval_samples_per_second": 405.203,
    "eval_steps_per_second": 12.668
}