{
    "epoch": 3.0,
    "eval_accuracy": 0.7678571343421936,
    "eval_loss": 0.7089398503303528,
    "eval_runtime": 0.1375,
    "eval_samples": 56,
    "eval_samples_per_second": 407.137,
    "eval_steps_per_second": 14.541
}