{
    "epoch": 20.0,
    "eval_average_metrics": 68.80276736345435,
    "eval_loss": 1.0884402990341187,
    "eval_pearson": 68.75058008958268,
    "eval_runtime": 9.7796,
    "eval_samples_per_second": 153.38,
    "eval_spearmanr": 68.85495463732602
}