{
    "epoch": 3.0,
    "eval_accuracy": 0.6585365853658537,
    "eval_loss": 0.6858490705490112,
    "eval_runtime": 1.7397,
    "eval_samples": 1066,
    "eval_samples_per_second": 612.766,
    "eval_steps_per_second": 19.544
}