{
    "epoch": 3.0,
    "eval_combined_score": 0.8739913697403938,
    "eval_loss": 0.5588457584381104,
    "eval_pearson": 0.8727222109652607,
    "eval_runtime": 5.2818,
    "eval_samples": 1500,
    "eval_samples_per_second": 283.995,
    "eval_spearmanr": 0.8752605285155269,
    "eval_steps_per_second": 8.899
}