{
    "epoch": 3.0,
    "eval_accuracy": 0.7678571343421936,
    "eval_loss": 0.7734048962593079,
    "eval_runtime": 0.1396,
    "eval_samples": 56,
    "eval_samples_per_second": 401.043,
    "eval_steps_per_second": 14.323
}