{
    "epoch": 3.0,
    "eval_accuracy": 0.7985406876082117,
    "eval_combined_score": 0.7622644565038534,
    "eval_f1": 0.7259882253994953,
    "eval_loss": 0.6913154125213623,
    "eval_runtime": 104.5566,
    "eval_samples": 40430,
    "eval_samples_per_second": 386.681,
    "eval_steps_per_second": 12.089
}