{
    "epoch": 3.0,
    "eval_accuracy": 0.8649155722326454,
    "eval_loss": 0.7051411867141724,
    "eval_runtime": 1.8305,
    "eval_samples": 1066,
    "eval_samples_per_second": 582.35,
    "eval_steps_per_second": 18.574
}