{
    "epoch": 3.0,
    "eval_accuracy": 0.7567567567567568,
    "eval_loss": 0.6995598673820496,
    "eval_runtime": 24.4366,
    "eval_samples": 9842,
    "eval_samples_per_second": 402.756,
    "eval_steps_per_second": 12.604
}