{
    "epoch": 3.0,
    "eval_accuracy": 0.6346153616905212,
    "eval_loss": 0.6693198680877686,
    "eval_runtime": 0.2634,
    "eval_samples": 104,
    "eval_samples_per_second": 394.869,
    "eval_steps_per_second": 15.187
}