{
    "epoch": 3.0,
    "eval_combined_score": 0.8761667314957249,
    "eval_loss": 0.5926803350448608,
    "eval_pearson": 0.875290257090679,
    "eval_runtime": 3.8077,
    "eval_samples": 1500,
    "eval_samples_per_second": 393.934,
    "eval_spearmanr": 0.8770432059007707,
    "eval_steps_per_second": 12.343
}