{
    "epoch": 3.0,
    "eval_accuracy": 0.6200000047683716,
    "eval_loss": 0.6921177506446838,
    "eval_runtime": 0.1366,
    "eval_samples": 100,
    "eval_samples_per_second": 732.085,
    "eval_steps_per_second": 29.283
}