{
    "epoch": 15.0,
    "eval_gen_len": 2.9926666666666666,
    "eval_loss": 1.1062620878219604,
    "eval_pearson": 82.8887,
    "eval_runtime": 6.0008,
    "eval_samples": 1500,
    "eval_samples_per_second": 249.967,
    "eval_spearmanr": 82.7857,
    "eval_steps_per_second": 7.832
}