{
    "epoch": 3.0,
    "eval_accuracy": 0.707033634185791,
    "eval_loss": 1.0152397155761719,
    "eval_runtime": 25.8382,
    "eval_samples": 3270,
    "eval_samples_per_second": 126.557,
    "eval_steps_per_second": 3.986
}