{
    "epoch": 3.0,
    "eval_accuracy": 0.8268350723045945,
    "eval_loss": 0.6067084074020386,
    "eval_runtime": 13.42,
    "eval_samples": 5463,
    "eval_samples_per_second": 407.078,
    "eval_steps_per_second": 12.742
}