{
    "epoch": 3.0,
    "eval_accuracy": 0.5402611494064331,
    "eval_loss": 0.6931448578834534,
    "eval_runtime": 8.584,
    "eval_samples": 1838,
    "eval_samples_per_second": 214.119,
    "eval_steps_per_second": 6.757
}