{
    "epoch": 3.0,
    "eval_accuracy": 0.647263408383672,
    "eval_loss": 0.6334732174873352,
    "eval_runtime": 13.3524,
    "eval_samples": 5463,
    "eval_samples_per_second": 409.139,
    "eval_steps_per_second": 12.807
}