{
    "epoch": 3.0,
    "eval_accuracy": 0.4744114577770233,
    "eval_loss": 1.0735704898834229,
    "eval_runtime": 5.5124,
    "eval_samples": 1954,
    "eval_samples_per_second": 354.475,
    "eval_steps_per_second": 11.247
}