{
    "epoch": 3.0,
    "eval_accuracy": 0.5105527639389038,
    "eval_loss": 1.299450159072876,
    "eval_runtime": 37.6762,
    "eval_samples": 2985,
    "eval_samples_per_second": 79.228,
    "eval_steps_per_second": 2.495
}