{
    "epoch": 3.0,
    "eval_accuracy": 0.8630393996247655,
    "eval_loss": 0.5981152057647705,
    "eval_runtime": 0.5183,
    "eval_samples": 1066,
    "eval_samples_per_second": 2056.748,
    "eval_steps_per_second": 65.6
}