{
    "epoch": 15.0,
    "eval_gen_len": 2.9953333333333334,
    "eval_loss": 1.1160494089126587,
    "eval_pearson": 85.5455,
    "eval_runtime": 6.0838,
    "eval_samples": 1500,
    "eval_samples_per_second": 246.556,
    "eval_spearmanr": 85.1732,
    "eval_steps_per_second": 7.725
}