{
    "epoch": 3.0,
    "eval_accuracy": 0.4838200509548187,
    "eval_loss": 0.7052693963050842,
    "eval_runtime": 3.1819,
    "eval_samples": 1267,
    "eval_samples_per_second": 398.189,
    "eval_steps_per_second": 12.571
}