{
    "epoch": 15.0,
    "eval_gen_len": 2.9886666666666666,
    "eval_loss": 1.1083979606628418,
    "eval_pearson": 85.263,
    "eval_runtime": 6.7963,
    "eval_samples": 1500,
    "eval_samples_per_second": 220.71,
    "eval_spearmanr": 84.9336,
    "eval_steps_per_second": 6.916
}