{
    "epoch": 3.0,
    "eval_accuracy": 0.7460881934566145,
    "eval_loss": 0.7354686260223389,
    "eval_runtime": 25.0777,
    "eval_samples": 9842,
    "eval_samples_per_second": 392.46,
    "eval_steps_per_second": 12.282
}