{
    "epoch": 3.0,
    "eval_accuracy": 0.5270758122743683,
    "eval_loss": 0.6920670866966248,
    "eval_runtime": 2.0714,
    "eval_samples": 277,
    "eval_samples_per_second": 133.728,
    "eval_steps_per_second": 4.345
}