{
    "epoch": 3.0,
    "eval_accuracy": 0.6222570538520813,
    "eval_loss": 0.9186313152313232,
    "eval_runtime": 0.689,
    "eval_samples": 638,
    "eval_samples_per_second": 925.982,
    "eval_steps_per_second": 29.028
}