{
    "epoch": 3.0,
    "eval_accuracy": 0.3296482264995575,
    "eval_loss": 1.3525009155273438,
    "eval_runtime": 37.4994,
    "eval_samples": 2985,
    "eval_samples_per_second": 79.601,
    "eval_steps_per_second": 2.507
}