{
    "epoch": 3.0,
    "eval_combined_score": 0.8871460836592479,
    "eval_loss": 0.5273360013961792,
    "eval_pearson": 0.8877019281473102,
    "eval_runtime": 3.7394,
    "eval_samples": 1500,
    "eval_samples_per_second": 401.134,
    "eval_spearmanr": 0.8865902391711855,
    "eval_steps_per_second": 12.569
}