{
    "epoch": 3.0,
    "eval_accuracy": 0.6003134846687317,
    "eval_loss": 0.9079777598381042,
    "eval_runtime": 0.6806,
    "eval_samples": 638,
    "eval_samples_per_second": 937.476,
    "eval_steps_per_second": 29.388
}