{
    "epoch": 3.0,
    "eval_accuracy": 0.7798169675983181,
    "eval_combined_score": 0.7480394202433485,
    "eval_f1": 0.7162618728883788,
    "eval_loss": 0.6174916625022888,
    "eval_runtime": 100.8825,
    "eval_samples": 40430,
    "eval_samples_per_second": 400.763,
    "eval_steps_per_second": 12.529
}