{
    "epoch": 3.0,
    "eval_combined_score": 0.8642830286221528,
    "eval_loss": 0.6125866770744324,
    "eval_pearson": 0.8625764728409353,
    "eval_runtime": 4.1674,
    "eval_samples": 1500,
    "eval_samples_per_second": 359.94,
    "eval_spearmanr": 0.8659895844033704,
    "eval_steps_per_second": 11.278
}