{
    "epoch": 3.0,
    "eval_accuracy": 0.5837867259979248,
    "eval_loss": 0.6881596446037292,
    "eval_runtime": 8.3845,
    "eval_samples": 1838,
    "eval_samples_per_second": 219.214,
    "eval_steps_per_second": 6.918
}