{
    "epoch": 3.0,
    "eval_accuracy": 0.7142857313156128,
    "eval_loss": 0.8439155220985413,
    "eval_runtime": 0.1412,
    "eval_samples": 56,
    "eval_samples_per_second": 396.723,
    "eval_steps_per_second": 14.169
}