{
    "epoch": 3.0,
    "eval_accuracy": 0.8621013133208255,
    "eval_loss": 0.5223342776298523,
    "eval_runtime": 1.789,
    "eval_samples": 1066,
    "eval_samples_per_second": 595.868,
    "eval_steps_per_second": 19.005
}