{
    "epoch": 3.0,
    "eval_accuracy": 0.31583333333333335,
    "eval_loss": 1.2015447616577148,
    "eval_runtime": 3.9622,
    "eval_samples": 1200,
    "eval_samples_per_second": 302.862,
    "eval_steps_per_second": 9.591
}