{
    "epoch": 3.0,
    "eval_accuracy": 0.5056294798851013,
    "eval_loss": 1.070467472076416,
    "eval_runtime": 5.5968,
    "eval_samples": 1954,
    "eval_samples_per_second": 349.125,
    "eval_steps_per_second": 11.078
}