{
    "epoch": 3.0,
    "eval_accuracy": 0.5043409466743469,
    "eval_loss": 0.6930875778198242,
    "eval_runtime": 1.915,
    "eval_samples": 1267,
    "eval_samples_per_second": 661.607,
    "eval_steps_per_second": 20.887
}