{
    "epoch": 3.0,
    "eval_accuracy": 0.7634627108311319,
    "eval_loss": 0.6091384887695312,
    "eval_runtime": 24.298,
    "eval_samples": 9842,
    "eval_samples_per_second": 405.054,
    "eval_steps_per_second": 12.676
}