{
    "epoch": 3.0,
    "eval_accuracy": 0.628400444984436,
    "eval_loss": 0.6545518040657043,
    "eval_runtime": 7.6633,
    "eval_samples": 1838,
    "eval_samples_per_second": 239.843,
    "eval_steps_per_second": 7.568
}