{
    "epoch": 3.0,
    "eval_accuracy": 0.9049079754601227,
    "eval_loss": 0.4580168128013611,
    "eval_runtime": 2.2793,
    "eval_samples": 1304,
    "eval_samples_per_second": 572.1,
    "eval_steps_per_second": 17.988
}