{
    "epoch": 3.0,
    "eval_accuracy": 0.24790619313716888,
    "eval_loss": 1.3862950801849365,
    "eval_runtime": 36.9854,
    "eval_samples": 2985,
    "eval_samples_per_second": 80.708,
    "eval_steps_per_second": 2.542
}