{
    "epoch": 3.0,
    "eval_accuracy": 0.6899999976158142,
    "eval_loss": 0.6539597511291504,
    "eval_runtime": 0.1299,
    "eval_samples": 100,
    "eval_samples_per_second": 769.894,
    "eval_steps_per_second": 30.796
}