{
    "epoch": 3.0,
    "eval_accuracy": 0.8367729831144465,
    "eval_loss": 0.5001852512359619,
    "eval_runtime": 1.7408,
    "eval_samples": 1066,
    "eval_samples_per_second": 612.349,
    "eval_steps_per_second": 19.531
}