{
    "epoch": 3.0,
    "eval_accuracy": 0.6931407942238267,
    "eval_loss": 1.131181240081787,
    "eval_runtime": 1.692,
    "eval_samples": 277,
    "eval_samples_per_second": 163.71,
    "eval_steps_per_second": 5.319
}