{
    "epoch": 3.0,
    "eval_accuracy": 0.5182291865348816,
    "eval_loss": 0.6931468844413757,
    "eval_runtime": 1.3757,
    "eval_samples": 384,
    "eval_samples_per_second": 279.126,
    "eval_steps_per_second": 8.723
}