{
    "epoch": 3.0,
    "eval_accuracy": 0.8420281896393923,
    "eval_loss": 0.46641114354133606,
    "eval_runtime": 13.758,
    "eval_samples": 5463,
    "eval_samples_per_second": 397.077,
    "eval_steps_per_second": 12.429
}