{
    "epoch": 3.0,
    "eval_accuracy": 0.8848039215686274,
    "eval_combined_score": 0.9011014335435404,
    "eval_f1": 0.9173989455184535,
    "eval_loss": 0.4630943834781647,
    "eval_runtime": 1.5502,
    "eval_samples": 408,
    "eval_samples_per_second": 263.195,
    "eval_steps_per_second": 8.386
}