{
    "epoch": 3.0,
    "eval_accuracy": 0.8555347091932458,
    "eval_loss": 0.6009353399276733,
    "eval_runtime": 1.7376,
    "eval_samples": 1066,
    "eval_samples_per_second": 613.481,
    "eval_steps_per_second": 19.567
}