{
    "epoch": 3.0,
    "eval_accuracy": 0.6346153616905212,
    "eval_loss": 0.6777986884117126,
    "eval_runtime": 0.2631,
    "eval_samples": 104,
    "eval_samples_per_second": 395.262,
    "eval_steps_per_second": 15.202
}