{
    "epoch": 3.0,
    "eval_accuracy": 0.91172,
    "eval_loss": 0.42552655935287476,
    "eval_runtime": 128.6406,
    "eval_samples": 25000,
    "eval_samples_per_second": 194.34,
    "eval_steps_per_second": 6.079
}