{
    "epoch": 3.0,
    "eval_accuracy": 0.6575899207478155,
    "eval_loss": 0.7945213913917542,
    "eval_runtime": 25.4028,
    "eval_samples": 9842,
    "eval_samples_per_second": 387.438,
    "eval_steps_per_second": 12.125
}