{
    "epoch": 3.0,
    "eval_accuracy": 0.7364620938628159,
    "eval_loss": 1.1019513607025146,
    "eval_runtime": 1.6866,
    "eval_samples": 277,
    "eval_samples_per_second": 164.232,
    "eval_steps_per_second": 5.336
}