{
    "epoch": 3.0,
    "eval_accuracy": 0.6346153616905212,
    "eval_loss": 0.6879732608795166,
    "eval_runtime": 0.2654,
    "eval_samples": 104,
    "eval_samples_per_second": 391.931,
    "eval_steps_per_second": 15.074
}