{
    "epoch": 3.0,
    "eval_accuracy": 0.2707628011703491,
    "eval_loss": 1.3862903118133545,
    "eval_runtime": 91.8827,
    "eval_samples": 10042,
    "eval_samples_per_second": 109.292,
    "eval_steps_per_second": 3.417
}