{
    "epoch": 3.0,
    "eval_accuracy": 0.3333333333333333,
    "eval_loss": 1.1128060817718506,
    "eval_runtime": 3.7911,
    "eval_samples": 1200,
    "eval_samples_per_second": 316.534,
    "eval_steps_per_second": 10.024
}