{
    "epoch": 3.0,
    "eval_accuracy": 0.91456,
    "eval_loss": 0.4401986598968506,
    "eval_runtime": 133.098,
    "eval_samples": 25000,
    "eval_samples_per_second": 187.832,
    "eval_steps_per_second": 5.875
}