{
    "epoch": 3.0,
    "eval_accuracy": 0.6425992779783394,
    "eval_loss": 0.7983400225639343,
    "eval_runtime": 1.6701,
    "eval_samples": 277,
    "eval_samples_per_second": 165.862,
    "eval_steps_per_second": 5.389
}