{
    "epoch": 3.0,
    "eval_accuracy": 0.8186274509803921,
    "eval_combined_score": 0.8476470588235294,
    "eval_f1": 0.8766666666666666,
    "eval_loss": 0.6913560032844543,
    "eval_runtime": 1.0334,
    "eval_samples": 408,
    "eval_samples_per_second": 394.808,
    "eval_steps_per_second": 12.58
}