{
    "epoch": 3.0,
    "eval_accuracy": 0.7544892406628741,
    "eval_combined_score": 0.7225569255302902,
    "eval_f1": 0.6906246103977061,
    "eval_loss": 0.6088777780532837,
    "eval_runtime": 109.8755,
    "eval_samples": 40430,
    "eval_samples_per_second": 367.962,
    "eval_steps_per_second": 45.998
}