{
    "epoch": 3.0,
    "eval_accuracy": 0.2576214373111725,
    "eval_loss": 1.455989956855774,
    "eval_runtime": 40.2705,
    "eval_samples": 2985,
    "eval_samples_per_second": 74.124,
    "eval_steps_per_second": 2.334
}