{
    "epoch": 3.0,
    "eval_accuracy": 0.7786297303982191,
    "eval_combined_score": 0.7530066105539679,
    "eval_f1": 0.7273834907097168,
    "eval_loss": 0.703794538974762,
    "eval_runtime": 112.8489,
    "eval_samples": 40430,
    "eval_samples_per_second": 358.267,
    "eval_steps_per_second": 11.201
}