{
    "epoch": 3.0,
    "eval_accuracy": 0.5260416865348816,
    "eval_loss": 0.6931257247924805,
    "eval_runtime": 1.3578,
    "eval_samples": 384,
    "eval_samples_per_second": 282.813,
    "eval_steps_per_second": 8.838
}