{
    "epoch": 3.0,
    "eval_accuracy": 0.6346153616905212,
    "eval_loss": 0.6763156056404114,
    "eval_runtime": 0.2599,
    "eval_samples": 104,
    "eval_samples_per_second": 400.144,
    "eval_steps_per_second": 15.39
}