{
    "epoch": 3.0,
    "eval_accuracy": 0.8161764705882353,
    "eval_combined_score": 0.8437657653112702,
    "eval_f1": 0.8713550600343053,
    "eval_loss": 0.8357405066490173,
    "eval_runtime": 1.2066,
    "eval_samples": 408,
    "eval_samples_per_second": 338.147,
    "eval_steps_per_second": 10.774
}