{
    "epoch": 3.0,
    "eval_accuracy": 0.5500544309616089,
    "eval_loss": 0.6865990161895752,
    "eval_runtime": 1.9472,
    "eval_samples": 1838,
    "eval_samples_per_second": 943.931,
    "eval_steps_per_second": 29.787
}