{
    "epoch": 3.0,
    "eval_accuracy": 0.8015829829334652,
    "eval_combined_score": 0.7753144220805097,
    "eval_f1": 0.7490458612275542,
    "eval_loss": 0.7949838638305664,
    "eval_runtime": 102.4928,
    "eval_samples": 40430,
    "eval_samples_per_second": 394.467,
    "eval_steps_per_second": 12.333
}