{
    "epoch": 3.0,
    "eval_accuracy": 0.91712,
    "eval_loss": 0.4040586054325104,
    "eval_runtime": 130.2219,
    "eval_samples": 25000,
    "eval_samples_per_second": 191.98,
    "eval_steps_per_second": 6.005
}