{
    "epoch": 15.0,
    "eval_gen_len": 2.997333333333333,
    "eval_loss": 1.2685234546661377,
    "eval_pearson": 79.4349,
    "eval_runtime": 3.7646,
    "eval_samples": 1500,
    "eval_samples_per_second": 398.452,
    "eval_spearmanr": 79.0837,
    "eval_steps_per_second": 6.375
}