{
    "epoch": 3.0,
    "eval_accuracy": 0.5875952243804932,
    "eval_loss": 0.6857702136039734,
    "eval_runtime": 8.0279,
    "eval_samples": 1838,
    "eval_samples_per_second": 228.952,
    "eval_steps_per_second": 7.225
}