{
    "epoch": 3.0,
    "eval_accuracy": 0.8504901960784313,
    "eval_combined_score": 0.873984593837535,
    "eval_f1": 0.8974789915966387,
    "eval_loss": 0.7194951176643372,
    "eval_runtime": 1.1811,
    "eval_samples": 408,
    "eval_samples_per_second": 345.452,
    "eval_steps_per_second": 11.007
}