{
    "epoch": 3.0,
    "eval_accuracy": 0.5375407934188843,
    "eval_loss": 0.6901333332061768,
    "eval_runtime": 8.4839,
    "eval_samples": 1838,
    "eval_samples_per_second": 216.646,
    "eval_steps_per_second": 6.836
}