{
    "epoch": 3.0,
    "eval_accuracy": 0.9087423312883436,
    "eval_loss": 0.42383140325546265,
    "eval_runtime": 2.125,
    "eval_samples": 1304,
    "eval_samples_per_second": 613.637,
    "eval_steps_per_second": 19.294
}