{
    "epoch": 3.0,
    "eval_accuracy": 0.9041411042944786,
    "eval_loss": 0.47650107741355896,
    "eval_runtime": 2.1514,
    "eval_samples": 1304,
    "eval_samples_per_second": 606.107,
    "eval_steps_per_second": 19.057
}