{
    "epoch": 3.0,
    "eval_accuracy": 0.6346153616905212,
    "eval_loss": 0.6729303598403931,
    "eval_runtime": 0.2582,
    "eval_samples": 104,
    "eval_samples_per_second": 402.765,
    "eval_steps_per_second": 15.491
}