{
    "epoch": 3.0,
    "eval_combined_score": 0.8743671372995518,
    "eval_loss": 0.5787553787231445,
    "eval_pearson": 0.8731002867514471,
    "eval_runtime": 3.8035,
    "eval_samples": 1500,
    "eval_samples_per_second": 394.369,
    "eval_spearmanr": 0.8756339878476564,
    "eval_steps_per_second": 12.357
}