{
    "epoch": 3.0,
    "eval_accuracy": 0.7990196078431373,
    "eval_combined_score": 0.8293043244695139,
    "eval_f1": 0.8595890410958904,
    "eval_loss": 0.6083654165267944,
    "eval_runtime": 1.0794,
    "eval_samples": 408,
    "eval_samples_per_second": 377.989,
    "eval_steps_per_second": 47.249
}