{
    "epoch": 3.0,
    "eval_accuracy": 0.4699999988079071,
    "eval_loss": 0.7098178267478943,
    "eval_runtime": 0.1247,
    "eval_samples": 100,
    "eval_samples_per_second": 802.122,
    "eval_steps_per_second": 32.085
}