{
    "epoch": 3.0,
    "eval_accuracy": 0.7981101402154034,
    "eval_loss": 0.6430466175079346,
    "eval_runtime": 27.6427,
    "eval_samples": 9842,
    "eval_samples_per_second": 356.043,
    "eval_steps_per_second": 11.142
}