{
    "epoch": 3.0,
    "eval_accuracy": 0.6346153616905212,
    "eval_loss": 0.6698025465011597,
    "eval_runtime": 0.2548,
    "eval_samples": 104,
    "eval_samples_per_second": 408.154,
    "eval_steps_per_second": 15.698
}