{
    "epoch": 3.0,
    "eval_accuracy": 0.5442708134651184,
    "eval_loss": 0.6913079619407654,
    "eval_runtime": 1.268,
    "eval_samples": 384,
    "eval_samples_per_second": 302.831,
    "eval_steps_per_second": 9.463
}