{
    "epoch": 5.0,
    "eval_gen_len": 2.998666666666667,
    "eval_loss": 0.946975588798523,
    "eval_pearson": 87.237,
    "eval_runtime": 12.4094,
    "eval_samples": 1500,
    "eval_samples_per_second": 120.876,
    "eval_spearmanr": 87.2634,
    "eval_steps_per_second": 3.787
}