{
    "epoch": 3.0,
    "eval_accuracy": 0.3382442592968909,
    "eval_loss": 1.0986589193344116,
    "eval_runtime": 24.2157,
    "eval_samples": 9842,
    "eval_samples_per_second": 406.431,
    "eval_steps_per_second": 12.719
}