{
    "epoch": 15.0,
    "eval_gen_len": 2.9953333333333334,
    "eval_loss": 1.1648975610733032,
    "eval_pearson": 79.5814,
    "eval_runtime": 3.4504,
    "eval_samples": 1500,
    "eval_samples_per_second": 434.738,
    "eval_spearmanr": 79.2285,
    "eval_steps_per_second": 6.956
}