{
    "epoch": 3.0,
    "eval_accuracy": 0.7953499876329458,
    "eval_combined_score": 0.7696737561927105,
    "eval_f1": 0.7439975247524752,
    "eval_loss": 0.6851164698600769,
    "eval_runtime": 107.2212,
    "eval_samples": 40430,
    "eval_samples_per_second": 377.071,
    "eval_steps_per_second": 47.136
}