{
    "epoch": 3.0,
    "eval_accuracy": 0.8214285969734192,
    "eval_loss": 0.7038204073905945,
    "eval_runtime": 0.1414,
    "eval_samples": 56,
    "eval_samples_per_second": 396.01,
    "eval_steps_per_second": 14.143
}