{
    "epoch": 3.0,
    "eval_accuracy": 0.8651960784313726,
    "eval_combined_score": 0.8851023570049782,
    "eval_f1": 0.9050086355785838,
    "eval_loss": 0.5515053868293762,
    "eval_runtime": 1.0278,
    "eval_samples": 408,
    "eval_samples_per_second": 396.981,
    "eval_steps_per_second": 12.649
}