{
    "epoch": 3.0,
    "eval_accuracy": 0.4909234344959259,
    "eval_loss": 0.6961660981178284,
    "eval_runtime": 3.0914,
    "eval_samples": 1267,
    "eval_samples_per_second": 409.845,
    "eval_steps_per_second": 12.939
}