{
    "epoch": 10.0,
    "eval_gen_len": 2.9953333333333334,
    "eval_loss": 1.2889474630355835,
    "eval_pearson": 83.0812,
    "eval_runtime": 5.9756,
    "eval_samples": 1500,
    "eval_samples_per_second": 251.019,
    "eval_spearmanr": 83.5511,
    "eval_steps_per_second": 4.016
}