{
    "epoch": 3.0,
    "eval_accuracy": 0.7654948181263971,
    "eval_loss": 0.6574444770812988,
    "eval_runtime": 27.4563,
    "eval_samples": 9842,
    "eval_samples_per_second": 358.461,
    "eval_steps_per_second": 44.835
}