{
    "epoch": 3.0,
    "eval_accuracy": 0.6100000143051147,
    "eval_loss": 0.6794359683990479,
    "eval_runtime": 0.1274,
    "eval_samples": 100,
    "eval_samples_per_second": 785.194,
    "eval_steps_per_second": 31.408
}