{
    "epoch": 3.0,
    "eval_accuracy": 0.5390625,
    "eval_loss": 0.6931293606758118,
    "eval_runtime": 1.2199,
    "eval_samples": 384,
    "eval_samples_per_second": 314.772,
    "eval_steps_per_second": 9.837
}