{
    "epoch": 10.0,
    "eval_gen_len": 2.9926666666666666,
    "eval_loss": 1.2369788885116577,
    "eval_pearson": 82.5499,
    "eval_runtime": 6.3645,
    "eval_samples": 1500,
    "eval_samples_per_second": 235.682,
    "eval_spearmanr": 82.8775,
    "eval_steps_per_second": 3.771
}