{
    "epoch": 3.0,
    "eval_accuracy": 0.37461617588996887,
    "eval_loss": 1.0986100435256958,
    "eval_runtime": 5.7816,
    "eval_samples": 1954,
    "eval_samples_per_second": 337.969,
    "eval_steps_per_second": 10.724
}