{
    "epoch": 15.0,
    "eval_gen_len": 2.9993333333333334,
    "eval_loss": 1.119153618812561,
    "eval_pearson": 84.771,
    "eval_runtime": 6.1179,
    "eval_samples": 1500,
    "eval_samples_per_second": 245.183,
    "eval_spearmanr": 84.4321,
    "eval_steps_per_second": 7.682
}