{
    "epoch": 3.0,
    "eval_accuracy": 0.503551721572876,
    "eval_loss": 0.699891984462738,
    "eval_runtime": 3.0857,
    "eval_samples": 1267,
    "eval_samples_per_second": 410.61,
    "eval_steps_per_second": 12.963
}