{
    "epoch": 3.0,
    "eval_accuracy": 0.8174995423759839,
    "eval_loss": 0.7304530143737793,
    "eval_runtime": 14.4593,
    "eval_samples": 5463,
    "eval_samples_per_second": 377.819,
    "eval_steps_per_second": 11.826
}