{
    "epoch": 3.0,
    "eval_accuracy": 0.8182317408017573,
    "eval_loss": 0.5272395610809326,
    "eval_runtime": 14.4304,
    "eval_samples": 5463,
    "eval_samples_per_second": 378.577,
    "eval_steps_per_second": 11.85
}