{
    "epoch": 3.0,
    "eval_accuracy": 0.89656,
    "eval_loss": 0.46873739361763,
    "eval_runtime": 128.9347,
    "eval_samples": 25000,
    "eval_samples_per_second": 193.897,
    "eval_steps_per_second": 6.065
}