{
    "epoch": 3.0,
    "eval_combined_score": 0.8631988288645569,
    "eval_loss": 0.6170485019683838,
    "eval_pearson": 0.8632680984286075,
    "eval_runtime": 3.9644,
    "eval_samples": 1500,
    "eval_samples_per_second": 378.363,
    "eval_spearmanr": 0.8631295593005063,
    "eval_steps_per_second": 11.855
}