{
    "epoch": 3.0,
    "eval_accuracy": 0.29476198554039,
    "eval_loss": 1.3867969512939453,
    "eval_runtime": 90.9375,
    "eval_samples": 10042,
    "eval_samples_per_second": 110.427,
    "eval_steps_per_second": 3.453
}