{
    "epoch": 3.0,
    "eval_accuracy": 0.4983677864074707,
    "eval_loss": 0.6931473612785339,
    "eval_runtime": 7.8095,
    "eval_samples": 1838,
    "eval_samples_per_second": 235.355,
    "eval_steps_per_second": 7.427
}