{
    "epoch": 3.0,
    "eval_accuracy": 0.1775544434785843,
    "eval_loss": 1.3928604125976562,
    "eval_runtime": 36.3808,
    "eval_samples": 2985,
    "eval_samples_per_second": 82.049,
    "eval_steps_per_second": 2.584
}