{
    "epoch": 3.0,
    "eval_accuracy": 0.7667326242888944,
    "eval_combined_score": 0.7312190530859501,
    "eval_f1": 0.6957054818830058,
    "eval_loss": 0.5475964546203613,
    "eval_runtime": 99.5057,
    "eval_samples": 40430,
    "eval_samples_per_second": 406.308,
    "eval_steps_per_second": 12.703
}