{
    "epoch": 15.0,
    "eval_gen_len": 2.9966666666666666,
    "eval_loss": 1.1142151355743408,
    "eval_pearson": 83.4726,
    "eval_runtime": 6.2406,
    "eval_samples": 1500,
    "eval_samples_per_second": 240.36,
    "eval_spearmanr": 83.2038,
    "eval_steps_per_second": 7.531
}