{
    "epoch": 3.0,
    "eval_accuracy": 0.36083333333333334,
    "eval_loss": 1.2745320796966553,
    "eval_runtime": 3.8091,
    "eval_samples": 1200,
    "eval_samples_per_second": 315.033,
    "eval_steps_per_second": 9.976
}