{
    "epoch": 3.0,
    "eval_accuracy": 0.8667917448405253,
    "eval_loss": 0.5524062514305115,
    "eval_runtime": 1.7675,
    "eval_samples": 1066,
    "eval_samples_per_second": 603.122,
    "eval_steps_per_second": 19.237
}