{
    "epoch": 15.0,
    "eval_gen_len": 2.994666666666667,
    "eval_loss": 1.2986109256744385,
    "eval_pearson": 80.3089,
    "eval_runtime": 2.7527,
    "eval_samples": 1500,
    "eval_samples_per_second": 544.922,
    "eval_spearmanr": 79.9973,
    "eval_steps_per_second": 8.719
}