{
    "epoch": 3.0,
    "eval_accuracy": 0.8527204502814258,
    "eval_loss": 0.6352909207344055,
    "eval_runtime": 1.7154,
    "eval_samples": 1066,
    "eval_samples_per_second": 621.422,
    "eval_steps_per_second": 19.82
}