{
    "epoch": 3.0,
    "eval_accuracy": 0.7776651001731387,
    "eval_combined_score": 0.746624038775068,
    "eval_f1": 0.7155829773769973,
    "eval_loss": 0.6454195380210876,
    "eval_runtime": 114.2813,
    "eval_samples": 40430,
    "eval_samples_per_second": 353.776,
    "eval_steps_per_second": 44.224
}