{
    "epoch": 3.0,
    "eval_accuracy": 0.6346153616905212,
    "eval_loss": 0.6869312524795532,
    "eval_runtime": 0.2845,
    "eval_samples": 104,
    "eval_samples_per_second": 365.59,
    "eval_steps_per_second": 14.061
}