{
    "epoch": 3.0,
    "eval_accuracy": 0.6785714030265808,
    "eval_loss": 0.8881992101669312,
    "eval_runtime": 0.1401,
    "eval_samples": 56,
    "eval_samples_per_second": 399.649,
    "eval_steps_per_second": 14.273
}