{
    "epoch": 3.0,
    "eval_accuracy": 0.8357843137254902,
    "eval_combined_score": 0.8602329486011272,
    "eval_f1": 0.8846815834767642,
    "eval_loss": 0.5899109840393066,
    "eval_runtime": 1.044,
    "eval_samples": 408,
    "eval_samples_per_second": 390.802,
    "eval_steps_per_second": 12.452
}