{
    "epoch": 3.0,
    "eval_accuracy": 0.4729241877256318,
    "eval_loss": 0.6946300864219666,
    "eval_runtime": 1.7439,
    "eval_samples": 277,
    "eval_samples_per_second": 158.843,
    "eval_steps_per_second": 5.161
}