{
    "epoch": 3.0,
    "eval_accuracy": 0.8144171779141104,
    "eval_loss": 0.7438909411430359,
    "eval_runtime": 2.1235,
    "eval_samples": 1304,
    "eval_samples_per_second": 614.087,
    "eval_steps_per_second": 19.308
}