{
    "epoch": 3.0,
    "eval_accuracy": 0.5875952243804932,
    "eval_loss": 0.6747308373451233,
    "eval_runtime": 7.8675,
    "eval_samples": 1838,
    "eval_samples_per_second": 233.619,
    "eval_steps_per_second": 7.372
}