{
    "epoch": 3.0,
    "eval_accuracy": 0.6314984560012817,
    "eval_loss": 0.6618877649307251,
    "eval_runtime": 25.6268,
    "eval_samples": 3270,
    "eval_samples_per_second": 127.601,
    "eval_steps_per_second": 4.019
}