{
    "epoch": 10.0,
    "eval_gen_len": 2.9926666666666666,
    "eval_loss": 1.3076165914535522,
    "eval_pearson": 85.4138,
    "eval_runtime": 7.5955,
    "eval_samples": 1500,
    "eval_samples_per_second": 197.485,
    "eval_spearmanr": 85.3242,
    "eval_steps_per_second": 3.16
}