{
    "epoch": 3.0,
    "eval_accuracy": 0.8039538714991763,
    "eval_loss": 0.5983617305755615,
    "eval_runtime": 13.587,
    "eval_samples": 5463,
    "eval_samples_per_second": 402.075,
    "eval_steps_per_second": 12.586
}