{
    "epoch": 3.0,
    "eval_accuracy": 0.6785714030265808,
    "eval_loss": 0.8054501414299011,
    "eval_runtime": 0.1409,
    "eval_samples": 56,
    "eval_samples_per_second": 397.472,
    "eval_steps_per_second": 14.195
}