{
    "epoch": 3.0,
    "eval_accuracy": 0.6985294117647058,
    "eval_combined_score": 0.7545035348499954,
    "eval_f1": 0.810477657935285,
    "eval_loss": 0.6150761246681213,
    "eval_runtime": 1.0184,
    "eval_samples": 408,
    "eval_samples_per_second": 400.62,
    "eval_steps_per_second": 12.765
}