{
    "epoch": 3.0,
    "eval_accuracy": 0.7348099979678927,
    "eval_loss": 0.7235024571418762,
    "eval_runtime": 26.0253,
    "eval_samples": 9842,
    "eval_samples_per_second": 378.171,
    "eval_steps_per_second": 11.835
}