{
    "epoch": 3.0,
    "eval_accuracy": 0.7431814021599854,
    "eval_loss": 0.6180228590965271,
    "eval_runtime": 13.7583,
    "eval_samples": 5463,
    "eval_samples_per_second": 397.069,
    "eval_steps_per_second": 12.429
}