{
    "epoch": 3.0,
    "eval_accuracy": 0.7903042295325253,
    "eval_combined_score": 0.764624956249204,
    "eval_f1": 0.7389456829658826,
    "eval_loss": 0.594069242477417,
    "eval_runtime": 99.9575,
    "eval_samples": 40430,
    "eval_samples_per_second": 404.472,
    "eval_steps_per_second": 12.645
}