{
    "epoch": 3.0,
    "eval_combined_score": 0.8769684204745155,
    "eval_loss": 0.588413655757904,
    "eval_pearson": 0.8766727879209587,
    "eval_runtime": 3.8736,
    "eval_samples": 1500,
    "eval_samples_per_second": 387.233,
    "eval_spearmanr": 0.8772640530280723,
    "eval_steps_per_second": 12.133
}