{
    "epoch": 3.0,
    "eval_accuracy": 0.5885363221168518,
    "eval_loss": 0.9619863033294678,
    "eval_runtime": 5.457,
    "eval_samples": 1954,
    "eval_samples_per_second": 358.071,
    "eval_steps_per_second": 11.362
}