{
    "epoch": 3.0,
    "eval_accuracy": 0.7099999785423279,
    "eval_loss": 0.610008716583252,
    "eval_runtime": 0.1532,
    "eval_samples": 100,
    "eval_samples_per_second": 652.778,
    "eval_steps_per_second": 26.111
}