{
    "epoch": 3.0,
    "eval_accuracy": 0.8780674846625767,
    "eval_loss": 0.5883153676986694,
    "eval_runtime": 2.1661,
    "eval_samples": 1304,
    "eval_samples_per_second": 602.001,
    "eval_steps_per_second": 18.928
}