{
    "epoch": 3.0,
    "eval_accuracy": 0.8248215266337178,
    "eval_loss": 0.6583099961280823,
    "eval_runtime": 13.362,
    "eval_samples": 5463,
    "eval_samples_per_second": 408.845,
    "eval_steps_per_second": 12.797
}