{
    "epoch": 3.0,
    "eval_accuracy": 0.5971786975860596,
    "eval_loss": 1.536531686782837,
    "eval_runtime": 0.6889,
    "eval_samples": 638,
    "eval_samples_per_second": 926.126,
    "eval_steps_per_second": 29.032
}