{
    "epoch": 3.0,
    "eval_accuracy": 0.8571428656578064,
    "eval_loss": 0.4825915992259979,
    "eval_runtime": 0.1403,
    "eval_samples": 56,
    "eval_samples_per_second": 399.175,
    "eval_steps_per_second": 14.256
}