{
    "epoch": 3.0,
    "eval_accuracy": 0.8649155722326454,
    "eval_loss": 0.6300918459892273,
    "eval_runtime": 1.7841,
    "eval_samples": 1066,
    "eval_samples_per_second": 597.493,
    "eval_steps_per_second": 19.057
}