{
    "epoch": 3.0,
    "eval_accuracy": 0.91872,
    "eval_loss": 0.39512428641319275,
    "eval_runtime": 130.3909,
    "eval_samples": 25000,
    "eval_samples_per_second": 191.731,
    "eval_steps_per_second": 5.997
}