{
    "epoch": 3.0,
    "eval_accuracy": 0.5323082555372506,
    "eval_loss": 0.6685624122619629,
    "eval_runtime": 14.282,
    "eval_samples": 5463,
    "eval_samples_per_second": 382.509,
    "eval_steps_per_second": 11.973
}