{
    "epoch": 3.0,
    "eval_accuracy": 0.90408,
    "eval_loss": 0.4407447576522827,
    "eval_runtime": 140.8211,
    "eval_samples": 25000,
    "eval_samples_per_second": 177.53,
    "eval_steps_per_second": 5.553
}