{
    "epoch": 3.0,
    "eval_accuracy": 0.6787003610108303,
    "eval_loss": 1.1744328737258911,
    "eval_runtime": 1.6715,
    "eval_samples": 277,
    "eval_samples_per_second": 165.719,
    "eval_steps_per_second": 5.384
}