{
    "epoch": 3.0,
    "eval_accuracy": 0.6895306859205776,
    "eval_loss": 0.8396391868591309,
    "eval_runtime": 1.8014,
    "eval_samples": 277,
    "eval_samples_per_second": 153.772,
    "eval_steps_per_second": 4.996
}