{
    "epoch": 3.0,
    "eval_accuracy": 0.8186274509803921,
    "eval_combined_score": 0.8463885554221688,
    "eval_f1": 0.8741496598639455,
    "eval_loss": 0.5895939469337463,
    "eval_runtime": 1.0035,
    "eval_samples": 408,
    "eval_samples_per_second": 406.567,
    "eval_steps_per_second": 12.954
}