{
    "epoch": 3.0,
    "eval_accuracy": 0.8078901805589909,
    "eval_combined_score": 0.7791018074171172,
    "eval_f1": 0.7503134342752436,
    "eval_loss": 0.8526380658149719,
    "eval_runtime": 99.7431,
    "eval_samples": 40430,
    "eval_samples_per_second": 405.341,
    "eval_steps_per_second": 12.673
}