{
    "epoch": 3.0,
    "eval_accuracy": 0.8073707642839476,
    "eval_combined_score": 0.7738421010482759,
    "eval_f1": 0.7403134378126042,
    "eval_loss": 0.7994614243507385,
    "eval_runtime": 115.3771,
    "eval_samples": 40430,
    "eval_samples_per_second": 350.416,
    "eval_steps_per_second": 43.804
}