{
    "epoch": 10.0,
    "eval_gen_len": 2.998666666666667,
    "eval_loss": 1.2677359580993652,
    "eval_pearson": 83.0885,
    "eval_runtime": 123.3501,
    "eval_samples": 1500,
    "eval_samples_per_second": 12.161,
    "eval_spearmanr": 83.469,
    "eval_steps_per_second": 0.195
}