{
    "epoch": 15.0,
    "eval_gen_len": 2.9966666666666666,
    "eval_loss": 1.0438226461410522,
    "eval_pearson": 83.461,
    "eval_runtime": 6.483,
    "eval_samples": 1500,
    "eval_samples_per_second": 231.373,
    "eval_spearmanr": 83.1799,
    "eval_steps_per_second": 7.25
}