{
    "epoch": 3.0,
    "eval_accuracy": 0.7142857313156128,
    "eval_loss": 0.8801154494285583,
    "eval_runtime": 0.1369,
    "eval_samples": 56,
    "eval_samples_per_second": 408.919,
    "eval_steps_per_second": 14.604
}