{
    "epoch": 3.0,
    "eval_accuracy": 0.2944723665714264,
    "eval_loss": 1.3723160028457642,
    "eval_runtime": 37.5389,
    "eval_samples": 2985,
    "eval_samples_per_second": 79.518,
    "eval_steps_per_second": 2.504
}