{
    "epoch": 3.0,
    "eval_accuracy": 0.5130208134651184,
    "eval_loss": 0.6931403279304504,
    "eval_runtime": 1.2861,
    "eval_samples": 384,
    "eval_samples_per_second": 298.579,
    "eval_steps_per_second": 9.331
}