{
    "epoch": 3.0,
    "eval_accuracy": 0.8667917448405253,
    "eval_loss": 0.5691677331924438,
    "eval_runtime": 1.9141,
    "eval_samples": 1066,
    "eval_samples_per_second": 556.921,
    "eval_steps_per_second": 17.763
}