{
    "epoch": 3.0,
    "eval_accuracy": 0.4042988717556,
    "eval_loss": 1.0913045406341553,
    "eval_runtime": 5.3914,
    "eval_samples": 1954,
    "eval_samples_per_second": 362.426,
    "eval_steps_per_second": 11.5
}