{
    "epoch": 3.0,
    "eval_accuracy": 0.5564263463020325,
    "eval_loss": 0.68467116355896,
    "eval_runtime": 0.7,
    "eval_samples": 638,
    "eval_samples_per_second": 911.407,
    "eval_steps_per_second": 28.571
}