{
    "epoch": 3.0,
    "eval_accuracy": 0.7552083134651184,
    "eval_loss": 0.49244019389152527,
    "eval_runtime": 1.3394,
    "eval_samples": 384,
    "eval_samples_per_second": 286.686,
    "eval_steps_per_second": 8.959
}