{
    "epoch": 3.0,
    "eval_accuracy": 0.5011839270591736,
    "eval_loss": 0.6931472420692444,
    "eval_runtime": 1.919,
    "eval_samples": 1267,
    "eval_samples_per_second": 660.225,
    "eval_steps_per_second": 20.844
}