{
    "epoch": 3.0,
    "eval_combined_score": 0.870236352457546,
    "eval_loss": 0.5997188091278076,
    "eval_pearson": 0.8689623881740297,
    "eval_runtime": 4.0111,
    "eval_samples": 1500,
    "eval_samples_per_second": 373.961,
    "eval_spearmanr": 0.8715103167410623,
    "eval_steps_per_second": 46.87
}