{
    "epoch": 3.0,
    "eval_accuracy": 0.8550613496932515,
    "eval_loss": 0.7112306952476501,
    "eval_runtime": 2.1339,
    "eval_samples": 1304,
    "eval_samples_per_second": 611.084,
    "eval_steps_per_second": 19.214
}