{
    "epoch": 3.0,
    "eval_accuracy": 0.4000000059604645,
    "eval_loss": 0.6931473016738892,
    "eval_runtime": 0.1247,
    "eval_samples": 100,
    "eval_samples_per_second": 801.828,
    "eval_steps_per_second": 32.073
}