{
    "epoch": 3.0,
    "eval_accuracy": 0.5099999904632568,
    "eval_loss": 0.6854872107505798,
    "eval_runtime": 0.1276,
    "eval_samples": 100,
    "eval_samples_per_second": 783.399,
    "eval_steps_per_second": 31.336
}