{
    "epoch": 3.0,
    "eval_accuracy": 0.8482015850436903,
    "eval_loss": 0.6505324244499207,
    "eval_runtime": 24.7414,
    "eval_samples": 9842,
    "eval_samples_per_second": 397.794,
    "eval_steps_per_second": 12.449
}