{
    "epoch": 3.0,
    "eval_accuracy": 0.776735459662289,
    "eval_loss": 0.6661815643310547,
    "eval_runtime": 1.8179,
    "eval_samples": 1066,
    "eval_samples_per_second": 586.406,
    "eval_steps_per_second": 18.703
}