{
    "epoch": 3.0,
    "eval_accuracy": 0.8044274053920356,
    "eval_combined_score": 0.7737991121220742,
    "eval_f1": 0.7431708188521129,
    "eval_loss": 0.7816674709320068,
    "eval_runtime": 101.636,
    "eval_samples": 40430,
    "eval_samples_per_second": 397.792,
    "eval_steps_per_second": 12.437
}