{
    "epoch": 3.0,
    "eval_accuracy": 0.8995398773006135,
    "eval_loss": 0.5308093428611755,
    "eval_runtime": 2.3541,
    "eval_samples": 1304,
    "eval_samples_per_second": 553.924,
    "eval_steps_per_second": 17.416
}