{
    "epoch": 3.0,
    "eval_accuracy": 0.5956678700361011,
    "eval_loss": 0.6991479992866516,
    "eval_runtime": 1.6861,
    "eval_samples": 277,
    "eval_samples_per_second": 164.281,
    "eval_steps_per_second": 5.338
}