{
    "epoch": 15.0,
    "eval_gen_len": 2.997333333333333,
    "eval_loss": 1.2323416471481323,
    "eval_pearson": 80.3094,
    "eval_runtime": 4.5856,
    "eval_samples": 1500,
    "eval_samples_per_second": 327.112,
    "eval_spearmanr": 79.6942,
    "eval_steps_per_second": 5.234
}