{
    "epoch": 3.0,
    "eval_accuracy": 0.3379394432026011,
    "eval_loss": 1.0985710620880127,
    "eval_runtime": 26.6275,
    "eval_samples": 9842,
    "eval_samples_per_second": 369.618,
    "eval_steps_per_second": 46.23
}