{
    "epoch": 3.0,
    "eval_accuracy": 0.4765625,
    "eval_loss": 0.6933166980743408,
    "eval_runtime": 1.3694,
    "eval_samples": 384,
    "eval_samples_per_second": 280.412,
    "eval_steps_per_second": 8.763
}