{
    "epoch": 3.0,
    "eval_accuracy": 0.26727744936943054,
    "eval_loss": 1.3934136629104614,
    "eval_runtime": 40.0152,
    "eval_samples": 10042,
    "eval_samples_per_second": 250.955,
    "eval_steps_per_second": 7.847
}