{
    "epoch": 3.0,
    "eval_accuracy": 0.9083999991416931,
    "eval_loss": 0.45273351669311523,
    "eval_runtime": 129.9938,
    "eval_samples": 25000,
    "eval_samples_per_second": 192.317,
    "eval_steps_per_second": 6.016
}