{
    "epoch": 3.0,
    "eval_accuracy": 0.5400000214576721,
    "eval_loss": 0.6931048631668091,
    "eval_runtime": 0.1291,
    "eval_samples": 100,
    "eval_samples_per_second": 774.315,
    "eval_steps_per_second": 30.973
}