{
    "epoch": 3.0,
    "eval_combined_score": 0.8802289150241938,
    "eval_loss": 0.5710467100143433,
    "eval_pearson": 0.878974339948486,
    "eval_runtime": 3.891,
    "eval_samples": 1500,
    "eval_samples_per_second": 385.502,
    "eval_spearmanr": 0.8814834900999015,
    "eval_steps_per_second": 12.079
}