{
    "epoch": 3.0,
    "eval_accuracy": 0.86579754601227,
    "eval_loss": 0.6206387281417847,
    "eval_runtime": 2.5226,
    "eval_samples": 1304,
    "eval_samples_per_second": 516.936,
    "eval_steps_per_second": 16.253
}