{
    "epoch": 3.0,
    "eval_accuracy": 0.658248825129854,
    "eval_combined_score": 0.46565305990538053,
    "eval_f1": 0.27305729468090706,
    "eval_loss": 0.6379238367080688,
    "eval_runtime": 100.2385,
    "eval_samples": 40430,
    "eval_samples_per_second": 403.338,
    "eval_steps_per_second": 12.61
}