{
    "epoch": 3.0,
    "eval_accuracy": 0.7949789760079149,
    "eval_combined_score": 0.7672125571895105,
    "eval_f1": 0.7394461383711062,
    "eval_loss": 0.4894288182258606,
    "eval_runtime": 101.8791,
    "eval_samples": 40430,
    "eval_samples_per_second": 396.843,
    "eval_steps_per_second": 12.407
}