{
    "epoch": 3.0,
    "eval_accuracy": 0.5587595105171204,
    "eval_loss": 0.6893669962882996,
    "eval_runtime": 7.8492,
    "eval_samples": 1838,
    "eval_samples_per_second": 234.164,
    "eval_steps_per_second": 7.389
}