{
    "epoch": 3.0,
    "eval_accuracy": 0.7201788254419833,
    "eval_loss": 0.6816807985305786,
    "eval_runtime": 24.8569,
    "eval_samples": 9842,
    "eval_samples_per_second": 395.947,
    "eval_steps_per_second": 12.391
}