{
    "epoch": 3.0,
    "eval_accuracy": 0.6346153616905212,
    "eval_loss": 0.6790550947189331,
    "eval_runtime": 0.2538,
    "eval_samples": 104,
    "eval_samples_per_second": 409.803,
    "eval_steps_per_second": 15.762
}