{
    "epoch": 3.0,
    "eval_accuracy": 0.8592870544090057,
    "eval_loss": 0.6326475143432617,
    "eval_runtime": 2.2404,
    "eval_samples": 1066,
    "eval_samples_per_second": 475.818,
    "eval_steps_per_second": 15.176
}