{
    "epoch": 3.0,
    "eval_accuracy": 0.5951893329620361,
    "eval_loss": 0.9895806908607483,
    "eval_runtime": 5.501,
    "eval_samples": 1954,
    "eval_samples_per_second": 355.209,
    "eval_steps_per_second": 11.271
}