{
    "epoch": 3.0,
    "eval_accuracy": 0.5104166865348816,
    "eval_loss": 0.6931363940238953,
    "eval_runtime": 1.3253,
    "eval_samples": 384,
    "eval_samples_per_second": 289.736,
    "eval_steps_per_second": 9.054
}