{
    "epoch": 3.0,
    "eval_accuracy": 0.5011839270591736,
    "eval_loss": 0.696671724319458,
    "eval_runtime": 1.91,
    "eval_samples": 1267,
    "eval_samples_per_second": 663.347,
    "eval_steps_per_second": 20.942
}