{
    "epoch": 3.0,
    "eval_accuracy": 0.6346153616905212,
    "eval_loss": 0.6759483814239502,
    "eval_runtime": 0.256,
    "eval_samples": 104,
    "eval_samples_per_second": 406.305,
    "eval_steps_per_second": 15.627
}