{
    "epoch": 15.0,
    "eval_gen_len": 2.9966666666666666,
    "eval_loss": 1.1700730323791504,
    "eval_pearson": 86.1919,
    "eval_runtime": 6.0861,
    "eval_samples": 1500,
    "eval_samples_per_second": 246.465,
    "eval_spearmanr": 85.9249,
    "eval_steps_per_second": 7.723
}