{
    "epoch": 3.0,
    "eval_accuracy": 0.7075812274368231,
    "eval_loss": 0.9525358080863953,
    "eval_runtime": 1.7092,
    "eval_samples": 277,
    "eval_samples_per_second": 162.065,
    "eval_steps_per_second": 5.266
}