{
    "epoch": 3.0,
    "eval_accuracy": 0.5217627882957458,
    "eval_loss": 0.6931476593017578,
    "eval_runtime": 8.51,
    "eval_samples": 1838,
    "eval_samples_per_second": 215.981,
    "eval_steps_per_second": 6.816
}