{
    "epoch": 3.0,
    "eval_accuracy": 0.6318327974276527,
    "eval_combined_score": 0.3159163987138264,
    "eval_f1": 0.0,
    "eval_loss": 0.6575106978416443,
    "eval_runtime": 101.0597,
    "eval_samples": 40430,
    "eval_samples_per_second": 400.06,
    "eval_steps_per_second": 12.507
}