{
    "epoch": 3.0,
    "eval_accuracy": 0.9129999876022339,
    "eval_loss": 0.40761062502861023,
    "eval_runtime": 129.5665,
    "eval_samples": 25000,
    "eval_samples_per_second": 192.951,
    "eval_steps_per_second": 6.036
}