{
    "epoch": 3.0,
    "eval_accuracy": 0.6346153616905212,
    "eval_loss": 0.6789417862892151,
    "eval_runtime": 0.2669,
    "eval_samples": 104,
    "eval_samples_per_second": 389.592,
    "eval_steps_per_second": 14.984
}