{
    "epoch": 3.0,
    "eval_accuracy": 0.8596625766871165,
    "eval_loss": 0.5683022141456604,
    "eval_runtime": 2.1085,
    "eval_samples": 1304,
    "eval_samples_per_second": 618.454,
    "eval_steps_per_second": 19.445
}