{
    "epoch": 3.0,
    "eval_accuracy": 0.5043409466743469,
    "eval_loss": 0.6931472420692444,
    "eval_runtime": 2.0136,
    "eval_samples": 1267,
    "eval_samples_per_second": 629.224,
    "eval_steps_per_second": 19.865
}