{
    "epoch": 3.0,
    "eval_combined_score": 0.8617190182377811,
    "eval_loss": 0.6760004758834839,
    "eval_pearson": 0.8610551726526696,
    "eval_runtime": 4.0125,
    "eval_samples": 1500,
    "eval_samples_per_second": 373.834,
    "eval_spearmanr": 0.8623828638228925,
    "eval_steps_per_second": 11.713
}