{
    "epoch": 3.0,
    "eval_accuracy": 0.91492,
    "eval_loss": 0.4530521631240845,
    "eval_runtime": 138.0963,
    "eval_samples": 25000,
    "eval_samples_per_second": 181.033,
    "eval_steps_per_second": 5.663
}