{
    "epoch": 3.0,
    "eval_accuracy": 0.5059195160865784,
    "eval_loss": 0.6924055218696594,
    "eval_runtime": 3.1317,
    "eval_samples": 1267,
    "eval_samples_per_second": 404.572,
    "eval_steps_per_second": 12.773
}