{
    "epoch": 3.0,
    "eval_accuracy": 0.5595667870036101,
    "eval_loss": 0.6803728342056274,
    "eval_runtime": 1.6897,
    "eval_samples": 277,
    "eval_samples_per_second": 163.934,
    "eval_steps_per_second": 5.326
}