{
    "epoch": 3.0,
    "eval_accuracy": 0.5359116196632385,
    "eval_loss": 0.7073574662208557,
    "eval_runtime": 1.8968,
    "eval_samples": 1267,
    "eval_samples_per_second": 667.964,
    "eval_steps_per_second": 21.088
}