{
    "epoch": 3.0,
    "eval_accuracy": 0.4964483082294464,
    "eval_loss": 0.6977224946022034,
    "eval_runtime": 1.7808,
    "eval_samples": 1267,
    "eval_samples_per_second": 711.49,
    "eval_steps_per_second": 22.462
}