{
    "epoch": 3.0,
    "eval_accuracy": 0.7294249136354399,
    "eval_loss": 0.7144802212715149,
    "eval_runtime": 24.2845,
    "eval_samples": 9842,
    "eval_samples_per_second": 405.278,
    "eval_steps_per_second": 12.683
}