{
    "epoch": 3.0,
    "eval_accuracy": 0.43091094493865967,
    "eval_loss": 1.0964343547821045,
    "eval_runtime": 5.4369,
    "eval_samples": 1954,
    "eval_samples_per_second": 359.397,
    "eval_steps_per_second": 11.404
}