{
    "epoch": 3.0,
    "eval_accuracy": 0.5342960288808665,
    "eval_loss": 0.7054575681686401,
    "eval_runtime": 1.6871,
    "eval_samples": 277,
    "eval_samples_per_second": 164.19,
    "eval_steps_per_second": 5.335
}