{
    "epoch": 3.0,
    "eval_accuracy": 0.4033500850200653,
    "eval_loss": 1.3520294427871704,
    "eval_runtime": 41.4396,
    "eval_samples": 2985,
    "eval_samples_per_second": 72.033,
    "eval_steps_per_second": 2.268
}