{
    "epoch": 3.0,
    "eval_accuracy": 0.7253822684288025,
    "eval_loss": 1.049802541732788,
    "eval_runtime": 37.0123,
    "eval_samples": 3270,
    "eval_samples_per_second": 88.349,
    "eval_steps_per_second": 2.783
}