{
    "epoch": 3.0,
    "eval_combined_score": 0.8884103119247713,
    "eval_loss": 0.5326319336891174,
    "eval_pearson": 0.8884076859132166,
    "eval_runtime": 4.1045,
    "eval_samples": 1500,
    "eval_samples_per_second": 365.454,
    "eval_spearmanr": 0.888412937936326,
    "eval_steps_per_second": 45.804
}