{
    "epoch": 3.0,
    "eval_accuracy": 0.8304960644334615,
    "eval_loss": 0.5197397470474243,
    "eval_runtime": 15.1477,
    "eval_samples": 5463,
    "eval_samples_per_second": 360.649,
    "eval_steps_per_second": 45.089
}