{
    "epoch": 3.0,
    "eval_accuracy": 0.8480392156862745,
    "eval_combined_score": 0.8711185839523523,
    "eval_f1": 0.89419795221843,
    "eval_loss": 0.765369176864624,
    "eval_runtime": 1.0215,
    "eval_samples": 408,
    "eval_samples_per_second": 399.422,
    "eval_steps_per_second": 12.727
}