{
    "epoch": 3.0,
    "eval_accuracy": 0.6245487364620939,
    "eval_loss": 0.8782572746276855,
    "eval_runtime": 1.6938,
    "eval_samples": 277,
    "eval_samples_per_second": 163.54,
    "eval_steps_per_second": 5.314
}