{
    "epoch": 15.0,
    "eval_gen_len": 2.993333333333333,
    "eval_loss": 1.2999955415725708,
    "eval_pearson": 81.7015,
    "eval_runtime": 2.5324,
    "eval_samples": 1500,
    "eval_samples_per_second": 592.312,
    "eval_spearmanr": 81.3291,
    "eval_steps_per_second": 9.477
}