{
    "epoch": 3.0,
    "eval_accuracy": 0.5270758122743683,
    "eval_loss": 0.6918957233428955,
    "eval_runtime": 1.7027,
    "eval_samples": 277,
    "eval_samples_per_second": 162.686,
    "eval_steps_per_second": 5.286
}