{
    "epoch": 3.0,
    "eval_accuracy": 0.6931407942238267,
    "eval_loss": 0.7047799229621887,
    "eval_runtime": 1.7639,
    "eval_samples": 277,
    "eval_samples_per_second": 157.036,
    "eval_steps_per_second": 5.102
}