{
    "epoch": 3.0,
    "eval_accuracy": 0.7328519855595668,
    "eval_loss": 1.2283421754837036,
    "eval_runtime": 1.6776,
    "eval_samples": 277,
    "eval_samples_per_second": 165.114,
    "eval_steps_per_second": 5.365
}