{
    "epoch": 3.0,
    "eval_accuracy": 0.7857142686843872,
    "eval_loss": 0.5915321707725525,
    "eval_runtime": 0.1682,
    "eval_samples": 56,
    "eval_samples_per_second": 332.96,
    "eval_steps_per_second": 11.891
}