{
    "epoch": 3.0,
    "eval_accuracy": 0.7774116785648911,
    "eval_loss": 0.6002471446990967,
    "eval_runtime": 14.386,
    "eval_samples": 5463,
    "eval_samples_per_second": 379.743,
    "eval_steps_per_second": 47.477
}