{
    "epoch": 3.0,
    "eval_accuracy": 0.5052083134651184,
    "eval_loss": 0.693147599697113,
    "eval_runtime": 1.3696,
    "eval_samples": 384,
    "eval_samples_per_second": 280.377,
    "eval_steps_per_second": 8.762
}