{
    "epoch": 15.0,
    "eval_gen_len": 2.9993333333333334,
    "eval_loss": 1.1237952709197998,
    "eval_pearson": 82.1492,
    "eval_runtime": 6.0852,
    "eval_samples": 1500,
    "eval_samples_per_second": 246.498,
    "eval_spearmanr": 81.9049,
    "eval_steps_per_second": 7.724
}