{
    "epoch": 3.0,
    "eval_combined_score": 0.8786282449063579,
    "eval_loss": 0.5568103790283203,
    "eval_pearson": 0.8791567725076178,
    "eval_runtime": 3.7313,
    "eval_samples": 1500,
    "eval_samples_per_second": 402.006,
    "eval_spearmanr": 0.8780997173050981,
    "eval_steps_per_second": 12.596
}