{
    "epoch": 3.0,
    "eval_accuracy": 0.2948073744773865,
    "eval_loss": 1.4282840490341187,
    "eval_runtime": 37.2481,
    "eval_samples": 2985,
    "eval_samples_per_second": 80.138,
    "eval_steps_per_second": 2.524
}