{
    "epoch": 20.0,
    "eval_average_metrics": -3.9162443684663493,
    "eval_loss": 1.1692160367965698,
    "eval_pearson": -4.127443030842165,
    "eval_runtime": 10.128,
    "eval_samples_per_second": 148.104,
    "eval_spearmanr": -3.7050457060905337
}