{
    "epoch": 3.0,
    "eval_accuracy": 0.6346153616905212,
    "eval_loss": 0.6756357550621033,
    "eval_runtime": 0.2561,
    "eval_samples": 104,
    "eval_samples_per_second": 406.095,
    "eval_steps_per_second": 15.619
}