{
    "epoch": 3.0,
    "eval_accuracy": 0.7132352941176471,
    "eval_combined_score": 0.7636128775834659,
    "eval_f1": 0.8139904610492845,
    "eval_loss": 0.5699104070663452,
    "eval_runtime": 1.0504,
    "eval_samples": 408,
    "eval_samples_per_second": 388.425,
    "eval_steps_per_second": 12.376
}