{
    "epoch": 3.0,
    "eval_accuracy": 0.5721596479415894,
    "eval_loss": 1.032471776008606,
    "eval_runtime": 5.5446,
    "eval_samples": 1954,
    "eval_samples_per_second": 352.416,
    "eval_steps_per_second": 11.182
}