{
    "epoch": 3.0,
    "eval_accuracy": 0.5122336149215698,
    "eval_loss": 0.693229615688324,
    "eval_runtime": 1.9369,
    "eval_samples": 1267,
    "eval_samples_per_second": 654.148,
    "eval_steps_per_second": 20.652
}