{
    "epoch": 3.0,
    "eval_accuracy": 0.49802684783935547,
    "eval_loss": 0.6931479573249817,
    "eval_runtime": 1.8767,
    "eval_samples": 1267,
    "eval_samples_per_second": 675.113,
    "eval_steps_per_second": 21.314
}