{
    "epoch": 15.0,
    "eval_gen_len": 2.997333333333333,
    "eval_loss": 1.2917163372039795,
    "eval_pearson": 78.5496,
    "eval_runtime": 3.1351,
    "eval_samples": 1500,
    "eval_samples_per_second": 478.456,
    "eval_spearmanr": 77.6675,
    "eval_steps_per_second": 7.655
}