{
    "epoch": 3.0,
    "eval_combined_score": 0.8553941529047365,
    "eval_loss": 0.6719610095024109,
    "eval_pearson": 0.8538740016823358,
    "eval_runtime": 4.0431,
    "eval_samples": 1500,
    "eval_samples_per_second": 371.002,
    "eval_spearmanr": 0.8569143041271372,
    "eval_steps_per_second": 46.499
}