{
    "epoch": 3.0,
    "eval_accuracy": 0.45496419072151184,
    "eval_loss": 1.1454062461853027,
    "eval_runtime": 5.3774,
    "eval_samples": 1954,
    "eval_samples_per_second": 363.37,
    "eval_steps_per_second": 11.53
}