{
    "epoch": 3.0,
    "eval_accuracy": 0.5067087411880493,
    "eval_loss": 0.6931472420692444,
    "eval_runtime": 1.9273,
    "eval_samples": 1267,
    "eval_samples_per_second": 657.38,
    "eval_steps_per_second": 20.754
}