{
    "epoch": 3.0,
    "eval_accuracy": 0.8217096833241808,
    "eval_loss": 0.5401394367218018,
    "eval_runtime": 14.1901,
    "eval_samples": 5463,
    "eval_samples_per_second": 384.986,
    "eval_steps_per_second": 12.051
}