{
    "epoch": 3.0,
    "eval_accuracy": 0.6346153616905212,
    "eval_loss": 0.6735627055168152,
    "eval_runtime": 0.4237,
    "eval_samples": 104,
    "eval_samples_per_second": 245.475,
    "eval_steps_per_second": 9.441
}