{
    "epoch": 3.0,
    "eval_accuracy": 0.6346153616905212,
    "eval_loss": 0.6825141310691833,
    "eval_runtime": 0.255,
    "eval_samples": 104,
    "eval_samples_per_second": 407.775,
    "eval_steps_per_second": 15.684
}