{
    "epoch": 3.0,
    "eval_accuracy": 0.8980399966239929,
    "eval_loss": 0.4511701166629791,
    "eval_runtime": 128.6938,
    "eval_samples": 25000,
    "eval_samples_per_second": 194.26,
    "eval_steps_per_second": 6.076
}