{
    "epoch": 3.0,
    "eval_accuracy": 0.7373358348968105,
    "eval_loss": 0.6199426651000977,
    "eval_runtime": 1.2643,
    "eval_samples": 1066,
    "eval_samples_per_second": 843.153,
    "eval_steps_per_second": 26.892
}