{
    "epoch": 3.0,
    "eval_combined_score": 0.8708195592015584,
    "eval_loss": 0.6040916442871094,
    "eval_pearson": 0.869932113689069,
    "eval_runtime": 4.7038,
    "eval_samples": 1500,
    "eval_samples_per_second": 318.891,
    "eval_spearmanr": 0.8717070047140477,
    "eval_steps_per_second": 9.992
}