{
    "epoch": 3.0,
    "eval_accuracy": 0.7220216606498195,
    "eval_loss": 1.0054763555526733,
    "eval_runtime": 1.659,
    "eval_samples": 277,
    "eval_samples_per_second": 166.969,
    "eval_steps_per_second": 5.425
}