{
    "epoch": 3.0,
    "eval_accuracy": 0.4099999964237213,
    "eval_loss": 0.6931958794593811,
    "eval_runtime": 0.1251,
    "eval_samples": 100,
    "eval_samples_per_second": 799.274,
    "eval_steps_per_second": 31.971
}