{
    "epoch": 3.0,
    "eval_accuracy": 0.42784032225608826,
    "eval_loss": 1.0586349964141846,
    "eval_runtime": 5.4948,
    "eval_samples": 1954,
    "eval_samples_per_second": 355.608,
    "eval_steps_per_second": 11.283
}