{
    "epoch": 20.0,
    "eval_average_metrics": 75.94476908306314,
    "eval_loss": 1.0840706825256348,
    "eval_pearson": 75.80790659969759,
    "eval_runtime": 9.5494,
    "eval_samples_per_second": 157.078,
    "eval_spearmanr": 76.0816315664287
}