{
    "epoch": 3.0,
    "eval_accuracy": 0.8067484662576687,
    "eval_loss": 0.43294334411621094,
    "eval_runtime": 2.2759,
    "eval_samples": 1304,
    "eval_samples_per_second": 572.948,
    "eval_steps_per_second": 18.014
}