{
    "epoch": 3.0,
    "eval_accuracy": 0.5467900037765503,
    "eval_loss": 0.6931378245353699,
    "eval_runtime": 7.8782,
    "eval_samples": 1838,
    "eval_samples_per_second": 233.301,
    "eval_steps_per_second": 7.362
}