{
    "epoch": 3.0,
    "eval_accuracy": 0.5830721259117126,
    "eval_loss": 1.752437949180603,
    "eval_runtime": 0.7026,
    "eval_samples": 638,
    "eval_samples_per_second": 908.116,
    "eval_steps_per_second": 28.468
}