{
    "epoch": 3.0,
    "eval_accuracy": 0.5003946423530579,
    "eval_loss": 0.7011551856994629,
    "eval_runtime": 1.7366,
    "eval_samples": 1267,
    "eval_samples_per_second": 729.605,
    "eval_steps_per_second": 23.034
}