{
    "epoch": 3.0,
    "eval_accuracy": 0.3333333333333333,
    "eval_loss": 1.3687068223953247,
    "eval_runtime": 4.2203,
    "eval_samples": 1200,
    "eval_samples_per_second": 284.339,
    "eval_steps_per_second": 9.004
}