{
    "epoch": 3.0,
    "eval_accuracy": 0.8725490196078431,
    "eval_combined_score": 0.8916009702850212,
    "eval_f1": 0.9106529209621993,
    "eval_loss": 0.675081729888916,
    "eval_runtime": 1.0232,
    "eval_samples": 408,
    "eval_samples_per_second": 398.74,
    "eval_steps_per_second": 12.705
}