{
    "epoch": 3.0,
    "eval_accuracy": 0.5001674890518188,
    "eval_loss": 1.3434871435165405,
    "eval_runtime": 37.3998,
    "eval_samples": 2985,
    "eval_samples_per_second": 79.813,
    "eval_steps_per_second": 2.513
}