{
    "epoch": 3.0,
    "eval_accuracy": 0.5104166865348816,
    "eval_loss": 0.6920962333679199,
    "eval_runtime": 1.3824,
    "eval_samples": 384,
    "eval_samples_per_second": 277.777,
    "eval_steps_per_second": 8.681
}