{
    "epoch": 3.0,
    "eval_accuracy": 0.4729241877256318,
    "eval_loss": 0.6934149861335754,
    "eval_runtime": 1.9871,
    "eval_samples": 277,
    "eval_samples_per_second": 139.396,
    "eval_steps_per_second": 4.529
}