{
    "epoch": 3.0,
    "eval_accuracy": 0.5893417000770569,
    "eval_loss": 1.036542296409607,
    "eval_runtime": 0.6732,
    "eval_samples": 638,
    "eval_samples_per_second": 947.687,
    "eval_steps_per_second": 29.708
}