{
    "epoch": 3.0,
    "eval_accuracy": 0.36333333333333334,
    "eval_loss": 1.1065406799316406,
    "eval_runtime": 3.908,
    "eval_samples": 1200,
    "eval_samples_per_second": 307.059,
    "eval_steps_per_second": 9.724
}