{
    "epoch": 3.0,
    "eval_accuracy": 0.5478781461715698,
    "eval_loss": 0.6884951591491699,
    "eval_runtime": 8.4851,
    "eval_samples": 1838,
    "eval_samples_per_second": 216.616,
    "eval_steps_per_second": 6.836
}