{
    "epoch": 3.0,
    "eval_accuracy": 0.8676470588235294,
    "eval_combined_score": 0.886288318144159,
    "eval_f1": 0.9049295774647886,
    "eval_loss": 0.5665385127067566,
    "eval_runtime": 1.1061,
    "eval_samples": 408,
    "eval_samples_per_second": 368.876,
    "eval_steps_per_second": 46.109
}