{
    "epoch": 3.0,
    "eval_accuracy": 0.31691792607307434,
    "eval_loss": 1.351365089416504,
    "eval_runtime": 37.6219,
    "eval_samples": 2985,
    "eval_samples_per_second": 79.342,
    "eval_steps_per_second": 2.499
}