{
    "epoch": 3.0,
    "eval_accuracy": 0.7678571343421936,
    "eval_loss": 0.9150746464729309,
    "eval_runtime": 0.1379,
    "eval_samples": 56,
    "eval_samples_per_second": 406.097,
    "eval_steps_per_second": 14.503
}