{
    "epoch": 3.0,
    "eval_accuracy": 0.8639774859287055,
    "eval_loss": 0.572803258895874,
    "eval_runtime": 1.7508,
    "eval_samples": 1066,
    "eval_samples_per_second": 608.856,
    "eval_steps_per_second": 19.419
}