{
    "epoch": 3.0,
    "eval_accuracy": 0.8602251407129456,
    "eval_loss": 0.6725152134895325,
    "eval_runtime": 0.5164,
    "eval_samples": 1066,
    "eval_samples_per_second": 2064.257,
    "eval_steps_per_second": 65.839
}