{
    "epoch": 3.0,
    "eval_accuracy": 0.7256317689530686,
    "eval_loss": 1.1425729990005493,
    "eval_runtime": 1.8521,
    "eval_samples": 277,
    "eval_samples_per_second": 149.563,
    "eval_steps_per_second": 4.859
}