{
    "epoch": 3.0,
    "eval_accuracy": 0.8553921568627451,
    "eval_combined_score": 0.8762126578380043,
    "eval_f1": 0.8970331588132635,
    "eval_loss": 0.745669424533844,
    "eval_runtime": 1.1069,
    "eval_samples": 408,
    "eval_samples_per_second": 368.61,
    "eval_steps_per_second": 46.076
}