{
    "epoch": 3.0,
    "eval_accuracy": 0.8676470588235294,
    "eval_combined_score": 0.8874317768344451,
    "eval_f1": 0.9072164948453608,
    "eval_loss": 0.5645834803581238,
    "eval_runtime": 1.0236,
    "eval_samples": 408,
    "eval_samples_per_second": 398.593,
    "eval_steps_per_second": 12.7
}