{
    "epoch": 3.0,
    "eval_accuracy": 0.7794706900816225,
    "eval_combined_score": 0.7458546324149398,
    "eval_f1": 0.7122385747482571,
    "eval_loss": 0.7005658149719238,
    "eval_runtime": 110.2127,
    "eval_samples": 40430,
    "eval_samples_per_second": 366.836,
    "eval_steps_per_second": 45.857
}