{
    "epoch": 3.0,
    "eval_accuracy": 0.33416666666666667,
    "eval_loss": 1.122134804725647,
    "eval_runtime": 3.8934,
    "eval_samples": 1200,
    "eval_samples_per_second": 308.214,
    "eval_steps_per_second": 9.76
}