{
    "epoch": 3.0,
    "eval_accuracy": 0.91432,
    "eval_loss": 0.4314291477203369,
    "eval_runtime": 138.2237,
    "eval_samples": 25000,
    "eval_samples_per_second": 180.866,
    "eval_steps_per_second": 5.657
}