{
    "epoch": 3.0,
    "eval_combined_score": 0.8844508433945698,
    "eval_loss": 0.5789586305618286,
    "eval_pearson": 0.8832318068956286,
    "eval_runtime": 3.9034,
    "eval_samples": 1500,
    "eval_samples_per_second": 384.28,
    "eval_spearmanr": 0.885669879893511,
    "eval_steps_per_second": 12.041
}