{
    "epoch": 3.0,
    "eval_accuracy": 0.8895705521472392,
    "eval_loss": 0.424491286277771,
    "eval_runtime": 2.295,
    "eval_samples": 1304,
    "eval_samples_per_second": 568.193,
    "eval_steps_per_second": 17.865
}