{
    "epoch": 3.0,
    "eval_accuracy": 0.8611632270168855,
    "eval_loss": 0.6420597434043884,
    "eval_runtime": 1.7307,
    "eval_samples": 1066,
    "eval_samples_per_second": 615.936,
    "eval_steps_per_second": 19.645
}