{
    "epoch": 3.0,
    "eval_accuracy": 0.8288486179754714,
    "eval_loss": 0.5847229361534119,
    "eval_runtime": 13.7434,
    "eval_samples": 5463,
    "eval_samples_per_second": 397.499,
    "eval_steps_per_second": 12.442
}