{
    "epoch": 3.0,
    "eval_accuracy": 0.6346153616905212,
    "eval_loss": 0.6811970472335815,
    "eval_runtime": 0.2643,
    "eval_samples": 104,
    "eval_samples_per_second": 393.529,
    "eval_steps_per_second": 15.136
}