{
    "epoch": 3.0,
    "eval_accuracy": 0.5011839270591736,
    "eval_loss": 0.6983356475830078,
    "eval_runtime": 1.7379,
    "eval_samples": 1267,
    "eval_samples_per_second": 729.029,
    "eval_steps_per_second": 23.016
}