{
    "epoch": 3.0,
    "eval_accuracy": 0.4437052309513092,
    "eval_loss": 1.0955439805984497,
    "eval_runtime": 5.481,
    "eval_samples": 1954,
    "eval_samples_per_second": 356.506,
    "eval_steps_per_second": 11.312
}