{
    "epoch": 3.0,
    "eval_accuracy": 0.6346153616905212,
    "eval_loss": 0.664196252822876,
    "eval_runtime": 0.2603,
    "eval_samples": 104,
    "eval_samples_per_second": 399.492,
    "eval_steps_per_second": 15.365
}