{
    "epoch": 3.0,
    "eval_accuracy": 0.91936,
    "eval_loss": 0.3928215503692627,
    "eval_runtime": 128.5945,
    "eval_samples": 25000,
    "eval_samples_per_second": 194.41,
    "eval_steps_per_second": 6.081
}