{
    "epoch": 15.0,
    "eval_gen_len": 2.993333333333333,
    "eval_loss": 1.2984825372695923,
    "eval_pearson": 80.627,
    "eval_runtime": 2.4906,
    "eval_samples": 1500,
    "eval_samples_per_second": 602.272,
    "eval_spearmanr": 80.3595,
    "eval_steps_per_second": 9.636
}