{
    "epoch": 20.0,
    "eval_average_metrics": 81.86865447078024,
    "eval_loss": 0.9957227110862732,
    "eval_pearson": 81.92579077001102,
    "eval_runtime": 10.1287,
    "eval_samples_per_second": 148.095,
    "eval_spearmanr": 81.81151817154947
}