{
    "epoch": 3.0,
    "eval_accuracy": 0.4000000059604645,
    "eval_loss": 0.7140641212463379,
    "eval_runtime": 0.1274,
    "eval_samples": 100,
    "eval_samples_per_second": 784.693,
    "eval_steps_per_second": 31.388
}