{
    "epoch": 15.0,
    "eval_gen_len": 2.9993333333333334,
    "eval_loss": 1.0428110361099243,
    "eval_pearson": 84.654,
    "eval_runtime": 5.9806,
    "eval_samples": 1500,
    "eval_samples_per_second": 250.812,
    "eval_spearmanr": 84.2837,
    "eval_steps_per_second": 7.859
}