{
    "epoch": 3.0,
    "eval_accuracy": 0.816717791411043,
    "eval_loss": 0.49499157071113586,
    "eval_runtime": 2.3542,
    "eval_samples": 1304,
    "eval_samples_per_second": 553.893,
    "eval_steps_per_second": 17.415
}