{
    "epoch": 3.0,
    "eval_accuracy": 0.5723612904548645,
    "eval_loss": 0.691769003868103,
    "eval_runtime": 7.8716,
    "eval_samples": 1838,
    "eval_samples_per_second": 233.497,
    "eval_steps_per_second": 7.368
}