{
    "epoch": 10.0,
    "eval_gen_len": 2.9926666666666666,
    "eval_loss": 1.2563544511795044,
    "eval_pearson": 87.8857,
    "eval_runtime": 5.8707,
    "eval_samples": 1500,
    "eval_samples_per_second": 255.505,
    "eval_spearmanr": 87.7309,
    "eval_steps_per_second": 4.088
}