{
    "epoch": 3.0,
    "eval_accuracy": 0.6964285969734192,
    "eval_loss": 0.9247908592224121,
    "eval_runtime": 0.1367,
    "eval_samples": 56,
    "eval_samples_per_second": 409.758,
    "eval_steps_per_second": 14.634
}