{
    "epoch": 3.0,
    "eval_accuracy": 0.7321428656578064,
    "eval_loss": 0.786520779132843,
    "eval_runtime": 0.1369,
    "eval_samples": 56,
    "eval_samples_per_second": 408.96,
    "eval_steps_per_second": 14.606
}