{
    "epoch": 3.0,
    "eval_accuracy": 0.8333333333333334,
    "eval_combined_score": 0.8574332171893149,
    "eval_f1": 0.8815331010452963,
    "eval_loss": 0.5262281894683838,
    "eval_runtime": 1.0096,
    "eval_samples": 408,
    "eval_samples_per_second": 404.122,
    "eval_steps_per_second": 12.876
}