{
    "epoch": 3.0,
    "eval_accuracy": 0.5146014094352722,
    "eval_loss": 0.6942240595817566,
    "eval_runtime": 3.124,
    "eval_samples": 1267,
    "eval_samples_per_second": 405.564,
    "eval_steps_per_second": 12.804
}