{
    "epoch": 3.0,
    "eval_combined_score": 0.8860174363826092,
    "eval_loss": 0.5427668690681458,
    "eval_pearson": 0.8844504585316018,
    "eval_runtime": 3.9795,
    "eval_samples": 1500,
    "eval_samples_per_second": 376.93,
    "eval_spearmanr": 0.8875844142336168,
    "eval_steps_per_second": 47.242
}