{
    "epoch": 3.0,
    "eval_accuracy": 0.6327217221260071,
    "eval_loss": 0.6739397644996643,
    "eval_runtime": 25.8195,
    "eval_samples": 3270,
    "eval_samples_per_second": 126.649,
    "eval_steps_per_second": 3.989
}