{
    "epoch": 3.0,
    "eval_accuracy": 0.699999988079071,
    "eval_loss": 0.5794847011566162,
    "eval_runtime": 0.1284,
    "eval_samples": 100,
    "eval_samples_per_second": 779.101,
    "eval_steps_per_second": 31.164
}