{
    "epoch": 3.0,
    "eval_accuracy": 0.6253918409347534,
    "eval_loss": 1.0876400470733643,
    "eval_runtime": 0.6929,
    "eval_samples": 638,
    "eval_samples_per_second": 920.8,
    "eval_steps_per_second": 28.865
}