{
    "epoch": 3.0,
    "eval_accuracy": 0.814387699066447,
    "eval_loss": 0.6067644953727722,
    "eval_runtime": 14.6559,
    "eval_samples": 5463,
    "eval_samples_per_second": 372.75,
    "eval_steps_per_second": 11.668
}