{
    "epoch": 3.0,
    "eval_accuracy": 0.7857284194904773,
    "eval_combined_score": 0.7591553040499154,
    "eval_f1": 0.7325821886093534,
    "eval_loss": 0.5613014101982117,
    "eval_runtime": 104.4018,
    "eval_samples": 40430,
    "eval_samples_per_second": 387.254,
    "eval_steps_per_second": 12.107
}