{
    "epoch": 3.0,
    "eval_accuracy": 0.6785714030265808,
    "eval_loss": 0.8368239998817444,
    "eval_runtime": 0.1382,
    "eval_samples": 56,
    "eval_samples_per_second": 405.199,
    "eval_steps_per_second": 14.471
}