{
    "epoch": 3.0,
    "eval_accuracy": 0.5099999904632568,
    "eval_loss": 0.6911577582359314,
    "eval_runtime": 0.13,
    "eval_samples": 100,
    "eval_samples_per_second": 769.519,
    "eval_steps_per_second": 30.781
}