{
    "epoch": 3.0,
    "eval_accuracy": 0.33379805088043213,
    "eval_loss": 1.3687409162521362,
    "eval_runtime": 97.9917,
    "eval_samples": 10042,
    "eval_samples_per_second": 102.478,
    "eval_steps_per_second": 3.204
}