{
    "epoch": 3.0,
    "eval_accuracy": 0.6663608551025391,
    "eval_loss": 0.7440520524978638,
    "eval_runtime": 36.4137,
    "eval_samples": 3270,
    "eval_samples_per_second": 89.801,
    "eval_steps_per_second": 2.829
}