{
    "epoch": 3.0,
    "eval_accuracy": 0.794607964382884,
    "eval_combined_score": 0.7708188789196453,
    "eval_f1": 0.7470297934564065,
    "eval_loss": 0.9193360805511475,
    "eval_runtime": 98.6136,
    "eval_samples": 40430,
    "eval_samples_per_second": 409.984,
    "eval_steps_per_second": 12.818
}