{
    "epoch": 3.0,
    "eval_accuracy": 0.5270758122743683,
    "eval_loss": 0.6918259859085083,
    "eval_runtime": 1.6835,
    "eval_samples": 277,
    "eval_samples_per_second": 164.534,
    "eval_steps_per_second": 5.346
}