{
    "epoch": 3.0,
    "eval_accuracy": 0.7857142686843872,
    "eval_loss": 0.6155803799629211,
    "eval_runtime": 0.1398,
    "eval_samples": 56,
    "eval_samples_per_second": 400.636,
    "eval_steps_per_second": 14.308
}