{
    "epoch": 3.0,
    "eval_accuracy": 0.4114636778831482,
    "eval_loss": 1.0884981155395508,
    "eval_runtime": 5.4688,
    "eval_samples": 1954,
    "eval_samples_per_second": 357.299,
    "eval_steps_per_second": 11.337
}