{
    "epoch": 3.0,
    "eval_accuracy": 0.494080513715744,
    "eval_loss": 0.6932090520858765,
    "eval_runtime": 1.9228,
    "eval_samples": 1267,
    "eval_samples_per_second": 658.926,
    "eval_steps_per_second": 20.803
}