{
    "epoch": 3.0,
    "eval_accuracy": 0.4370521903038025,
    "eval_loss": 1.1265255212783813,
    "eval_runtime": 5.4848,
    "eval_samples": 1954,
    "eval_samples_per_second": 356.259,
    "eval_steps_per_second": 11.304
}