{
    "epoch": 3.0,
    "eval_accuracy": 0.8407468423942889,
    "eval_loss": 0.610198974609375,
    "eval_runtime": 13.874,
    "eval_samples": 5463,
    "eval_samples_per_second": 393.758,
    "eval_steps_per_second": 12.325
}