{
    "epoch": 3.0,
    "eval_combined_score": 0.835005925233965,
    "eval_loss": 0.7076334357261658,
    "eval_pearson": 0.8352319441585794,
    "eval_runtime": 4.1306,
    "eval_samples": 1500,
    "eval_samples_per_second": 363.146,
    "eval_spearmanr": 0.8347799063093505,
    "eval_steps_per_second": 45.514
}