{
    "epoch": 3.0,
    "eval_combined_score": 0.8464725548400072,
    "eval_loss": 0.7242066264152527,
    "eval_pearson": 0.844128334265543,
    "eval_runtime": 4.1312,
    "eval_samples": 1500,
    "eval_samples_per_second": 363.093,
    "eval_spearmanr": 0.8488167754144714,
    "eval_steps_per_second": 45.508
}