{
    "epoch": 10.0,
    "eval_gen_len": 2.9886666666666666,
    "eval_loss": 1.2055283784866333,
    "eval_pearson": 85.6481,
    "eval_runtime": 5.842,
    "eval_samples": 1500,
    "eval_samples_per_second": 256.763,
    "eval_spearmanr": 86.109,
    "eval_steps_per_second": 4.108
}