{
    "epoch": 3.0,
    "eval_accuracy": 0.8803680981595092,
    "eval_loss": 0.5951605439186096,
    "eval_runtime": 2.1037,
    "eval_samples": 1304,
    "eval_samples_per_second": 619.855,
    "eval_steps_per_second": 19.489
}