{
    "epoch": 3.0,
    "eval_accuracy": 0.5015352964401245,
    "eval_loss": 1.0710148811340332,
    "eval_runtime": 5.9462,
    "eval_samples": 1954,
    "eval_samples_per_second": 328.613,
    "eval_steps_per_second": 10.427
}