{
    "epoch": 3.0,
    "eval_accuracy": 0.6346153616905212,
    "eval_loss": 0.6738616228103638,
    "eval_runtime": 0.2612,
    "eval_samples": 104,
    "eval_samples_per_second": 398.117,
    "eval_steps_per_second": 15.312
}