{
    "epoch": 3.0,
    "eval_accuracy": 0.8667917448405253,
    "eval_loss": 0.5492803454399109,
    "eval_runtime": 1.6987,
    "eval_samples": 1066,
    "eval_samples_per_second": 627.545,
    "eval_steps_per_second": 20.016
}