{
    "epoch": 3.0,
    "eval_accuracy": 0.7345215759849906,
    "eval_loss": 0.5877389907836914,
    "eval_runtime": 0.8989,
    "eval_samples": 1066,
    "eval_samples_per_second": 1185.839,
    "eval_steps_per_second": 37.822
}