{
    "epoch": 3.0,
    "eval_accuracy": 0.5235109925270081,
    "eval_loss": 0.690092921257019,
    "eval_runtime": 0.7317,
    "eval_samples": 638,
    "eval_samples_per_second": 871.942,
    "eval_steps_per_second": 27.334
}