{
    "epoch": 15.0,
    "eval_gen_len": 2.9993333333333334,
    "eval_loss": 1.0800395011901855,
    "eval_pearson": 78.7402,
    "eval_runtime": 2.6925,
    "eval_samples": 1500,
    "eval_samples_per_second": 557.101,
    "eval_spearmanr": 78.6374,
    "eval_steps_per_second": 8.914
}