{
    "epoch": 3.0,
    "eval_accuracy": 0.8273724852672221,
    "eval_loss": 0.7089326977729797,
    "eval_runtime": 26.2519,
    "eval_samples": 9842,
    "eval_samples_per_second": 374.906,
    "eval_steps_per_second": 11.732
}