{
    "epoch": 3.0,
    "eval_accuracy": 0.6700000166893005,
    "eval_loss": 0.6096930503845215,
    "eval_runtime": 0.2002,
    "eval_samples": 100,
    "eval_samples_per_second": 499.593,
    "eval_steps_per_second": 19.984
}