{
    "epoch": 3.0,
    "eval_accuracy": 0.6363636255264282,
    "eval_loss": 1.089804768562317,
    "eval_runtime": 0.6809,
    "eval_samples": 638,
    "eval_samples_per_second": 937.041,
    "eval_steps_per_second": 29.374
}