{
    "epoch": 3.0,
    "eval_accuracy": 0.5669205784797668,
    "eval_loss": 0.6902803778648376,
    "eval_runtime": 8.0698,
    "eval_samples": 1838,
    "eval_samples_per_second": 227.762,
    "eval_steps_per_second": 7.187
}