{
    "epoch": 3.0,
    "eval_accuracy": 0.7300000190734863,
    "eval_loss": 0.5618419647216797,
    "eval_runtime": 0.1277,
    "eval_samples": 100,
    "eval_samples_per_second": 782.845,
    "eval_steps_per_second": 31.314
}