{
    "epoch": 3.0,
    "eval_accuracy": 0.7395833134651184,
    "eval_loss": 0.4724256098270416,
    "eval_runtime": 1.2413,
    "eval_samples": 384,
    "eval_samples_per_second": 309.351,
    "eval_steps_per_second": 9.667
}