{
    "epoch": 3.0,
    "eval_combined_score": 0.8763019280452993,
    "eval_loss": 0.654585599899292,
    "eval_pearson": 0.8760346914418141,
    "eval_runtime": 3.7144,
    "eval_samples": 1500,
    "eval_samples_per_second": 403.837,
    "eval_spearmanr": 0.8765691646487843,
    "eval_steps_per_second": 12.654
}