{
    "epoch": 3.0,
    "eval_accuracy": 0.7604166865348816,
    "eval_loss": 0.4774070978164673,
    "eval_runtime": 1.2493,
    "eval_samples": 384,
    "eval_samples_per_second": 307.383,
    "eval_steps_per_second": 9.606
}