{
    "epoch": 3.0,
    "eval_accuracy": 0.5177584886550903,
    "eval_loss": 0.6979554891586304,
    "eval_runtime": 1.8969,
    "eval_samples": 1267,
    "eval_samples_per_second": 667.938,
    "eval_steps_per_second": 21.087
}