{
    "epoch": 15.0,
    "eval_gen_len": 2.9966666666666666,
    "eval_loss": 1.062313437461853,
    "eval_pearson": 83.8464,
    "eval_runtime": 6.1951,
    "eval_samples": 1500,
    "eval_samples_per_second": 242.127,
    "eval_spearmanr": 83.4893,
    "eval_steps_per_second": 7.587
}