{
    "epoch": 3.0,
    "eval_accuracy": 0.8455061321618158,
    "eval_loss": 0.6759570837020874,
    "eval_runtime": 13.5522,
    "eval_samples": 5463,
    "eval_samples_per_second": 403.108,
    "eval_steps_per_second": 12.618
}