{
    "epoch": 3.0,
    "eval_combined_score": 0.8813984076231556,
    "eval_loss": 0.555471658706665,
    "eval_pearson": 0.8818063112513114,
    "eval_runtime": 4.1705,
    "eval_samples": 1500,
    "eval_samples_per_second": 359.666,
    "eval_spearmanr": 0.8809905039949999,
    "eval_steps_per_second": 45.078
}