{
    "epoch": 10.0,
    "eval_gen_len": 2.9953333333333334,
    "eval_loss": 1.3817991018295288,
    "eval_pearson": 82.3734,
    "eval_runtime": 6.8265,
    "eval_samples": 1500,
    "eval_samples_per_second": 219.732,
    "eval_spearmanr": 82.3535,
    "eval_steps_per_second": 3.516
}