{
    "epoch": 10.0,
    "eval_gen_len": 2.9966666666666666,
    "eval_loss": 1.3426963090896606,
    "eval_pearson": 81.5197,
    "eval_runtime": 5.8927,
    "eval_samples": 1500,
    "eval_samples_per_second": 254.55,
    "eval_spearmanr": 81.2487,
    "eval_steps_per_second": 4.073
}