{
    "epoch": 3.0,
    "eval_accuracy": 0.554858922958374,
    "eval_loss": 0.7537887692451477,
    "eval_runtime": 0.681,
    "eval_samples": 638,
    "eval_samples_per_second": 936.846,
    "eval_steps_per_second": 29.368
}