{
    "epoch": 3.0,
    "eval_accuracy": 0.7256317689530686,
    "eval_loss": 0.7994805574417114,
    "eval_runtime": 1.6988,
    "eval_samples": 277,
    "eval_samples_per_second": 163.054,
    "eval_steps_per_second": 5.298
}