{
    "epoch": 3.0,
    "eval_accuracy": 0.6346153616905212,
    "eval_loss": 0.6738722920417786,
    "eval_runtime": 0.2671,
    "eval_samples": 104,
    "eval_samples_per_second": 389.419,
    "eval_steps_per_second": 14.978
}