{
    "epoch": 3.0,
    "eval_accuracy": 0.7058823529411765,
    "eval_combined_score": 0.7639204049572351,
    "eval_f1": 0.8219584569732937,
    "eval_loss": 0.6054226160049438,
    "eval_runtime": 1.0007,
    "eval_samples": 408,
    "eval_samples_per_second": 407.714,
    "eval_steps_per_second": 12.991
}