{
    "epoch": 15.0,
    "eval_gen_len": 2.998666666666667,
    "eval_loss": 1.0852633714675903,
    "eval_pearson": 84.0031,
    "eval_runtime": 5.9343,
    "eval_samples": 1500,
    "eval_samples_per_second": 252.769,
    "eval_spearmanr": 83.5359,
    "eval_steps_per_second": 7.92
}