{
    "epoch": 3.0,
    "eval_accuracy": 0.91648,
    "eval_loss": 0.4249550700187683,
    "eval_runtime": 130.1683,
    "eval_samples": 25000,
    "eval_samples_per_second": 192.059,
    "eval_steps_per_second": 6.008
}