{
    "epoch": 3.0,
    "eval_accuracy": 0.928680981595092,
    "eval_loss": 0.3844609558582306,
    "eval_runtime": 2.7704,
    "eval_samples": 1304,
    "eval_samples_per_second": 470.698,
    "eval_steps_per_second": 14.8
}