{
    "epoch": 3.0,
    "eval_accuracy": 0.6200000047683716,
    "eval_loss": 0.6904085278511047,
    "eval_runtime": 0.1288,
    "eval_samples": 100,
    "eval_samples_per_second": 776.664,
    "eval_steps_per_second": 31.067
}