{
    "epoch": 3.0,
    "eval_accuracy": 0.6771997561471246,
    "eval_loss": 0.8295580148696899,
    "eval_runtime": 24.4293,
    "eval_samples": 9842,
    "eval_samples_per_second": 402.876,
    "eval_steps_per_second": 12.608
}