{
    "epoch": 3.0,
    "eval_accuracy": 0.3778894543647766,
    "eval_loss": 1.3696317672729492,
    "eval_runtime": 37.2322,
    "eval_samples": 2985,
    "eval_samples_per_second": 80.173,
    "eval_steps_per_second": 2.525
}