{
    "epoch": 3.0,
    "eval_accuracy": 0.7927776403660648,
    "eval_combined_score": 0.7604441197222028,
    "eval_f1": 0.7281105990783409,
    "eval_loss": 0.6300625801086426,
    "eval_runtime": 101.9645,
    "eval_samples": 40430,
    "eval_samples_per_second": 396.51,
    "eval_steps_per_second": 12.396
}