{
    "epoch": 10.0,
    "eval_gen_len": 3.0193333333333334,
    "eval_loss": 1.2919374704360962,
    "eval_pearson": 84.6781,
    "eval_runtime": 6.7392,
    "eval_samples": 1500,
    "eval_samples_per_second": 222.578,
    "eval_spearmanr": 84.5292,
    "eval_steps_per_second": 3.561
}