{
    "epoch": 3.0,
    "eval_accuracy": 0.5011839270591736,
    "eval_loss": 0.6931161284446716,
    "eval_runtime": 1.9097,
    "eval_samples": 1267,
    "eval_samples_per_second": 663.472,
    "eval_steps_per_second": 20.946
}