{
    "epoch": 3.0,
    "eval_accuracy": 0.8295808164012447,
    "eval_loss": 0.5618599653244019,
    "eval_runtime": 13.6526,
    "eval_samples": 5463,
    "eval_samples_per_second": 400.144,
    "eval_steps_per_second": 12.525
}