{
    "epoch": 3.0,
    "eval_accuracy": 0.6346153616905212,
    "eval_loss": 0.688384473323822,
    "eval_runtime": 0.2922,
    "eval_samples": 104,
    "eval_samples_per_second": 355.911,
    "eval_steps_per_second": 13.689
}