{
    "epoch": 3.0,
    "eval_accuracy": 0.7075812274368231,
    "eval_loss": 1.3055387735366821,
    "eval_runtime": 1.6836,
    "eval_samples": 277,
    "eval_samples_per_second": 164.525,
    "eval_steps_per_second": 5.346
}