{
    "epoch": 3.0,
    "eval_accuracy": 0.5527747273445129,
    "eval_loss": 0.6892911791801453,
    "eval_runtime": 7.9667,
    "eval_samples": 1838,
    "eval_samples_per_second": 230.711,
    "eval_steps_per_second": 7.28
}