{
    "epoch": 3.0,
    "eval_accuracy": 0.5375407934188843,
    "eval_loss": 0.6940540671348572,
    "eval_runtime": 7.8535,
    "eval_samples": 1838,
    "eval_samples_per_second": 234.035,
    "eval_steps_per_second": 7.385
}