{
    "epoch": 15.0,
    "eval_gen_len": 2.9993333333333334,
    "eval_loss": 1.003919243812561,
    "eval_pearson": 86.8264,
    "eval_runtime": 21.5855,
    "eval_samples": 1500,
    "eval_samples_per_second": 69.491,
    "eval_spearmanr": 86.9459,
    "eval_steps_per_second": 4.355
}