{
    "epoch": 3.0,
    "eval_accuracy": 0.7635666584219639,
    "eval_combined_score": 0.7297684441882409,
    "eval_f1": 0.695970229954518,
    "eval_loss": 0.62401282787323,
    "eval_runtime": 97.4176,
    "eval_samples": 40430,
    "eval_samples_per_second": 415.018,
    "eval_steps_per_second": 12.975
}