{
    "epoch": 3.0,
    "eval_accuracy": 0.405322402715683,
    "eval_loss": 1.083217740058899,
    "eval_runtime": 5.3864,
    "eval_samples": 1954,
    "eval_samples_per_second": 362.764,
    "eval_steps_per_second": 11.51
}