{
    "epoch": 3.0,
    "eval_accuracy": 0.31490787863731384,
    "eval_loss": 1.3397513628005981,
    "eval_runtime": 36.985,
    "eval_samples": 2985,
    "eval_samples_per_second": 80.708,
    "eval_steps_per_second": 2.542
}