{
    "epoch": 3.0,
    "eval_accuracy": 0.3316583037376404,
    "eval_loss": 1.3573063611984253,
    "eval_runtime": 37.1683,
    "eval_samples": 2985,
    "eval_samples_per_second": 80.31,
    "eval_steps_per_second": 2.529
}