{
    "epoch": 3.0,
    "eval_accuracy": 0.7395833134651184,
    "eval_loss": 0.538443922996521,
    "eval_runtime": 1.2767,
    "eval_samples": 384,
    "eval_samples_per_second": 300.771,
    "eval_steps_per_second": 9.399
}