{
    "epoch": 3.0,
    "eval_accuracy": 0.7818627450980392,
    "eval_combined_score": 0.8140747231535101,
    "eval_f1": 0.8462867012089811,
    "eval_loss": 0.6186394691467285,
    "eval_runtime": 1.0699,
    "eval_samples": 408,
    "eval_samples_per_second": 381.331,
    "eval_steps_per_second": 47.666
}