{
    "epoch": 3.0,
    "eval_accuracy": 0.7875092752906258,
    "eval_combined_score": 0.7563294208938652,
    "eval_f1": 0.7251495664971047,
    "eval_loss": 0.6144760251045227,
    "eval_runtime": 101.3337,
    "eval_samples": 40430,
    "eval_samples_per_second": 398.979,
    "eval_steps_per_second": 12.474
}