{
    "epoch": 3.0,
    "eval_accuracy": 0.38166666666666665,
    "eval_loss": 1.1488845348358154,
    "eval_runtime": 3.8179,
    "eval_samples": 1200,
    "eval_samples_per_second": 314.31,
    "eval_steps_per_second": 9.953
}