{
    "epoch": 10.0,
    "eval_gen_len": 2.994666666666667,
    "eval_loss": 1.4677319526672363,
    "eval_pearson": 83.6102,
    "eval_runtime": 7.1884,
    "eval_samples": 1500,
    "eval_samples_per_second": 208.669,
    "eval_spearmanr": 83.4943,
    "eval_steps_per_second": 3.339
}