{
    "epoch": 3.0,
    "eval_accuracy": 0.6346153616905212,
    "eval_loss": 0.6795017719268799,
    "eval_runtime": 0.2538,
    "eval_samples": 104,
    "eval_samples_per_second": 409.775,
    "eval_steps_per_second": 15.761
}