{
    "epoch": 3.0,
    "eval_accuracy": 0.883840024471283,
    "eval_loss": 0.4145691394805908,
    "eval_runtime": 139.8991,
    "eval_samples": 25000,
    "eval_samples_per_second": 178.7,
    "eval_steps_per_second": 5.59
}