{
    "epoch": 3.0,
    "eval_accuracy": 0.8145707486728904,
    "eval_loss": 0.639602541923523,
    "eval_runtime": 13.6497,
    "eval_samples": 5463,
    "eval_samples_per_second": 400.229,
    "eval_steps_per_second": 12.528
}