{
    "epoch": 15.0,
    "eval_gen_len": 2.994666666666667,
    "eval_loss": 1.2061618566513062,
    "eval_pearson": 81.7819,
    "eval_runtime": 6.3577,
    "eval_samples": 1500,
    "eval_samples_per_second": 235.936,
    "eval_spearmanr": 81.4117,
    "eval_steps_per_second": 7.393
}