{
    "epoch": 3.0,
    "eval_accuracy": 0.4964483082294464,
    "eval_loss": 0.6949440836906433,
    "eval_runtime": 3.0902,
    "eval_samples": 1267,
    "eval_samples_per_second": 410.007,
    "eval_steps_per_second": 12.944
}