{
    "epoch": 3.0,
    "eval_accuracy": 0.4344933331012726,
    "eval_loss": 1.1329172849655151,
    "eval_runtime": 5.5311,
    "eval_samples": 1954,
    "eval_samples_per_second": 353.275,
    "eval_steps_per_second": 11.209
}