{
    "epoch": 3.0,
    "eval_accuracy": 0.7916666666666666,
    "eval_combined_score": 0.8255853994490358,
    "eval_f1": 0.8595041322314049,
    "eval_loss": 0.5371795892715454,
    "eval_runtime": 1.0957,
    "eval_samples": 408,
    "eval_samples_per_second": 372.371,
    "eval_steps_per_second": 11.865
}