{
    "epoch": 3.0,
    "eval_accuracy": 0.8357843137254902,
    "eval_combined_score": 0.8577485302918295,
    "eval_f1": 0.8797127468581688,
    "eval_loss": 0.7401055097579956,
    "eval_runtime": 1.3051,
    "eval_samples": 408,
    "eval_samples_per_second": 312.629,
    "eval_steps_per_second": 9.961
}