{
    "epoch": 3.0,
    "eval_accuracy": 0.6655151391993497,
    "eval_loss": 0.8179125785827637,
    "eval_runtime": 26.277,
    "eval_samples": 9842,
    "eval_samples_per_second": 374.548,
    "eval_steps_per_second": 46.847
}