{
    "epoch": 3.0,
    "eval_accuracy": 0.6346153616905212,
    "eval_loss": 0.686507523059845,
    "eval_runtime": 0.2718,
    "eval_samples": 104,
    "eval_samples_per_second": 382.631,
    "eval_steps_per_second": 14.717
}