{
    "epoch": 3.0,
    "eval_accuracy": 0.8068826652022698,
    "eval_loss": 0.5974854230880737,
    "eval_runtime": 14.482,
    "eval_samples": 5463,
    "eval_samples_per_second": 377.227,
    "eval_steps_per_second": 11.808
}