{
    "epoch": 3.0,
    "eval_accuracy": 0.6333333253860474,
    "eval_loss": 0.6501367092132568,
    "eval_runtime": 25.8303,
    "eval_samples": 3270,
    "eval_samples_per_second": 126.595,
    "eval_steps_per_second": 3.988
}