{
    "epoch": 3.0,
    "eval_combined_score": 0.887706589665012,
    "eval_loss": 0.5462040305137634,
    "eval_pearson": 0.8877401511563292,
    "eval_runtime": 4.024,
    "eval_samples": 1500,
    "eval_samples_per_second": 372.768,
    "eval_spearmanr": 0.887673028173695,
    "eval_steps_per_second": 11.68
}