{
    "epoch": 3.0,
    "eval_accuracy": 0.7965860597439545,
    "eval_loss": 0.6694855093955994,
    "eval_runtime": 24.4237,
    "eval_samples": 9842,
    "eval_samples_per_second": 402.969,
    "eval_steps_per_second": 12.611
}