{
    "epoch": 3.0,
    "eval_accuracy": 0.5989583134651184,
    "eval_loss": 0.6924643516540527,
    "eval_runtime": 1.2408,
    "eval_samples": 384,
    "eval_samples_per_second": 309.481,
    "eval_steps_per_second": 9.671
}