{
    "epoch": 3.0,
    "eval_accuracy": 0.6346153616905212,
    "eval_loss": 0.6625498533248901,
    "eval_runtime": 0.2638,
    "eval_samples": 104,
    "eval_samples_per_second": 394.294,
    "eval_steps_per_second": 15.165
}