{
    "epoch": 3.0,
    "eval_accuracy": 0.6667344035765088,
    "eval_loss": 0.7939285039901733,
    "eval_runtime": 25.7983,
    "eval_samples": 9842,
    "eval_samples_per_second": 381.499,
    "eval_steps_per_second": 47.716
}