{
    "epoch": 3.0,
    "eval_accuracy": 0.4467758536338806,
    "eval_loss": 1.0773937702178955,
    "eval_runtime": 5.4618,
    "eval_samples": 1954,
    "eval_samples_per_second": 357.758,
    "eval_steps_per_second": 11.352
}