{
    "epoch": 3.0,
    "eval_combined_score": 0.8890126450471687,
    "eval_loss": 0.5477002859115601,
    "eval_pearson": 0.8896114251111091,
    "eval_runtime": 4.3672,
    "eval_samples": 1500,
    "eval_samples_per_second": 343.469,
    "eval_spearmanr": 0.8884138649832282,
    "eval_steps_per_second": 10.762
}