{
    "epoch": 3.0,
    "eval_accuracy": 0.42528146505355835,
    "eval_loss": 1.0977972745895386,
    "eval_runtime": 5.6841,
    "eval_samples": 1954,
    "eval_samples_per_second": 343.763,
    "eval_steps_per_second": 10.908
}