{
    "epoch": 3.0,
    "eval_accuracy": 0.45701125264167786,
    "eval_loss": 1.104554295539856,
    "eval_runtime": 5.3676,
    "eval_samples": 1954,
    "eval_samples_per_second": 364.036,
    "eval_steps_per_second": 11.551
}