{
    "epoch": 3.0,
    "eval_accuracy": 0.5846394896507263,
    "eval_loss": 0.7248468399047852,
    "eval_runtime": 0.6772,
    "eval_samples": 638,
    "eval_samples_per_second": 942.063,
    "eval_steps_per_second": 29.532
}