{
    "epoch": 3.0,
    "eval_accuracy": 0.5415162454873647,
    "eval_loss": 0.7504370808601379,
    "eval_runtime": 30.3989,
    "eval_samples": 277,
    "eval_samples_per_second": 9.112,
    "eval_steps_per_second": 0.296
}