{
    "epoch": 3.0,
    "eval_accuracy": 0.6200000047683716,
    "eval_loss": 0.653171181678772,
    "eval_runtime": 0.1294,
    "eval_samples": 100,
    "eval_samples_per_second": 772.561,
    "eval_steps_per_second": 30.902
}