{
    "epoch": 15.0,
    "eval_gen_len": 2.994666666666667,
    "eval_loss": 1.1986544132232666,
    "eval_pearson": 83.3219,
    "eval_runtime": 2.4045,
    "eval_samples": 1500,
    "eval_samples_per_second": 623.837,
    "eval_spearmanr": 82.6365,
    "eval_steps_per_second": 9.981
}