{
    "epoch": 3.0,
    "eval_accuracy": 0.5015674233436584,
    "eval_loss": 0.693057119846344,
    "eval_runtime": 0.6853,
    "eval_samples": 638,
    "eval_samples_per_second": 930.993,
    "eval_steps_per_second": 29.185
}