{
    "epoch": 3.0,
    "eval_accuracy": 0.5631768953068592,
    "eval_loss": 0.7200233340263367,
    "eval_runtime": 1.6906,
    "eval_samples": 277,
    "eval_samples_per_second": 163.848,
    "eval_steps_per_second": 5.324
}