{
    "epoch": 3.0,
    "eval_accuracy": 0.8058619836754884,
    "eval_combined_score": 0.7746751664839745,
    "eval_f1": 0.7434883492924605,
    "eval_loss": 0.75016850233078,
    "eval_runtime": 100.8737,
    "eval_samples": 40430,
    "eval_samples_per_second": 400.798,
    "eval_steps_per_second": 12.531
}