{
    "epoch": 3.0,
    "eval_accuracy": 0.8422112392458356,
    "eval_loss": 0.6537126898765564,
    "eval_runtime": 15.2475,
    "eval_samples": 5463,
    "eval_samples_per_second": 358.288,
    "eval_steps_per_second": 44.794
}