{
    "epoch": 3.0,
    "eval_accuracy": 0.8405811826864459,
    "eval_loss": 0.7412106990814209,
    "eval_runtime": 25.9314,
    "eval_samples": 9842,
    "eval_samples_per_second": 379.54,
    "eval_steps_per_second": 11.878
}