{
    "epoch": 3.0,
    "eval_accuracy": 0.7382389314865199,
    "eval_combined_score": 0.7188823912706441,
    "eval_f1": 0.6995258510547683,
    "eval_loss": 0.6988787055015564,
    "eval_runtime": 99.8862,
    "eval_samples": 40430,
    "eval_samples_per_second": 404.761,
    "eval_steps_per_second": 12.654
}