{
    "epoch": 3.0,
    "eval_accuracy": 0.5379061371841155,
    "eval_loss": 0.6883494853973389,
    "eval_runtime": 1.7713,
    "eval_samples": 277,
    "eval_samples_per_second": 156.381,
    "eval_steps_per_second": 5.081
}