{
    "epoch": 3.0,
    "eval_accuracy": 0.791095720999258,
    "eval_combined_score": 0.767251591208099,
    "eval_f1": 0.74340746141694,
    "eval_loss": 0.6922134757041931,
    "eval_runtime": 99.6872,
    "eval_samples": 40430,
    "eval_samples_per_second": 405.569,
    "eval_steps_per_second": 12.68
}