{
    "epoch": 15.0,
    "eval_gen_len": 2.9913333333333334,
    "eval_loss": 1.3905564546585083,
    "eval_pearson": 83.4085,
    "eval_runtime": 2.8275,
    "eval_samples": 1500,
    "eval_samples_per_second": 530.498,
    "eval_spearmanr": 82.9822,
    "eval_steps_per_second": 8.488
}