{
    "epoch": 3.0,
    "eval_accuracy": 0.7320306702943359,
    "eval_combined_score": 0.7021716475299639,
    "eval_f1": 0.6723126247655918,
    "eval_loss": 0.5350731611251831,
    "eval_runtime": 104.4413,
    "eval_samples": 40430,
    "eval_samples_per_second": 387.107,
    "eval_steps_per_second": 12.102
}