{
    "epoch": 3.0,
    "eval_accuracy": 0.5821545124053955,
    "eval_loss": 0.688010573387146,
    "eval_runtime": 2.7853,
    "eval_samples": 1838,
    "eval_samples_per_second": 659.9,
    "eval_steps_per_second": 20.824
}