{
    "epoch": 3.0,
    "eval_accuracy": 0.5473340749740601,
    "eval_loss": 0.6909615397453308,
    "eval_runtime": 7.7957,
    "eval_samples": 1838,
    "eval_samples_per_second": 235.771,
    "eval_steps_per_second": 7.44
}