{
    "epoch": 3.0,
    "eval_accuracy": 0.4729241877256318,
    "eval_loss": 0.6935129165649414,
    "eval_runtime": 1.6869,
    "eval_samples": 277,
    "eval_samples_per_second": 164.209,
    "eval_steps_per_second": 5.335
}