{
    "epoch": 3.0,
    "eval_accuracy": 0.6290519833564758,
    "eval_loss": 0.7413935661315918,
    "eval_runtime": 25.6601,
    "eval_samples": 3270,
    "eval_samples_per_second": 127.435,
    "eval_steps_per_second": 4.014
}