{
    "epoch": 15.0,
    "eval_gen_len": 2.9993333333333334,
    "eval_loss": 0.9518552422523499,
    "eval_pearson": 87.031,
    "eval_runtime": 20.9216,
    "eval_samples": 1500,
    "eval_samples_per_second": 71.696,
    "eval_spearmanr": 87.7735,
    "eval_steps_per_second": 4.493
}