{
    "epoch": 3.0,
    "eval_combined_score": 0.8443599994476376,
    "eval_loss": 0.8611299395561218,
    "eval_pearson": 0.8448466780951264,
    "eval_runtime": 4.3914,
    "eval_samples": 1500,
    "eval_samples_per_second": 341.574,
    "eval_spearmanr": 0.8438733208001489,
    "eval_steps_per_second": 42.811
}