{
    "epoch": 3.0,
    "eval_accuracy": 0.8555347091932458,
    "eval_loss": 0.6752856373786926,
    "eval_runtime": 1.9485,
    "eval_samples": 1066,
    "eval_samples_per_second": 547.101,
    "eval_steps_per_second": 17.45
}