{
    "epoch": 3.0,
    "eval_accuracy": 0.8583489681050657,
    "eval_loss": 0.7166470885276794,
    "eval_runtime": 1.7447,
    "eval_samples": 1066,
    "eval_samples_per_second": 610.983,
    "eval_steps_per_second": 19.487
}