{
    "epoch": 3.0,
    "eval_accuracy": 0.79215928765768,
    "eval_combined_score": 0.7657075955463439,
    "eval_f1": 0.7392559034350079,
    "eval_loss": 0.6800675988197327,
    "eval_runtime": 100.115,
    "eval_samples": 40430,
    "eval_samples_per_second": 403.836,
    "eval_steps_per_second": 12.625
}