{
    "epoch": 3.0,
    "eval_accuracy": 0.6371055245399475,
    "eval_loss": 0.6611176133155823,
    "eval_runtime": 7.9447,
    "eval_samples": 1838,
    "eval_samples_per_second": 231.351,
    "eval_steps_per_second": 7.301
}