{
    "epoch": 3.0,
    "eval_accuracy": 0.7772810404389352,
    "eval_loss": 0.6312217116355896,
    "eval_runtime": 25.7567,
    "eval_samples": 9842,
    "eval_samples_per_second": 382.114,
    "eval_steps_per_second": 11.958
}