{
    "epoch": 15.0,
    "eval_gen_len": 2.997333333333333,
    "eval_loss": 1.0302907228469849,
    "eval_pearson": 82.8946,
    "eval_runtime": 5.8844,
    "eval_samples": 1500,
    "eval_samples_per_second": 254.91,
    "eval_spearmanr": 82.4495,
    "eval_steps_per_second": 7.987
}