{
    "epoch": 3.0,
    "eval_accuracy": 0.8067542213883677,
    "eval_loss": 0.6050485968589783,
    "eval_runtime": 1.1087,
    "eval_samples": 1066,
    "eval_samples_per_second": 961.492,
    "eval_steps_per_second": 30.667
}