{
    "epoch": 3.0,
    "eval_accuracy": 0.873358348968105,
    "eval_loss": 0.5865806937217712,
    "eval_runtime": 1.7464,
    "eval_samples": 1066,
    "eval_samples_per_second": 610.407,
    "eval_steps_per_second": 19.469
}