{
    "epoch": 3.0,
    "eval_accuracy": 0.7578778135048232,
    "eval_combined_score": 0.7312160926395936,
    "eval_f1": 0.7045543717743641,
    "eval_loss": 0.568436324596405,
    "eval_runtime": 99.9832,
    "eval_samples": 40430,
    "eval_samples_per_second": 404.368,
    "eval_steps_per_second": 12.642
}