{
    "epoch": 3.0,
    "eval_accuracy": 0.8089819142450722,
    "eval_loss": 0.535639762878418,
    "eval_runtime": 24.094,
    "eval_samples": 9842,
    "eval_samples_per_second": 408.484,
    "eval_steps_per_second": 12.783
}