{
    "epoch": 3.0,
    "eval_accuracy": 0.7449418748454119,
    "eval_combined_score": 0.7167664015768401,
    "eval_f1": 0.6885909283082684,
    "eval_loss": 0.7089266180992126,
    "eval_runtime": 101.4666,
    "eval_samples": 40430,
    "eval_samples_per_second": 398.456,
    "eval_steps_per_second": 12.457
}