{
    "epoch": 3.0,
    "eval_combined_score": 0.8283375326842937,
    "eval_loss": 0.8262293338775635,
    "eval_pearson": 0.819765725207243,
    "eval_runtime": 4.0001,
    "eval_samples": 1500,
    "eval_samples_per_second": 374.994,
    "eval_spearmanr": 0.8369093401613444,
    "eval_steps_per_second": 46.999
}