{
    "epoch": 3.0,
    "eval_accuracy": 0.4956590235233307,
    "eval_loss": 0.6946477293968201,
    "eval_runtime": 3.1146,
    "eval_samples": 1267,
    "eval_samples_per_second": 406.796,
    "eval_steps_per_second": 12.843
}