{
    "epoch": 3.0,
    "eval_accuracy": 0.6785714030265808,
    "eval_loss": 0.7206906080245972,
    "eval_runtime": 0.139,
    "eval_samples": 56,
    "eval_samples_per_second": 402.797,
    "eval_steps_per_second": 14.386
}