{
    "epoch": 3.0,
    "eval_accuracy": 0.24455611407756805,
    "eval_loss": 1.386021375656128,
    "eval_runtime": 39.4333,
    "eval_samples": 2985,
    "eval_samples_per_second": 75.697,
    "eval_steps_per_second": 2.384
}