{
    "epoch": 3.0,
    "eval_accuracy": 0.5286458134651184,
    "eval_loss": 0.6926791667938232,
    "eval_runtime": 1.3967,
    "eval_samples": 384,
    "eval_samples_per_second": 274.936,
    "eval_steps_per_second": 8.592
}