{
    "epoch": 3.0,
    "eval_accuracy": 0.906441717791411,
    "eval_loss": 0.5118247270584106,
    "eval_runtime": 2.1451,
    "eval_samples": 1304,
    "eval_samples_per_second": 607.885,
    "eval_steps_per_second": 19.113
}