{
    "epoch": 3.0,
    "eval_accuracy": 0.7843137254901961,
    "eval_combined_score": 0.8146920740127037,
    "eval_f1": 0.8450704225352113,
    "eval_loss": 0.6065678000450134,
    "eval_runtime": 1.1313,
    "eval_samples": 408,
    "eval_samples_per_second": 360.639,
    "eval_steps_per_second": 11.491
}