{
    "epoch": 3.0,
    "eval_accuracy": 0.8054415038337868,
    "eval_combined_score": 0.7742920685313134,
    "eval_f1": 0.74314263322884,
    "eval_loss": 0.6548126935958862,
    "eval_runtime": 106.6723,
    "eval_samples": 40430,
    "eval_samples_per_second": 379.011,
    "eval_steps_per_second": 11.849
}