{
    "epoch": 3.0,
    "eval_accuracy": 0.3382442592968909,
    "eval_loss": 1.0985636711120605,
    "eval_runtime": 24.1241,
    "eval_samples": 9842,
    "eval_samples_per_second": 407.974,
    "eval_steps_per_second": 12.767
}