{
    "epoch": 3.0,
    "eval_accuracy": 0.3587512671947479,
    "eval_loss": 1.0966782569885254,
    "eval_runtime": 5.5916,
    "eval_samples": 1954,
    "eval_samples_per_second": 349.454,
    "eval_steps_per_second": 11.088
}