{
    "epoch": 3.0,
    "eval_accuracy": 0.7843137254901961,
    "eval_combined_score": 0.8149638802889577,
    "eval_f1": 0.8456140350877194,
    "eval_loss": 0.5786497592926025,
    "eval_runtime": 1.0996,
    "eval_samples": 408,
    "eval_samples_per_second": 371.06,
    "eval_steps_per_second": 46.383
}