{
    "epoch": 3.0,
    "eval_accuracy": 0.7075797602113392,
    "eval_loss": 0.7524674534797668,
    "eval_runtime": 24.4748,
    "eval_samples": 9842,
    "eval_samples_per_second": 402.128,
    "eval_steps_per_second": 12.584
}