{
    "epoch": 3.0,
    "eval_accuracy": 0.2660824656486511,
    "eval_loss": 1.3868584632873535,
    "eval_runtime": 42.376,
    "eval_samples": 10042,
    "eval_samples_per_second": 236.974,
    "eval_steps_per_second": 7.41
}