{
    "epoch": 3.0,
    "eval_accuracy": 0.6346153616905212,
    "eval_loss": 0.6764205098152161,
    "eval_runtime": 0.2605,
    "eval_samples": 104,
    "eval_samples_per_second": 399.265,
    "eval_steps_per_second": 15.356
}