{
    "epoch": 3.0,
    "eval_accuracy": 0.6678700361010831,
    "eval_loss": 0.6741139888763428,
    "eval_runtime": 1.6958,
    "eval_samples": 277,
    "eval_samples_per_second": 163.342,
    "eval_steps_per_second": 5.307
}