{
    "epoch": 3.0,
    "eval_accuracy": 0.7799999713897705,
    "eval_loss": 0.5628475546836853,
    "eval_runtime": 0.13,
    "eval_samples": 100,
    "eval_samples_per_second": 769.294,
    "eval_steps_per_second": 30.772
}