{
    "epoch": 3.0,
    "eval_accuracy": 0.6901041865348816,
    "eval_loss": 0.6052878499031067,
    "eval_runtime": 1.2789,
    "eval_samples": 384,
    "eval_samples_per_second": 300.249,
    "eval_steps_per_second": 9.383
}