{
    "epoch": 3.0,
    "eval_accuracy": 0.90564,
    "eval_loss": 0.4077405035495758,
    "eval_runtime": 132.8735,
    "eval_samples": 25000,
    "eval_samples_per_second": 188.149,
    "eval_steps_per_second": 5.885
}