{
    "epoch": 10.0,
    "eval_gen_len": 2.998666666666667,
    "eval_loss": 1.2538435459136963,
    "eval_pearson": 82.5804,
    "eval_runtime": 6.0745,
    "eval_samples": 1500,
    "eval_samples_per_second": 246.932,
    "eval_spearmanr": 82.7189,
    "eval_steps_per_second": 3.951
}