{
    "epoch": 3.0,
    "eval_accuracy": 0.91256,
    "eval_loss": 0.4344994127750397,
    "eval_runtime": 129.8434,
    "eval_samples": 25000,
    "eval_samples_per_second": 192.54,
    "eval_steps_per_second": 6.023
}