{
    "epoch": 3.0,
    "eval_accuracy": 0.5363357067108154,
    "eval_loss": 1.0524319410324097,
    "eval_runtime": 5.8241,
    "eval_samples": 1954,
    "eval_samples_per_second": 335.503,
    "eval_steps_per_second": 10.645
}