{
    "epoch": 3.0,
    "eval_accuracy": 0.6050156950950623,
    "eval_loss": 0.9985119104385376,
    "eval_runtime": 0.6967,
    "eval_samples": 638,
    "eval_samples_per_second": 915.715,
    "eval_steps_per_second": 28.706
}