{
    "epoch": 3.0,
    "eval_accuracy": 0.5654941201210022,
    "eval_loss": 1.1936701536178589,
    "eval_runtime": 38.5868,
    "eval_samples": 2985,
    "eval_samples_per_second": 77.358,
    "eval_steps_per_second": 2.436
}