{
    "epoch": 3.0,
    "eval_accuracy": 0.29964151978492737,
    "eval_loss": 1.3722188472747803,
    "eval_runtime": 93.8975,
    "eval_samples": 10042,
    "eval_samples_per_second": 106.946,
    "eval_steps_per_second": 3.344
}