{
    "epoch": 3.0,
    "eval_accuracy": 0.5899999737739563,
    "eval_loss": 0.6920665502548218,
    "eval_runtime": 0.1258,
    "eval_samples": 100,
    "eval_samples_per_second": 794.739,
    "eval_steps_per_second": 31.79
}