{
    "epoch": 3.0,
    "eval_accuracy": 0.45087000727653503,
    "eval_loss": 1.082285761833191,
    "eval_runtime": 5.4369,
    "eval_samples": 1954,
    "eval_samples_per_second": 359.394,
    "eval_steps_per_second": 11.403
}