{
    "epoch": 3.0,
    "eval_accuracy": 0.7686618847390552,
    "eval_combined_score": 0.7422701264273666,
    "eval_f1": 0.7158783681156778,
    "eval_loss": 0.7233545780181885,
    "eval_runtime": 107.0291,
    "eval_samples": 40430,
    "eval_samples_per_second": 377.748,
    "eval_steps_per_second": 11.81
}