{
    "epoch": 5.0,
    "eval_gen_len": 2.998666666666667,
    "eval_loss": 0.9961552619934082,
    "eval_pearson": 84.9353,
    "eval_runtime": 17.37,
    "eval_samples": 1500,
    "eval_samples_per_second": 86.356,
    "eval_spearmanr": 85.6967,
    "eval_steps_per_second": 2.706
}