{
    "epoch": 3.0,
    "eval_accuracy": 0.4729241877256318,
    "eval_loss": 0.6938738822937012,
    "eval_runtime": 1.6706,
    "eval_samples": 277,
    "eval_samples_per_second": 165.811,
    "eval_steps_per_second": 5.387
}