{
    "epoch": 3.0,
    "eval_accuracy": 0.5505985021591187,
    "eval_loss": 0.6896292567253113,
    "eval_runtime": 7.7413,
    "eval_samples": 1838,
    "eval_samples_per_second": 237.428,
    "eval_steps_per_second": 7.492
}