{
    "epoch": 3.0,
    "eval_accuracy": 0.6346153616905212,
    "eval_loss": 0.6748321056365967,
    "eval_runtime": 0.2857,
    "eval_samples": 104,
    "eval_samples_per_second": 364.034,
    "eval_steps_per_second": 14.001
}