{
    "epoch": 15.0,
    "eval_gen_len": 2.997333333333333,
    "eval_loss": 1.2213771343231201,
    "eval_pearson": 79.6872,
    "eval_runtime": 2.8205,
    "eval_samples": 1500,
    "eval_samples_per_second": 531.829,
    "eval_spearmanr": 79.3116,
    "eval_steps_per_second": 8.509
}