{
    "epoch": 3.0,
    "eval_accuracy": 0.7924202397886608,
    "eval_loss": 0.7206851840019226,
    "eval_runtime": 26.2169,
    "eval_samples": 9842,
    "eval_samples_per_second": 375.407,
    "eval_steps_per_second": 46.954
}