{
    "epoch": 3.0,
    "eval_accuracy": 0.630094051361084,
    "eval_loss": 1.1153922080993652,
    "eval_runtime": 0.6855,
    "eval_samples": 638,
    "eval_samples_per_second": 930.723,
    "eval_steps_per_second": 29.176
}