{
    "epoch": 3.0,
    "eval_accuracy": 0.7244648337364197,
    "eval_loss": 1.1604266166687012,
    "eval_runtime": 25.832,
    "eval_samples": 3270,
    "eval_samples_per_second": 126.587,
    "eval_steps_per_second": 3.987
}