{
    "epoch": 3.0,
    "eval_accuracy": 0.7900568884491714,
    "eval_combined_score": 0.7616532085237686,
    "eval_f1": 0.7332495285983659,
    "eval_loss": 0.6230226159095764,
    "eval_runtime": 100.4223,
    "eval_samples": 40430,
    "eval_samples_per_second": 402.6,
    "eval_steps_per_second": 12.587
}