{
    "epoch": 3.0,
    "eval_combined_score": 0.85831441963928,
    "eval_loss": 0.6841527223587036,
    "eval_pearson": 0.8553980642048866,
    "eval_runtime": 4.1062,
    "eval_samples": 1500,
    "eval_samples_per_second": 365.299,
    "eval_spearmanr": 0.8612307750736734,
    "eval_steps_per_second": 45.784
}