{
    "epoch": 3.0,
    "eval_accuracy": 0.7505070492208756,
    "eval_combined_score": 0.734314583713414,
    "eval_f1": 0.7181221182059523,
    "eval_loss": 0.7413734197616577,
    "eval_runtime": 100.7329,
    "eval_samples": 40430,
    "eval_samples_per_second": 401.358,
    "eval_steps_per_second": 12.548
}