{
    "epoch": 3.0,
    "eval_accuracy": 0.7215434083601286,
    "eval_combined_score": 0.6979520813639125,
    "eval_f1": 0.6743607543676964,
    "eval_loss": 0.5455739498138428,
    "eval_runtime": 101.0934,
    "eval_samples": 40430,
    "eval_samples_per_second": 399.927,
    "eval_steps_per_second": 12.503
}