{
    "epoch": 3.0,
    "eval_accuracy": 0.7678571343421936,
    "eval_loss": 0.6890620589256287,
    "eval_runtime": 0.1393,
    "eval_samples": 56,
    "eval_samples_per_second": 402.148,
    "eval_steps_per_second": 14.362
}