{
    "epoch": 3.0,
    "eval_accuracy": 0.43584588170051575,
    "eval_loss": 1.3431570529937744,
    "eval_runtime": 37.7609,
    "eval_samples": 2985,
    "eval_samples_per_second": 79.05,
    "eval_steps_per_second": 2.489
}