{
    "epoch": 3.0,
    "eval_accuracy": 0.5288082361221313,
    "eval_loss": 0.7082757353782654,
    "eval_runtime": 1.7312,
    "eval_samples": 1267,
    "eval_samples_per_second": 731.861,
    "eval_steps_per_second": 23.105
}