{
    "epoch": 3.0,
    "eval_accuracy": 0.8035714030265808,
    "eval_loss": 0.684748649597168,
    "eval_runtime": 0.1693,
    "eval_samples": 56,
    "eval_samples_per_second": 330.783,
    "eval_steps_per_second": 11.814
}