{"eval_accuracy": 60.709999999999994, "eval_f1": 57.620000000000005}