{
    "epoch": 3.0,
    "eval_accuracy": 0.8284313725490197,
    "eval_combined_score": 0.8540782292298363,
    "eval_f1": 0.8797250859106529,
    "eval_loss": 0.4586974084377289,
    "eval_runtime": 1.0647,
    "eval_samples": 408,
    "eval_samples_per_second": 383.208,
    "eval_steps_per_second": 12.21
}