{
    "epoch": 3.0,
    "eval_accuracy": 0.3179645538330078,
    "eval_loss": 1.3622125387191772,
    "eval_runtime": 92.345,
    "eval_samples": 10042,
    "eval_samples_per_second": 108.744,
    "eval_steps_per_second": 3.4
}