{
    "epoch": 3.0,
    "eval_accuracy": 0.5831804275512695,
    "eval_loss": 0.7770372629165649,
    "eval_runtime": 36.9322,
    "eval_samples": 3270,
    "eval_samples_per_second": 88.541,
    "eval_steps_per_second": 2.789
}