{
    "epoch": 3.0,
    "eval_accuracy": 0.8583489681050657,
    "eval_loss": 0.7603493928909302,
    "eval_runtime": 0.901,
    "eval_samples": 1066,
    "eval_samples_per_second": 1183.117,
    "eval_steps_per_second": 37.735
}