{
    "epoch": 10.0,
    "eval_gen_len": 2.9926666666666666,
    "eval_loss": 1.3490912914276123,
    "eval_pearson": 86.7831,
    "eval_runtime": 7.0228,
    "eval_samples": 1500,
    "eval_samples_per_second": 213.59,
    "eval_spearmanr": 86.5442,
    "eval_steps_per_second": 3.417
}