{
    "epoch": 3.0,
    "eval_accuracy": 0.91972,
    "eval_loss": 0.4538470208644867,
    "eval_runtime": 129.8831,
    "eval_samples": 25000,
    "eval_samples_per_second": 192.481,
    "eval_steps_per_second": 6.021
}