{
    "epoch": 3.0,
    "eval_accuracy": 0.4651995897293091,
    "eval_loss": 1.0919222831726074,
    "eval_runtime": 5.5924,
    "eval_samples": 1954,
    "eval_samples_per_second": 349.401,
    "eval_steps_per_second": 11.086
}