{
    "epoch": 3.0,
    "eval_accuracy": 0.9090800285339355,
    "eval_loss": 0.39065420627593994,
    "eval_runtime": 128.8461,
    "eval_samples": 25000,
    "eval_samples_per_second": 194.03,
    "eval_steps_per_second": 6.069
}