{
    "epoch": 3.0,
    "eval_accuracy": 0.5971786975860596,
    "eval_loss": 0.6982260346412659,
    "eval_runtime": 0.6803,
    "eval_samples": 638,
    "eval_samples_per_second": 937.815,
    "eval_steps_per_second": 29.399
}