{
    "epoch": 3.0,
    "eval_accuracy": 0.8005194162750433,
    "eval_combined_score": 0.7739401266445542,
    "eval_f1": 0.7473608370140651,
    "eval_loss": 0.6559337377548218,
    "eval_runtime": 99.8862,
    "eval_samples": 40430,
    "eval_samples_per_second": 404.761,
    "eval_steps_per_second": 12.654
}