{
    "epoch": 3.0,
    "eval_combined_score": 0.8136197678249079,
    "eval_loss": 0.8681674599647522,
    "eval_pearson": 0.8114768452945198,
    "eval_runtime": 4.1604,
    "eval_samples": 1500,
    "eval_samples_per_second": 360.543,
    "eval_spearmanr": 0.8157626903552959,
    "eval_steps_per_second": 45.188
}