{
    "epoch": 3.0,
    "eval_accuracy": 0.795993074449666,
    "eval_combined_score": 0.769218121036974,
    "eval_f1": 0.7424431676242818,
    "eval_loss": 0.5973478555679321,
    "eval_runtime": 99.8882,
    "eval_samples": 40430,
    "eval_samples_per_second": 404.753,
    "eval_steps_per_second": 12.654
}