{
    "epoch": 3.0,
    "eval_accuracy": 0.91624,
    "eval_loss": 0.41962704062461853,
    "eval_runtime": 129.6509,
    "eval_samples": 25000,
    "eval_samples_per_second": 192.826,
    "eval_steps_per_second": 6.032
}