{
    "epoch": 3.0,
    "eval_accuracy": 0.4626407325267792,
    "eval_loss": 1.0674892663955688,
    "eval_runtime": 5.62,
    "eval_samples": 1954,
    "eval_samples_per_second": 347.684,
    "eval_steps_per_second": 11.032
}