{
    "epoch": 5.0,
    "eval_gen_len": 2.9726666666666666,
    "eval_loss": 0.9387184381484985,
    "eval_pearson": 88.003,
    "eval_runtime": 12.2875,
    "eval_samples": 1500,
    "eval_samples_per_second": 122.075,
    "eval_spearmanr": 88.0461,
    "eval_steps_per_second": 3.825
}