{
    "epoch": 3.0,
    "eval_accuracy": 0.5299999713897705,
    "eval_loss": 0.6773836612701416,
    "eval_runtime": 0.1239,
    "eval_samples": 100,
    "eval_samples_per_second": 807.181,
    "eval_steps_per_second": 32.287
}