{
    "epoch": 3.0,
    "eval_accuracy": 0.7842938412070245,
    "eval_combined_score": 0.7561490414281387,
    "eval_f1": 0.7280042416492529,
    "eval_loss": 0.7291767597198486,
    "eval_runtime": 109.0747,
    "eval_samples": 40430,
    "eval_samples_per_second": 370.663,
    "eval_steps_per_second": 46.335
}