{
    "epoch": 3.0,
    "eval_accuracy": 0.6217125654220581,
    "eval_loss": 0.6637021899223328,
    "eval_runtime": 25.4712,
    "eval_samples": 3270,
    "eval_samples_per_second": 128.38,
    "eval_steps_per_second": 4.044
}