{
    "epoch": 10.0,
    "eval_gen_len": 2.9926666666666666,
    "eval_loss": 1.2301806211471558,
    "eval_pearson": 86.9881,
    "eval_runtime": 6.1713,
    "eval_samples": 1500,
    "eval_samples_per_second": 243.061,
    "eval_spearmanr": 86.9179,
    "eval_steps_per_second": 3.889
}