{
    "epoch": 3.0,
    "eval_accuracy": 0.8214285969734192,
    "eval_loss": 0.6284308433532715,
    "eval_runtime": 0.1369,
    "eval_samples": 56,
    "eval_samples_per_second": 409.069,
    "eval_steps_per_second": 14.61
}