{
    "epoch": 3.0,
    "eval_accuracy": 0.765625,
    "eval_loss": 0.4922957718372345,
    "eval_runtime": 1.3208,
    "eval_samples": 384,
    "eval_samples_per_second": 290.738,
    "eval_steps_per_second": 9.086
}