{
    "epoch": 3.0,
    "eval_accuracy": 0.7400611639022827,
    "eval_loss": 1.2183561325073242,
    "eval_runtime": 36.7126,
    "eval_samples": 3270,
    "eval_samples_per_second": 89.07,
    "eval_steps_per_second": 2.806
}