{
    "epoch": 3.0,
    "eval_accuracy": 0.6346153616905212,
    "eval_loss": 0.6824813485145569,
    "eval_runtime": 0.2609,
    "eval_samples": 104,
    "eval_samples_per_second": 398.55,
    "eval_steps_per_second": 15.329
}