{
    "epoch": 3.0,
    "eval_accuracy": 0.8080385852090032,
    "eval_combined_score": 0.7823773378068463,
    "eval_f1": 0.7567160904046893,
    "eval_loss": 0.876747727394104,
    "eval_runtime": 110.8234,
    "eval_samples": 40430,
    "eval_samples_per_second": 364.815,
    "eval_steps_per_second": 45.604
}