{
    "epoch": 3.0,
    "eval_accuracy": 0.32916666666666666,
    "eval_loss": 1.158584713935852,
    "eval_runtime": 4.0518,
    "eval_samples": 1200,
    "eval_samples_per_second": 296.165,
    "eval_steps_per_second": 9.379
}