{
    "epoch": 3.0,
    "eval_accuracy": 0.6346153616905212,
    "eval_loss": 0.6692731380462646,
    "eval_runtime": 0.2577,
    "eval_samples": 104,
    "eval_samples_per_second": 403.513,
    "eval_steps_per_second": 15.52
}