{
    "epoch": 3.0,
    "eval_accuracy": 0.550000011920929,
    "eval_loss": 0.6927765011787415,
    "eval_runtime": 0.1246,
    "eval_samples": 100,
    "eval_samples_per_second": 802.318,
    "eval_steps_per_second": 32.093
}