{
    "epoch": 20.0,
    "eval_average_metrics": 72.33045357555478,
    "eval_loss": 1.0475214719772339,
    "eval_pearson": 71.12278958570464,
    "eval_runtime": 7.6864,
    "eval_samples_per_second": 195.151,
    "eval_spearmanr": 73.53811756540493
}