{
    "epoch": 3.0,
    "eval_accuracy": 0.5081883072853088,
    "eval_loss": 1.0494292974472046,
    "eval_runtime": 5.6475,
    "eval_samples": 1954,
    "eval_samples_per_second": 345.995,
    "eval_steps_per_second": 10.978
}