{
    "epoch": 15.0,
    "eval_gen_len": 2.9953333333333334,
    "eval_loss": 1.0830105543136597,
    "eval_pearson": 83.0924,
    "eval_runtime": 6.0187,
    "eval_samples": 1500,
    "eval_samples_per_second": 249.223,
    "eval_spearmanr": 82.8194,
    "eval_steps_per_second": 7.809
}