{
    "epoch": 20.0,
    "eval_average_metrics": 69.97960970743274,
    "eval_loss": 1.0703438520431519,
    "eval_pearson": 69.92829746404684,
    "eval_runtime": 10.4657,
    "eval_samples_per_second": 143.326,
    "eval_spearmanr": 70.03092195081865
}