{
    "epoch": 3.0,
    "eval_accuracy": 0.5208333134651184,
    "eval_loss": 0.6826828122138977,
    "eval_runtime": 0.3454,
    "eval_samples": 384,
    "eval_samples_per_second": 1111.821,
    "eval_steps_per_second": 34.744
}