{
    "epoch": 3.0,
    "eval_accuracy": 0.2706867754459381,
    "eval_loss": 1.386292815208435,
    "eval_runtime": 37.1555,
    "eval_samples": 2985,
    "eval_samples_per_second": 80.338,
    "eval_steps_per_second": 2.53
}