{
    "epoch": 3.0,
    "eval_accuracy": 0.35333333333333333,
    "eval_loss": 1.2984375953674316,
    "eval_runtime": 3.9065,
    "eval_samples": 1200,
    "eval_samples_per_second": 307.178,
    "eval_steps_per_second": 9.727
}