{
    "epoch": 3.0,
    "eval_accuracy": 0.7099999785423279,
    "eval_loss": 0.5916129946708679,
    "eval_runtime": 0.1308,
    "eval_samples": 100,
    "eval_samples_per_second": 764.246,
    "eval_steps_per_second": 30.57
}