{
    "epoch": 15.0,
    "eval_gen_len": 2.9953333333333334,
    "eval_loss": 1.2749983072280884,
    "eval_pearson": 78.1453,
    "eval_runtime": 3.0448,
    "eval_samples": 1500,
    "eval_samples_per_second": 492.65,
    "eval_spearmanr": 77.6376,
    "eval_steps_per_second": 7.882
}