{
    "epoch": 15.0,
    "eval_gen_len": 2.9993333333333334,
    "eval_loss": 1.0336660146713257,
    "eval_pearson": 85.8231,
    "eval_runtime": 6.22,
    "eval_samples": 1500,
    "eval_samples_per_second": 241.156,
    "eval_spearmanr": 85.371,
    "eval_steps_per_second": 7.556
}