{
    "epoch": 3.0,
    "eval_accuracy": 0.5799999833106995,
    "eval_loss": 0.6931402087211609,
    "eval_runtime": 0.1274,
    "eval_samples": 100,
    "eval_samples_per_second": 784.842,
    "eval_steps_per_second": 31.394
}