{
    "epoch": 3.0,
    "eval_combined_score": 0.8391075749695722,
    "eval_loss": 0.7497750520706177,
    "eval_pearson": 0.8366543297035713,
    "eval_runtime": 4.0629,
    "eval_samples": 1500,
    "eval_samples_per_second": 369.197,
    "eval_spearmanr": 0.8415608202355732,
    "eval_steps_per_second": 11.568
}