{
    "epoch": 3.0,
    "eval_accuracy": 0.8676470588235294,
    "eval_combined_score": 0.8871107266435986,
    "eval_f1": 0.9065743944636677,
    "eval_loss": 0.6029567122459412,
    "eval_runtime": 1.0101,
    "eval_samples": 408,
    "eval_samples_per_second": 403.905,
    "eval_steps_per_second": 12.87
}