{
    "epoch": 3.0,
    "eval_accuracy": 0.8020776651001731,
    "eval_combined_score": 0.7748243215090771,
    "eval_f1": 0.7475709779179811,
    "eval_loss": 0.6722549796104431,
    "eval_runtime": 125.3301,
    "eval_samples": 40430,
    "eval_samples_per_second": 322.588,
    "eval_steps_per_second": 10.085
}