{
    "epoch": 3.0,
    "eval_accuracy": 0.8639774859287055,
    "eval_loss": 0.6626842617988586,
    "eval_runtime": 1.9751,
    "eval_samples": 1066,
    "eval_samples_per_second": 539.723,
    "eval_steps_per_second": 17.214
}