{
    "epoch": 3.0,
    "eval_accuracy": 0.7057291865348816,
    "eval_loss": 0.5179230570793152,
    "eval_runtime": 1.2711,
    "eval_samples": 384,
    "eval_samples_per_second": 302.093,
    "eval_steps_per_second": 9.44
}