{
    "epoch": 3.0,
    "eval_accuracy": 0.8367729831144465,
    "eval_loss": 0.7676087021827698,
    "eval_runtime": 0.6218,
    "eval_samples": 1066,
    "eval_samples_per_second": 1714.49,
    "eval_steps_per_second": 54.684
}