{
    "epoch": 3.0,
    "eval_accuracy": 0.45752301812171936,
    "eval_loss": 1.0734044313430786,
    "eval_runtime": 6.3071,
    "eval_samples": 1954,
    "eval_samples_per_second": 309.81,
    "eval_steps_per_second": 9.83
}