{
    "epoch": 3.0,
    "eval_accuracy": 0.5987460613250732,
    "eval_loss": 0.8140448927879333,
    "eval_runtime": 0.6997,
    "eval_samples": 638,
    "eval_samples_per_second": 911.76,
    "eval_steps_per_second": 28.582
}