{
    "epoch": 3.0,
    "eval_accuracy": 0.6346153616905212,
    "eval_loss": 0.6787119507789612,
    "eval_runtime": 0.2609,
    "eval_samples": 104,
    "eval_samples_per_second": 398.576,
    "eval_steps_per_second": 15.33
}