{
    "epoch": 3.0,
    "eval_accuracy": 0.8382352941176471,
    "eval_combined_score": 0.8622210953346856,
    "eval_f1": 0.8862068965517241,
    "eval_loss": 0.3984583616256714,
    "eval_runtime": 1.0394,
    "eval_samples": 408,
    "eval_samples_per_second": 392.524,
    "eval_steps_per_second": 12.507
}