{
    "epoch": 3.0,
    "eval_accuracy": 0.8020727494411705,
    "eval_loss": 0.581700325012207,
    "eval_runtime": 26.631,
    "eval_samples": 9842,
    "eval_samples_per_second": 369.569,
    "eval_steps_per_second": 11.565
}