{
    "epoch": 3.0,
    "eval_accuracy": 0.5892857313156128,
    "eval_loss": 0.8766130208969116,
    "eval_runtime": 0.1366,
    "eval_samples": 56,
    "eval_samples_per_second": 409.996,
    "eval_steps_per_second": 14.643
}