{
    "epoch": 3.0,
    "eval_combined_score": 0.8629773980823426,
    "eval_loss": 0.7668675184249878,
    "eval_pearson": 0.8611131129083454,
    "eval_runtime": 4.2059,
    "eval_samples": 1500,
    "eval_samples_per_second": 356.645,
    "eval_spearmanr": 0.8648416832563399,
    "eval_steps_per_second": 11.175
}