{
    "epoch": 15.0,
    "eval_gen_len": 2.997333333333333,
    "eval_loss": 1.2965985536575317,
    "eval_pearson": 81.5379,
    "eval_runtime": 2.6246,
    "eval_samples": 1500,
    "eval_samples_per_second": 571.517,
    "eval_spearmanr": 81.1052,
    "eval_steps_per_second": 9.144
}