{
    "epoch": 3.0,
    "eval_accuracy": 0.4406346082687378,
    "eval_loss": 1.0905011892318726,
    "eval_runtime": 5.5728,
    "eval_samples": 1954,
    "eval_samples_per_second": 350.631,
    "eval_steps_per_second": 11.125
}