{
    "epoch": 3.0,
    "eval_accuracy": 0.7107843137254902,
    "eval_combined_score": 0.7651780895844575,
    "eval_f1": 0.819571865443425,
    "eval_loss": 0.6023751497268677,
    "eval_runtime": 1.0394,
    "eval_samples": 408,
    "eval_samples_per_second": 392.537,
    "eval_steps_per_second": 12.507
}