{
    "epoch": 3.0,
    "eval_accuracy": 0.5299999713897705,
    "eval_loss": 0.6852524280548096,
    "eval_runtime": 0.128,
    "eval_samples": 100,
    "eval_samples_per_second": 781.397,
    "eval_steps_per_second": 31.256
}