{
    "epoch": 20.0,
    "eval_average_metrics": 75.03191360110644,
    "eval_loss": 1.0331320762634277,
    "eval_pearson": 74.697947345129,
    "eval_runtime": 8.3749,
    "eval_samples_per_second": 179.107,
    "eval_spearmanr": 75.36587985708388
}