{
    "epoch": 3.0,
    "eval_accuracy": 0.6354740262031555,
    "eval_loss": 1.0855686664581299,
    "eval_runtime": 36.5899,
    "eval_samples": 3270,
    "eval_samples_per_second": 89.369,
    "eval_steps_per_second": 2.815
}