{
    "epoch": 3.0,
    "eval_accuracy": 0.8116250309176354,
    "eval_combined_score": 0.7852909304480569,
    "eval_f1": 0.7589568299784782,
    "eval_loss": 0.551714301109314,
    "eval_runtime": 101.3349,
    "eval_samples": 40430,
    "eval_samples_per_second": 398.974,
    "eval_steps_per_second": 12.473
}