{
    "epoch": 3.0,
    "eval_accuracy": 0.7578125,
    "eval_loss": 0.47507262229919434,
    "eval_runtime": 1.255,
    "eval_samples": 384,
    "eval_samples_per_second": 305.966,
    "eval_steps_per_second": 9.561
}