{
    "epoch": 3.0,
    "eval_accuracy": 0.3268273174762726,
    "eval_loss": 1.3651903867721558,
    "eval_runtime": 92.6942,
    "eval_samples": 10042,
    "eval_samples_per_second": 108.335,
    "eval_steps_per_second": 3.387
}