{
    "epoch": 20.0,
    "eval_average_metrics": 81.37175668414451,
    "eval_loss": 1.0498617887496948,
    "eval_pearson": 81.65379844356121,
    "eval_runtime": 9.9661,
    "eval_samples_per_second": 150.51,
    "eval_spearmanr": 81.0897149247278
}