{
    "epoch": 3.0,
    "eval_accuracy": 0.7752658916646055,
    "eval_combined_score": 0.7547267378866003,
    "eval_f1": 0.7341875841085951,
    "eval_loss": 0.6473870873451233,
    "eval_runtime": 99.5085,
    "eval_samples": 40430,
    "eval_samples_per_second": 406.297,
    "eval_steps_per_second": 12.702
}