{
    "epoch": 3.0,
    "eval_accuracy": 0.5761697292327881,
    "eval_loss": 0.6888759732246399,
    "eval_runtime": 7.8752,
    "eval_samples": 1838,
    "eval_samples_per_second": 233.39,
    "eval_steps_per_second": 7.365
}