{
    "epoch": 3.0,
    "eval_accuracy": 0.8038337867919861,
    "eval_combined_score": 0.7747237702603482,
    "eval_f1": 0.7456137537287102,
    "eval_loss": 0.6974857449531555,
    "eval_runtime": 107.9301,
    "eval_samples": 40430,
    "eval_samples_per_second": 374.594,
    "eval_steps_per_second": 11.711
}