{
    "epoch": 3.0,
    "eval_accuracy": 0.8248215266337178,
    "eval_loss": 0.6712586879730225,
    "eval_runtime": 13.4712,
    "eval_samples": 5463,
    "eval_samples_per_second": 405.531,
    "eval_steps_per_second": 12.694
}