{
    "epoch": 3.0,
    "eval_accuracy": 0.6346153616905212,
    "eval_loss": 0.6848325133323669,
    "eval_runtime": 0.2549,
    "eval_samples": 104,
    "eval_samples_per_second": 408.005,
    "eval_steps_per_second": 15.693
}