{
    "epoch": 15.0,
    "eval_gen_len": 2.9966666666666666,
    "eval_loss": 1.148214340209961,
    "eval_pearson": 85.6092,
    "eval_runtime": 6.2599,
    "eval_samples": 1500,
    "eval_samples_per_second": 239.621,
    "eval_spearmanr": 85.373,
    "eval_steps_per_second": 7.508
}