{
    "epoch": 3.0,
    "eval_accuracy": 0.8214285969734192,
    "eval_loss": 0.6077882051467896,
    "eval_runtime": 0.1382,
    "eval_samples": 56,
    "eval_samples_per_second": 405.258,
    "eval_steps_per_second": 14.473
}