{
    "epoch": 3.0,
    "eval_accuracy": 0.8458722313747026,
    "eval_loss": 0.7120811939239502,
    "eval_runtime": 14.6482,
    "eval_samples": 5463,
    "eval_samples_per_second": 372.947,
    "eval_steps_per_second": 46.627
}