{
    "epoch": 3.0,
    "eval_accuracy": 0.6346153616905212,
    "eval_loss": 0.681082010269165,
    "eval_runtime": 0.2624,
    "eval_samples": 104,
    "eval_samples_per_second": 396.267,
    "eval_steps_per_second": 15.241
}