{
    "epoch": 3.0,
    "eval_accuracy": 0.7328519855595668,
    "eval_loss": 0.7970985174179077,
    "eval_runtime": 1.8222,
    "eval_samples": 277,
    "eval_samples_per_second": 152.013,
    "eval_steps_per_second": 4.939
}