{
    "epoch": 3.0,
    "eval_accuracy": 0.8136555006406736,
    "eval_loss": 0.6179149746894836,
    "eval_runtime": 14.4442,
    "eval_samples": 5463,
    "eval_samples_per_second": 378.214,
    "eval_steps_per_second": 11.839
}