{
    "epoch": 3.0,
    "eval_accuracy": 0.699999988079071,
    "eval_loss": 0.5641432404518127,
    "eval_runtime": 0.1289,
    "eval_samples": 100,
    "eval_samples_per_second": 775.545,
    "eval_steps_per_second": 31.022
}