{
    "epoch": 3.0,
    "eval_accuracy": 0.91704,
    "eval_loss": 0.4230262041091919,
    "eval_runtime": 140.8076,
    "eval_samples": 25000,
    "eval_samples_per_second": 177.547,
    "eval_steps_per_second": 5.554
}