{
    "epoch": 3.0,
    "eval_combined_score": 0.8904889009317629,
    "eval_loss": 0.4971029460430145,
    "eval_pearson": 0.8912568096448775,
    "eval_runtime": 4.2365,
    "eval_samples": 1500,
    "eval_samples_per_second": 354.069,
    "eval_spearmanr": 0.8897209922186484,
    "eval_steps_per_second": 44.377
}