{
    "epoch": 3.0,
    "eval_accuracy": 0.8019539945584961,
    "eval_combined_score": 0.7720024152748024,
    "eval_f1": 0.7420508359911085,
    "eval_loss": 0.7755621075630188,
    "eval_runtime": 101.0031,
    "eval_samples": 40430,
    "eval_samples_per_second": 400.285,
    "eval_steps_per_second": 12.514
}