{
    "epoch": 3.0,
    "eval_accuracy": 0.8357843137254902,
    "eval_combined_score": 0.8610160957422018,
    "eval_f1": 0.8862478777589134,
    "eval_loss": 0.6401015520095825,
    "eval_runtime": 1.0403,
    "eval_samples": 408,
    "eval_samples_per_second": 392.182,
    "eval_steps_per_second": 12.496
}