{
    "epoch": 3.0,
    "eval_accuracy": 0.6800000071525574,
    "eval_loss": 0.6352481842041016,
    "eval_runtime": 0.1255,
    "eval_samples": 100,
    "eval_samples_per_second": 796.771,
    "eval_steps_per_second": 31.871
}