{
    "epoch": 3.0,
    "eval_accuracy": 0.8366564417177914,
    "eval_loss": 0.46917593479156494,
    "eval_runtime": 2.3427,
    "eval_samples": 1304,
    "eval_samples_per_second": 556.623,
    "eval_steps_per_second": 17.501
}