{
    "epoch": 3.0,
    "eval_accuracy": 0.39463987946510315,
    "eval_loss": 1.3745344877243042,
    "eval_runtime": 37.6866,
    "eval_samples": 2985,
    "eval_samples_per_second": 79.206,
    "eval_steps_per_second": 2.494
}