{
    "epoch": 3.0,
    "eval_accuracy": 0.3645687997341156,
    "eval_loss": 1.3315619230270386,
    "eval_runtime": 89.7885,
    "eval_samples": 10042,
    "eval_samples_per_second": 111.841,
    "eval_steps_per_second": 3.497
}