{
    "epoch": 3.0,
    "eval_accuracy": 0.3624790608882904,
    "eval_loss": 1.3437947034835815,
    "eval_runtime": 37.0841,
    "eval_samples": 2985,
    "eval_samples_per_second": 80.493,
    "eval_steps_per_second": 2.535
}