{
    "epoch": 3.0,
    "eval_accuracy": 0.630094051361084,
    "eval_loss": 1.2252488136291504,
    "eval_runtime": 0.7248,
    "eval_samples": 638,
    "eval_samples_per_second": 880.235,
    "eval_steps_per_second": 27.594
}