{
    "epoch": 3.0,
    "eval_accuracy": 0.555956678700361,
    "eval_loss": 0.6931246519088745,
    "eval_runtime": 1.7395,
    "eval_samples": 277,
    "eval_samples_per_second": 159.242,
    "eval_steps_per_second": 5.174
}