{
    "epoch": 3.0,
    "eval_accuracy": 0.766831560722236,
    "eval_combined_score": 0.7358560646174497,
    "eval_f1": 0.7048805685126632,
    "eval_loss": 0.522915780544281,
    "eval_runtime": 101.1261,
    "eval_samples": 40430,
    "eval_samples_per_second": 399.798,
    "eval_steps_per_second": 12.499
}