{
    "epoch": 3.0,
    "eval_accuracy": 0.8634969325153374,
    "eval_loss": 0.5370768308639526,
    "eval_runtime": 2.4897,
    "eval_samples": 1304,
    "eval_samples_per_second": 523.762,
    "eval_steps_per_second": 16.468
}