{
    "epoch": 3.0,
    "eval_accuracy": 0.34624576568603516,
    "eval_loss": 1.38364839553833,
    "eval_runtime": 89.8163,
    "eval_samples": 10042,
    "eval_samples_per_second": 111.806,
    "eval_steps_per_second": 3.496
}