{
    "epoch": 3.0,
    "eval_accuracy": 0.4713408350944519,
    "eval_loss": 1.0697436332702637,
    "eval_runtime": 5.4062,
    "eval_samples": 1954,
    "eval_samples_per_second": 361.438,
    "eval_steps_per_second": 11.468
}