{
    "epoch": 3.0,
    "eval_accuracy": 0.6067278385162354,
    "eval_loss": 0.6980891227722168,
    "eval_runtime": 28.9086,
    "eval_samples": 3270,
    "eval_samples_per_second": 113.115,
    "eval_steps_per_second": 3.563
}