{
    "epoch": 3.0,
    "eval_accuracy": 0.6426331996917725,
    "eval_loss": 0.7634060978889465,
    "eval_runtime": 0.6773,
    "eval_samples": 638,
    "eval_samples_per_second": 941.929,
    "eval_steps_per_second": 29.528
}