{
    "epoch": 3.0,
    "eval_accuracy": 0.32916666666666666,
    "eval_loss": 1.1176025867462158,
    "eval_runtime": 3.8377,
    "eval_samples": 1200,
    "eval_samples_per_second": 312.689,
    "eval_steps_per_second": 9.902
}