{
    "epoch": 3.0,
    "eval_accuracy": 0.5667870036101083,
    "eval_loss": 0.7103262543678284,
    "eval_runtime": 1.7831,
    "eval_samples": 277,
    "eval_samples_per_second": 155.351,
    "eval_steps_per_second": 5.047
}