{
    "epoch": 3.0,
    "eval_accuracy": 0.7364620938628159,
    "eval_loss": 1.2248815298080444,
    "eval_runtime": 1.7778,
    "eval_samples": 277,
    "eval_samples_per_second": 155.811,
    "eval_steps_per_second": 5.062
}