{
    "epoch": 3.0,
    "eval_accuracy": 0.7922334899826862,
    "eval_combined_score": 0.7631211781769036,
    "eval_f1": 0.7340088663711211,
    "eval_loss": 0.8724339604377747,
    "eval_runtime": 108.2512,
    "eval_samples": 40430,
    "eval_samples_per_second": 373.483,
    "eval_steps_per_second": 11.677
}