{
    "epoch": 3.0,
    "eval_combined_score": 0.8868887102919192,
    "eval_loss": 0.509329080581665,
    "eval_pearson": 0.8869277897747998,
    "eval_runtime": 3.9362,
    "eval_samples": 1500,
    "eval_samples_per_second": 381.076,
    "eval_spearmanr": 0.8868496308090386,
    "eval_steps_per_second": 11.94
}