{
    "epoch": 3.0,
    "eval_accuracy": 0.8553921568627451,
    "eval_combined_score": 0.8751114081996434,
    "eval_f1": 0.8948306595365418,
    "eval_loss": 0.5715258121490479,
    "eval_runtime": 1.0442,
    "eval_samples": 408,
    "eval_samples_per_second": 390.739,
    "eval_steps_per_second": 12.45
}