{
    "epoch": 3.0,
    "eval_accuracy": 0.8214285969734192,
    "eval_loss": 0.6218148469924927,
    "eval_runtime": 0.1399,
    "eval_samples": 56,
    "eval_samples_per_second": 400.171,
    "eval_steps_per_second": 14.292
}