{
    "epoch": 3.0,
    "eval_accuracy": 0.25592511892318726,
    "eval_loss": 1.3951579332351685,
    "eval_runtime": 40.5687,
    "eval_samples": 10042,
    "eval_samples_per_second": 247.531,
    "eval_steps_per_second": 7.74
}