{
    "epoch": 3.0,
    "eval_accuracy": 0.34754031896591187,
    "eval_loss": 1.3503748178482056,
    "eval_runtime": 92.9429,
    "eval_samples": 10042,
    "eval_samples_per_second": 108.045,
    "eval_steps_per_second": 3.378
}