{
    "epoch": 3.0,
    "eval_accuracy": 0.5143295526504517,
    "eval_loss": 1.0548802614212036,
    "eval_runtime": 5.4193,
    "eval_samples": 1954,
    "eval_samples_per_second": 360.564,
    "eval_steps_per_second": 11.441
}