{
    "epoch": 3.0,
    "eval_accuracy": 0.5500544309616089,
    "eval_loss": 0.6896384358406067,
    "eval_runtime": 7.8194,
    "eval_samples": 1838,
    "eval_samples_per_second": 235.056,
    "eval_steps_per_second": 7.417
}