{
    "epoch": 3.0,
    "eval_combined_score": 0.8431692841836647,
    "eval_loss": 0.7877994775772095,
    "eval_pearson": 0.8399545846651781,
    "eval_runtime": 3.7795,
    "eval_samples": 1500,
    "eval_samples_per_second": 396.874,
    "eval_spearmanr": 0.8463839837021512,
    "eval_steps_per_second": 12.435
}