{
    "epoch": 3.0,
    "eval_accuracy": 0.6964285969734192,
    "eval_loss": 0.8177667260169983,
    "eval_runtime": 0.1426,
    "eval_samples": 56,
    "eval_samples_per_second": 392.61,
    "eval_steps_per_second": 14.022
}