{
    "epoch": 15.0,
    "eval_gen_len": 2.9926666666666666,
    "eval_loss": 1.1144310235977173,
    "eval_pearson": 84.7206,
    "eval_runtime": 6.1478,
    "eval_samples": 1500,
    "eval_samples_per_second": 243.988,
    "eval_spearmanr": 84.2407,
    "eval_steps_per_second": 7.645
}