{
    "epoch": 3.0,
    "eval_combined_score": 0.8674576910661493,
    "eval_loss": 0.7337588667869568,
    "eval_pearson": 0.8649049230715329,
    "eval_runtime": 3.8378,
    "eval_samples": 1500,
    "eval_samples_per_second": 390.85,
    "eval_spearmanr": 0.8700104590607658,
    "eval_steps_per_second": 12.247
}