{
    "epoch": 3.0,
    "eval_accuracy": 0.8649155722326454,
    "eval_loss": 0.593428909778595,
    "eval_runtime": 0.5857,
    "eval_samples": 1066,
    "eval_samples_per_second": 1820.064,
    "eval_steps_per_second": 58.051
}