{
    "epoch": 3.0,
    "eval_accuracy": 0.8268350723045945,
    "eval_loss": 0.5324610471725464,
    "eval_runtime": 14.6141,
    "eval_samples": 5463,
    "eval_samples_per_second": 373.816,
    "eval_steps_per_second": 11.701
}