{
    "epoch": 3.0,
    "eval_accuracy": 0.8217096833241808,
    "eval_loss": 0.4610809087753296,
    "eval_runtime": 14.8474,
    "eval_samples": 5463,
    "eval_samples_per_second": 367.943,
    "eval_steps_per_second": 11.517
}