{
    "epoch": 3.0,
    "eval_accuracy": 0.6346153616905212,
    "eval_loss": 0.6696779727935791,
    "eval_runtime": 0.2578,
    "eval_samples": 104,
    "eval_samples_per_second": 403.353,
    "eval_steps_per_second": 15.514
}