{
    "epoch": 15.0,
    "eval_gen_len": 2.9953333333333334,
    "eval_loss": 1.1153067350387573,
    "eval_pearson": 84.7514,
    "eval_runtime": 6.3145,
    "eval_samples": 1500,
    "eval_samples_per_second": 237.547,
    "eval_spearmanr": 84.3991,
    "eval_steps_per_second": 7.443
}