{
    "epoch": 3.0,
    "eval_accuracy": 0.6346153616905212,
    "eval_loss": 0.6782582998275757,
    "eval_runtime": 0.2586,
    "eval_samples": 104,
    "eval_samples_per_second": 402.133,
    "eval_steps_per_second": 15.467
}