{
    "epoch": 15.0,
    "eval_gen_len": 2.9966666666666666,
    "eval_loss": 1.0980380773544312,
    "eval_pearson": 83.2711,
    "eval_runtime": 8.3392,
    "eval_samples": 1500,
    "eval_samples_per_second": 179.874,
    "eval_spearmanr": 82.8286,
    "eval_steps_per_second": 5.636
}