{
    "epoch": 3.0,
    "eval_accuracy": 0.4483111500740051,
    "eval_loss": 1.11716890335083,
    "eval_runtime": 5.528,
    "eval_samples": 1954,
    "eval_samples_per_second": 353.474,
    "eval_steps_per_second": 11.216
}