{
    "epoch": 3.0,
    "eval_accuracy": 0.7578125,
    "eval_loss": 0.46985509991645813,
    "eval_runtime": 1.2753,
    "eval_samples": 384,
    "eval_samples_per_second": 301.103,
    "eval_steps_per_second": 9.409
}