{
    "epoch": 3.0,
    "eval_accuracy": 0.5815047025680542,
    "eval_loss": 0.7518772482872009,
    "eval_runtime": 0.6862,
    "eval_samples": 638,
    "eval_samples_per_second": 929.714,
    "eval_steps_per_second": 29.145
}