{
    "epoch": 3.0,
    "eval_accuracy": 0.7142857313156128,
    "eval_loss": 0.82330322265625,
    "eval_runtime": 0.1396,
    "eval_samples": 56,
    "eval_samples_per_second": 401.152,
    "eval_steps_per_second": 14.327
}