{
    "epoch": 20.0,
    "eval_average_metrics": 75.25875000586217,
    "eval_loss": 1.0882933139801025,
    "eval_pearson": 75.42526581012218,
    "eval_runtime": 10.1288,
    "eval_samples_per_second": 148.093,
    "eval_spearmanr": 75.09223420160214
}