{
    "epoch": 15.0,
    "eval_gen_len": 2.998666666666667,
    "eval_loss": 1.0140928030014038,
    "eval_pearson": 84.7768,
    "eval_runtime": 5.8912,
    "eval_samples": 1500,
    "eval_samples_per_second": 254.616,
    "eval_spearmanr": 84.466,
    "eval_steps_per_second": 7.978
}