{
    "epoch": 3.0,
    "eval_accuracy": 0.8084095968340341,
    "eval_combined_score": 0.7736864995695412,
    "eval_f1": 0.7389634023050481,
    "eval_loss": 0.7596951723098755,
    "eval_runtime": 100.2796,
    "eval_samples": 40430,
    "eval_samples_per_second": 403.173,
    "eval_steps_per_second": 12.605
}