{
    "epoch": 3.0,
    "eval_accuracy": 0.7917448405253283,
    "eval_loss": 0.5676935911178589,
    "eval_runtime": 1.7128,
    "eval_samples": 1066,
    "eval_samples_per_second": 622.363,
    "eval_steps_per_second": 19.85
}