{
    "epoch": 3.0,
    "eval_accuracy": 0.3413735330104828,
    "eval_loss": 1.380773663520813,
    "eval_runtime": 36.8139,
    "eval_samples": 2985,
    "eval_samples_per_second": 81.083,
    "eval_steps_per_second": 2.553
}