{
    "epoch": 3.0,
    "eval_accuracy": 0.515625,
    "eval_loss": 0.6931460499763489,
    "eval_runtime": 1.2424,
    "eval_samples": 384,
    "eval_samples_per_second": 309.084,
    "eval_steps_per_second": 9.659
}