{
    "epoch": 3.0,
    "eval_accuracy": 0.5487364620938628,
    "eval_loss": 0.7004662156105042,
    "eval_runtime": 1.7794,
    "eval_samples": 277,
    "eval_samples_per_second": 155.67,
    "eval_steps_per_second": 5.058
}