{
    "epoch": 3.0,
    "eval_combined_score": 0.8680607703764391,
    "eval_loss": 0.6443974375724792,
    "eval_pearson": 0.8676676219108213,
    "eval_runtime": 4.2905,
    "eval_samples": 1500,
    "eval_samples_per_second": 349.613,
    "eval_spearmanr": 0.8684539188420569,
    "eval_steps_per_second": 10.955
}