{
    "epoch": 3.0,
    "eval_combined_score": 0.8859652150681956,
    "eval_loss": 0.5919339656829834,
    "eval_pearson": 0.8860179316458423,
    "eval_runtime": 3.8467,
    "eval_samples": 1500,
    "eval_samples_per_second": 389.949,
    "eval_spearmanr": 0.8859124984905488,
    "eval_steps_per_second": 12.218
}