{
    "epoch": 3.0,
    "eval_accuracy": 0.8118229037843185,
    "eval_combined_score": 0.7854173118858241,
    "eval_f1": 0.7590117199873297,
    "eval_loss": 0.7512540221214294,
    "eval_runtime": 111.6952,
    "eval_samples": 40430,
    "eval_samples_per_second": 361.967,
    "eval_steps_per_second": 45.248
}