{
    "epoch": 3.0,
    "eval_accuracy": 0.7868319447266816,
    "eval_loss": 0.6394021511077881,
    "eval_runtime": 23.6045,
    "eval_samples": 9842,
    "eval_samples_per_second": 416.955,
    "eval_steps_per_second": 13.048
}