{
    "epoch": 3.0,
    "eval_accuracy": 0.8545966228893058,
    "eval_loss": 0.6653707027435303,
    "eval_runtime": 0.6043,
    "eval_samples": 1066,
    "eval_samples_per_second": 1763.965,
    "eval_steps_per_second": 56.262
}