{
    "epoch": 3.0,
    "eval_accuracy": 0.8602941176470589,
    "eval_combined_score": 0.8809242608960683,
    "eval_f1": 0.9015544041450777,
    "eval_loss": 0.5291991829872131,
    "eval_runtime": 1.1029,
    "eval_samples": 408,
    "eval_samples_per_second": 369.937,
    "eval_steps_per_second": 11.787
}