{
    "epoch": 3.0,
    "eval_accuracy": 0.8035714030265808,
    "eval_loss": 0.5312567353248596,
    "eval_runtime": 0.1466,
    "eval_samples": 56,
    "eval_samples_per_second": 382.116,
    "eval_steps_per_second": 13.647
}