{
    "epoch": 15.0,
    "eval_gen_len": 2.997333333333333,
    "eval_loss": 0.9713793992996216,
    "eval_pearson": 86.4458,
    "eval_runtime": 21.9049,
    "eval_samples": 1500,
    "eval_samples_per_second": 68.478,
    "eval_spearmanr": 85.9899,
    "eval_steps_per_second": 4.291
}