{
    "epoch": 3.0,
    "eval_accuracy": 0.6285266280174255,
    "eval_loss": 0.7735750079154968,
    "eval_runtime": 0.6781,
    "eval_samples": 638,
    "eval_samples_per_second": 940.868,
    "eval_steps_per_second": 29.494
}