{
    "epoch": 3.0,
    "eval_accuracy": 0.5270758122743683,
    "eval_loss": 0.6921219229698181,
    "eval_runtime": 1.8752,
    "eval_samples": 277,
    "eval_samples_per_second": 147.714,
    "eval_steps_per_second": 4.799,
    "train_loss": 0.7000977376302083,
    "train_runtime": 62.2809,
    "train_samples": 1000,
    "train_samples_per_second": 48.169,
    "train_steps_per_second": 6.021
}