{
    "epoch": 3.0,
    "eval_accuracy": 0.7767730136151189,
    "eval_loss": 0.6231385469436646,
    "eval_runtime": 24.4122,
    "eval_samples": 9842,
    "eval_samples_per_second": 403.159,
    "eval_steps_per_second": 12.617
}