{
    "epoch": 3.0,
    "eval_accuracy": 0.5971786975860596,
    "eval_loss": 0.8093307614326477,
    "eval_runtime": 0.6895,
    "eval_samples": 638,
    "eval_samples_per_second": 925.322,
    "eval_steps_per_second": 29.007
}