{
    "epoch": 3.0,
    "eval_accuracy": 0.628158844765343,
    "eval_loss": 0.6943139433860779,
    "eval_runtime": 1.6909,
    "eval_samples": 277,
    "eval_samples_per_second": 163.821,
    "eval_steps_per_second": 5.323
}