{
    "epoch": 3.0,
    "eval_combined_score": 0.8615543557050427,
    "eval_loss": 0.6330541968345642,
    "eval_pearson": 0.862527721481767,
    "eval_runtime": 4.3242,
    "eval_samples": 1500,
    "eval_samples_per_second": 346.883,
    "eval_spearmanr": 0.8605809899283183,
    "eval_steps_per_second": 10.869
}