{
    "epoch": 3.0,
    "eval_accuracy": 0.6253918409347534,
    "eval_loss": 1.513016700744629,
    "eval_runtime": 0.6836,
    "eval_samples": 638,
    "eval_samples_per_second": 933.242,
    "eval_steps_per_second": 29.255
}