{
    "epoch": 3.0,
    "eval_accuracy": 0.24925313889980316,
    "eval_loss": 1.3895970582962036,
    "eval_runtime": 44.2591,
    "eval_samples": 10042,
    "eval_samples_per_second": 226.891,
    "eval_steps_per_second": 7.095
}