{
    "epoch": 20.0,
    "eval_average_metrics": 5.449997587054869,
    "eval_loss": 1.1868962049484253,
    "eval_pearson": 5.468344198832138,
    "eval_runtime": 9.9342,
    "eval_samples_per_second": 150.993,
    "eval_spearmanr": 5.4316509752776
}