{
    "epoch": 3.0,
    "eval_accuracy": 0.24477195739746094,
    "eval_loss": 1.3866372108459473,
    "eval_runtime": 40.2683,
    "eval_samples": 10042,
    "eval_samples_per_second": 249.377,
    "eval_steps_per_second": 7.798
}