{
    "epoch": 3.0,
    "eval_accuracy": 0.9124000072479248,
    "eval_loss": 0.4073745310306549,
    "eval_runtime": 129.4936,
    "eval_samples": 25000,
    "eval_samples_per_second": 193.06,
    "eval_steps_per_second": 6.039
}