{
    "epoch": 3.0,
    "eval_accuracy": 0.7247706651687622,
    "eval_loss": 1.001997947692871,
    "eval_runtime": 25.8198,
    "eval_samples": 3270,
    "eval_samples_per_second": 126.647,
    "eval_steps_per_second": 3.989
}