{
    "epoch": 3.0,
    "eval_accuracy": 0.4782951772212982,
    "eval_loss": 0.6938319206237793,
    "eval_runtime": 1.8907,
    "eval_samples": 1267,
    "eval_samples_per_second": 670.127,
    "eval_steps_per_second": 21.156
}