{
    "epoch": 3.0,
    "eval_accuracy": 0.7975760573831313,
    "eval_combined_score": 0.7586702366082894,
    "eval_f1": 0.7197644158334475,
    "eval_loss": 0.9021700024604797,
    "eval_runtime": 100.4211,
    "eval_samples": 40430,
    "eval_samples_per_second": 402.605,
    "eval_steps_per_second": 12.587
}