{
    "epoch": 3.0,
    "eval_accuracy": 0.27265486121177673,
    "eval_loss": 1.3891468048095703,
    "eval_runtime": 40.1276,
    "eval_samples": 10042,
    "eval_samples_per_second": 250.252,
    "eval_steps_per_second": 7.825
}