{
    "epoch": 3.0,
    "eval_accuracy": 0.4729241877256318,
    "eval_loss": 0.6931750774383545,
    "eval_runtime": 1.6799,
    "eval_samples": 277,
    "eval_samples_per_second": 164.886,
    "eval_steps_per_second": 5.357
}