{
    "epoch": 3.0,
    "eval_accuracy": 0.6200000047683716,
    "eval_loss": 0.6854413747787476,
    "eval_runtime": 0.1301,
    "eval_samples": 100,
    "eval_samples_per_second": 768.792,
    "eval_steps_per_second": 30.752
}