{
    "epoch": 3.0,
    "eval_accuracy": 0.46298158168792725,
    "eval_loss": 1.268407940864563,
    "eval_runtime": 37.3115,
    "eval_samples": 2985,
    "eval_samples_per_second": 80.002,
    "eval_steps_per_second": 2.519
}