{
    "epoch": 3.0,
    "eval_accuracy": 0.6406728029251099,
    "eval_loss": 0.7671476602554321,
    "eval_runtime": 26.385,
    "eval_samples": 3270,
    "eval_samples_per_second": 123.934,
    "eval_steps_per_second": 3.904
}