{
    "epoch": 3.0,
    "eval_accuracy": 0.3021775484085083,
    "eval_loss": 1.3669768571853638,
    "eval_runtime": 36.6057,
    "eval_samples": 2985,
    "eval_samples_per_second": 81.545,
    "eval_steps_per_second": 2.568
}