{
    "epoch": 3.0,
    "eval_accuracy": 0.3121888041496277,
    "eval_loss": 1.370658040046692,
    "eval_runtime": 92.212,
    "eval_samples": 10042,
    "eval_samples_per_second": 108.901,
    "eval_steps_per_second": 3.405
}