{
    "epoch": 3.0,
    "eval_accuracy": 0.9003067484662577,
    "eval_loss": 0.50313800573349,
    "eval_runtime": 2.1611,
    "eval_samples": 1304,
    "eval_samples_per_second": 603.393,
    "eval_steps_per_second": 18.972
}