{
    "epoch": 3.0,
    "eval_accuracy": 0.6346153616905212,
    "eval_loss": 0.6733805537223816,
    "eval_runtime": 0.265,
    "eval_samples": 104,
    "eval_samples_per_second": 392.418,
    "eval_steps_per_second": 15.093
}