{
    "epoch": 3.0,
    "eval_accuracy": 0.8236397748592871,
    "eval_loss": 0.5962250828742981,
    "eval_runtime": 1.7644,
    "eval_samples": 1066,
    "eval_samples_per_second": 604.175,
    "eval_steps_per_second": 19.27
}