{
    "epoch": 3.0,
    "eval_accuracy": 0.530386745929718,
    "eval_loss": 0.7397622466087341,
    "eval_runtime": 1.9268,
    "eval_samples": 1267,
    "eval_samples_per_second": 657.566,
    "eval_steps_per_second": 20.76
}