{
    "epoch": 10.0,
    "eval_gen_len": 2.9806666666666666,
    "eval_loss": 1.2272731065750122,
    "eval_pearson": 86.0944,
    "eval_runtime": 6.0022,
    "eval_samples": 1500,
    "eval_samples_per_second": 249.908,
    "eval_spearmanr": 86.2165,
    "eval_steps_per_second": 3.999
}