{
    "epoch": 3.0,
    "eval_combined_score": 0.8842448905599651,
    "eval_loss": 0.5652994513511658,
    "eval_pearson": 0.8841794403172535,
    "eval_runtime": 4.1563,
    "eval_samples": 1500,
    "eval_samples_per_second": 360.896,
    "eval_spearmanr": 0.8843103408026768,
    "eval_steps_per_second": 45.232
}