{
    "epoch": 10.0,
    "eval_gen_len": 2.990666666666667,
    "eval_loss": 1.264696478843689,
    "eval_pearson": 84.2307,
    "eval_runtime": 6.1071,
    "eval_samples": 1500,
    "eval_samples_per_second": 245.616,
    "eval_spearmanr": 84.2232,
    "eval_steps_per_second": 3.93
}