{
    "epoch": 3.0,
    "eval_accuracy": 0.4653266370296478,
    "eval_loss": 1.350299596786499,
    "eval_runtime": 37.7585,
    "eval_samples": 2985,
    "eval_samples_per_second": 79.055,
    "eval_steps_per_second": 2.49
}