{
    "epoch": 3.0,
    "eval_accuracy": 0.8536585365853658,
    "eval_loss": 0.6312263011932373,
    "eval_runtime": 1.7437,
    "eval_samples": 1066,
    "eval_samples_per_second": 611.338,
    "eval_steps_per_second": 19.499
}