{
    "epoch": 3.0,
    "eval_accuracy": 0.8018055899084838,
    "eval_combined_score": 0.773481747344281,
    "eval_f1": 0.7451579047800783,
    "eval_loss": 0.8193623423576355,
    "eval_runtime": 101.4068,
    "eval_samples": 40430,
    "eval_samples_per_second": 398.691,
    "eval_steps_per_second": 12.465
}