{
    "epoch": 3.0,
    "eval_accuracy": 0.91516,
    "eval_loss": 0.39641323685646057,
    "eval_runtime": 129.2834,
    "eval_samples": 25000,
    "eval_samples_per_second": 193.374,
    "eval_steps_per_second": 6.049
}