{
    "epoch": 3.0,
    "eval_accuracy": 0.8035714030265808,
    "eval_loss": 0.6313223242759705,
    "eval_runtime": 0.1373,
    "eval_samples": 56,
    "eval_samples_per_second": 407.985,
    "eval_steps_per_second": 14.571
}