{
    "epoch": 3.0,
    "eval_accuracy": 0.5501567125320435,
    "eval_loss": 1.0353482961654663,
    "eval_runtime": 0.689,
    "eval_samples": 638,
    "eval_samples_per_second": 925.962,
    "eval_steps_per_second": 29.027
}