{
    "epoch": 3.0,
    "eval_accuracy": 0.32916666666666666,
    "eval_loss": 1.2288624048233032,
    "eval_runtime": 4.0573,
    "eval_samples": 1200,
    "eval_samples_per_second": 295.765,
    "eval_steps_per_second": 9.366
}