{
    "epoch": 3.0,
    "eval_accuracy": 0.8236397748592871,
    "eval_loss": 0.6613644957542419,
    "eval_runtime": 1.753,
    "eval_samples": 1066,
    "eval_samples_per_second": 608.105,
    "eval_steps_per_second": 19.395
}