{
    "epoch": 5.0,
    "eval_gen_len": 2.9713333333333334,
    "eval_loss": 1.0454001426696777,
    "eval_pearson": 84.8378,
    "eval_runtime": 13.2265,
    "eval_samples": 1500,
    "eval_samples_per_second": 113.409,
    "eval_spearmanr": 85.2639,
    "eval_steps_per_second": 3.553
}