{
    "epoch": 3.0,
    "eval_accuracy": 0.5141457915306091,
    "eval_loss": 0.6931470036506653,
    "eval_runtime": 8.1624,
    "eval_samples": 1838,
    "eval_samples_per_second": 225.179,
    "eval_steps_per_second": 7.106
}