{
    "epoch": 3.0,
    "eval_accuracy": 0.8406862745098039,
    "eval_combined_score": 0.8649768680896549,
    "eval_f1": 0.8892674616695059,
    "eval_loss": 0.7628843188285828,
    "eval_runtime": 1.1758,
    "eval_samples": 408,
    "eval_samples_per_second": 347.004,
    "eval_steps_per_second": 11.056
}