{
    "epoch": 3.0,
    "eval_accuracy": 0.8330206378986866,
    "eval_loss": 0.7435476779937744,
    "eval_runtime": 0.8897,
    "eval_samples": 1066,
    "eval_samples_per_second": 1198.09,
    "eval_steps_per_second": 38.213
}