{
    "epoch": 3.0,
    "eval_accuracy": 0.9141104294478528,
    "eval_loss": 0.4315503239631653,
    "eval_runtime": 2.3045,
    "eval_samples": 1304,
    "eval_samples_per_second": 565.84,
    "eval_steps_per_second": 17.791
}