{
    "epoch": 3.0,
    "eval_accuracy": 0.8336079077429983,
    "eval_loss": 0.5744577050209045,
    "eval_runtime": 14.462,
    "eval_samples": 5463,
    "eval_samples_per_second": 377.748,
    "eval_steps_per_second": 11.824
}