{
    "epoch": 3.0,
    "eval_accuracy": 0.49802684783935547,
    "eval_loss": 0.6941473484039307,
    "eval_runtime": 3.1053,
    "eval_samples": 1267,
    "eval_samples_per_second": 408.008,
    "eval_steps_per_second": 12.881
}