{
    "epoch": 3.0,
    "eval_accuracy": 0.6128526926040649,
    "eval_loss": 1.450990080833435,
    "eval_runtime": 0.6801,
    "eval_samples": 638,
    "eval_samples_per_second": 938.13,
    "eval_steps_per_second": 29.408
}