{
    "epoch": 10.0,
    "eval_gen_len": 2.9806666666666666,
    "eval_loss": 1.2571828365325928,
    "eval_pearson": 87.3811,
    "eval_runtime": 5.8881,
    "eval_samples": 1500,
    "eval_samples_per_second": 254.752,
    "eval_spearmanr": 87.5429,
    "eval_steps_per_second": 4.076
}