{
    "epoch": 3.0,
    "eval_accuracy": 0.3458333333333333,
    "eval_loss": 1.1069588661193848,
    "eval_runtime": 3.8283,
    "eval_samples": 1200,
    "eval_samples_per_second": 313.456,
    "eval_steps_per_second": 9.926
}