{
    "epoch": 15.0,
    "eval_gen_len": 2.994666666666667,
    "eval_loss": 1.267293930053711,
    "eval_pearson": 78.6038,
    "eval_runtime": 4.7648,
    "eval_samples": 1500,
    "eval_samples_per_second": 314.807,
    "eval_spearmanr": 78.3377,
    "eval_steps_per_second": 5.037
}