{
    "epoch": 3.0,
    "eval_accuracy": 0.8063725490196079,
    "eval_combined_score": 0.836123456173641,
    "eval_f1": 0.8658743633276741,
    "eval_loss": 0.5111781358718872,
    "eval_runtime": 1.0683,
    "eval_samples": 408,
    "eval_samples_per_second": 381.907,
    "eval_steps_per_second": 47.738
}