{
    "epoch": 20.0,
    "eval_average_metrics": 79.21874245484963,
    "eval_loss": 1.0985801219940186,
    "eval_pearson": 79.86682303594763,
    "eval_runtime": 10.8368,
    "eval_samples_per_second": 138.417,
    "eval_spearmanr": 78.57066187375162
}