{
    "epoch": 20.0,
    "eval_average_metrics": 68.77822214260569,
    "eval_loss": 1.082639455795288,
    "eval_pearson": 68.99945743904338,
    "eval_runtime": 10.4505,
    "eval_samples_per_second": 143.534,
    "eval_spearmanr": 68.55698684616799
}