{
    "epoch": 3.0,
    "eval_accuracy": 0.6262996792793274,
    "eval_loss": 0.6556476354598999,
    "eval_runtime": 27.1855,
    "eval_samples": 3270,
    "eval_samples_per_second": 120.285,
    "eval_steps_per_second": 3.789
}