{
    "epoch": 3.0,
    "eval_accuracy": 0.39095476269721985,
    "eval_loss": 1.4147415161132812,
    "eval_runtime": 37.335,
    "eval_samples": 2985,
    "eval_samples_per_second": 79.952,
    "eval_steps_per_second": 2.518
}