{
    "epoch": 3.0,
    "eval_accuracy": 0.8110066782092505,
    "eval_combined_score": 0.7876848545084554,
    "eval_f1": 0.7643630308076603,
    "eval_loss": 0.7298991680145264,
    "eval_runtime": 109.6754,
    "eval_samples": 40430,
    "eval_samples_per_second": 368.633,
    "eval_steps_per_second": 46.081
}