{
    "epoch": 3.0,
    "eval_accuracy": 0.3360884189605713,
    "eval_loss": 1.3713454008102417,
    "eval_runtime": 92.6588,
    "eval_samples": 10042,
    "eval_samples_per_second": 108.376,
    "eval_steps_per_second": 3.389
}