{
    "epoch": 3.0,
    "eval_accuracy": 0.34833333333333333,
    "eval_loss": 1.1102246046066284,
    "eval_runtime": 3.8634,
    "eval_samples": 1200,
    "eval_samples_per_second": 310.609,
    "eval_steps_per_second": 9.836
}