{
    "epoch": 3.0,
    "eval_combined_score": 0.8705353271024616,
    "eval_loss": 0.6087181568145752,
    "eval_pearson": 0.8704953904844192,
    "eval_runtime": 3.9241,
    "eval_samples": 1500,
    "eval_samples_per_second": 382.253,
    "eval_spearmanr": 0.8705752637205041,
    "eval_steps_per_second": 11.977
}