{
    "epoch": 3.0,
    "eval_accuracy": 0.9045199751853943,
    "eval_loss": 0.4592247009277344,
    "eval_runtime": 127.7754,
    "eval_samples": 25000,
    "eval_samples_per_second": 195.656,
    "eval_steps_per_second": 6.12
}