{
    "epoch": 15.0,
    "eval_gen_len": 2.9833333333333334,
    "eval_loss": 1.2632355690002441,
    "eval_pearson": 82.1095,
    "eval_runtime": 2.5445,
    "eval_samples": 1500,
    "eval_samples_per_second": 589.514,
    "eval_spearmanr": 81.9948,
    "eval_steps_per_second": 9.432
}